timestamp,event,seq_num,details
1780652080.8753183,SEND,0,"START, attempt=1"
1780652080.878214,ACK_RECEIVED,0,ACK
1780652080.8786597,SEND,1,"DATA, attempt=1"
1780652080.87981,ACK_RECEIVED,1,ACK
1780652080.8802269,SEND,2,"DATA, attempt=1"
1780652080.8814778,ACK_RECEIVED,2,ACK
1780652080.8819282,SEND,3,"DATA, attempt=1"
1780652080.8834713,ACK_RECEIVED,3,ACK
1780652080.8839319,SEND,4,"DATA, attempt=1"
1780652080.8866165,ACK_RECEIVED,4,ACK
1780652080.887003,SEND,5,"DATA, attempt=1"
1780652080.8886456,ACK_RECEIVED,5,ACK
1780652080.8890219,SEND,6,"DATA, attempt=1"
1780652080.8903823,ACK_RECEIVED,6,ACK
1780652080.890753,SEND,7,"DATA, attempt=1"
1780652080.8919265,ACK_RECEIVED,7,ACK
1780652080.892208,SEND,8,"DATA, attempt=1"
1780652080.8934226,ACK_RECEIVED,8,ACK
1780652080.8936663,SEND,9,"DATA, attempt=1"
1780652080.8947475,ACK_RECEIVED,9,ACK
1780652080.8950417,SEND,10,"DATA, attempt=1"
1780652080.896402,ACK_RECEIVED,10,ACK
1780652080.896647,SEND,11,"DATA, attempt=1"
1780652080.898722,ACK_RECEIVED,11,ACK
1780652080.8991246,SEND,12,"DATA, attempt=1"
1780652080.9001648,ACK_RECEIVED,12,ACK
1780652080.9004345,SEND,13,"DATA, attempt=1"
1780652080.9012148,ACK_RECEIVED,13,ACK
1780652080.9014654,SEND,14,"DATA, attempt=1"
1780652080.9026597,ACK_RECEIVED,14,ACK
1780652080.9029512,SEND,15,"DATA, attempt=1"
1780652080.905799,ACK_RECEIVED,15,ACK
1780652080.9062645,SEND,16,"DATA, attempt=1"
1780652080.9074423,ACK_RECEIVED,16,ACK
1780652080.9078727,SEND,17,"DATA, attempt=1"
1780652080.9087126,ACK_RECEIVED,17,ACK
1780652080.909,SEND,18,"DATA, attempt=1"
1780652080.9098272,ACK_RECEIVED,18,ACK
1780652080.9100454,SEND,19,"DATA, attempt=1"
1780652080.9107525,ACK_RECEIVED,19,ACK
1780652080.9109666,SEND,20,"DATA, attempt=1"
1780652080.912484,ACK_RECEIVED,20,ACK
1780652080.9126697,SEND,21,"DATA, attempt=1"
1780652080.9134407,ACK_RECEIVED,21,ACK
1780652080.9137497,SEND,22,"DATA, attempt=1"
1780652080.9146767,ACK_RECEIVED,22,ACK
1780652080.9148605,SEND,23,"DATA, attempt=1"
1780652080.9155607,ACK_RECEIVED,23,ACK
1780652080.91579,SEND,24,"DATA, attempt=1"
1780652080.9164836,ACK_RECEIVED,24,ACK
1780652080.9166849,SEND,25,"DATA, attempt=1"
1780652080.918096,ACK_RECEIVED,25,ACK
1780652080.9185033,SEND,26,"DATA, attempt=1"
1780652080.9212637,ACK_RECEIVED,26,ACK
1780652080.9217954,SEND,27,"DATA, attempt=1"
1780652080.9236512,ACK_RECEIVED,27,ACK
1780652080.9240105,SEND,28,"DATA, attempt=1"
1780652080.924712,ACK_RECEIVED,28,ACK
1780652080.9249105,SEND,29,"DATA, attempt=1"
1780652080.925622,ACK_RECEIVED,29,ACK
1780652080.9258332,SEND,30,"DATA, attempt=1"
1780652080.926781,ACK_RECEIVED,30,ACK
1780652080.927023,SEND,31,"DATA, attempt=1"
1780652080.927644,ACK_RECEIVED,31,ACK
1780652080.9278889,SEND,32,"DATA, attempt=1"
1780652080.928402,ACK_RECEIVED,32,ACK
1780652080.9285917,SEND,33,"DATA, attempt=1"
1780652080.9293337,ACK_RECEIVED,33,ACK
1780652080.929541,SEND,34,"DATA, attempt=1"
1780652080.9301798,ACK_RECEIVED,34,ACK
1780652080.930396,SEND,35,"DATA, attempt=1"
1780652080.9314327,ACK_RECEIVED,35,ACK
1780652080.9318225,SEND,36,"DATA, attempt=1"
1780652080.9327626,ACK_RECEIVED,36,ACK
1780652080.9330082,SEND,37,"DATA, attempt=1"
1780652080.9339666,ACK_RECEIVED,37,ACK
1780652080.9343317,SEND,38,"DATA, attempt=1"
1780652080.9349377,ACK_RECEIVED,38,ACK
1780652080.9351153,SEND,39,"DATA, attempt=1"
1780652080.936223,ACK_RECEIVED,39,ACK
1780652080.9370227,SEND,40,"DATA, attempt=1"
1780652080.939632,ACK_RECEIVED,40,ACK
1780652080.9399168,SEND,41,"DATA, attempt=1"
1780652080.940627,ACK_RECEIVED,41,ACK
1780652080.9408257,SEND,42,"DATA, attempt=1"
1780652080.941408,ACK_RECEIVED,42,ACK
1780652080.941687,SEND,43,"DATA, attempt=1"
1780652080.942181,ACK_RECEIVED,43,ACK
1780652080.942397,SEND,44,"DATA, attempt=1"
1780652080.9428663,ACK_RECEIVED,44,ACK
1780652080.9430716,SEND,45,"DATA, attempt=1"
1780652080.9438658,ACK_RECEIVED,45,ACK
1780652080.9441087,SEND,46,"DATA, attempt=1"
1780652080.9449024,ACK_RECEIVED,46,ACK
1780652080.9451308,SEND,47,"DATA, attempt=1"
1780652080.9457805,ACK_RECEIVED,47,ACK
1780652080.9461658,SEND,48,"DATA, attempt=1"
1780652080.9468546,ACK_RECEIVED,48,ACK
1780652080.947223,SEND,49,"DATA, attempt=1"
1780652080.9479835,ACK_RECEIVED,49,ACK
1780652080.948218,SEND,50,"DATA, attempt=1"
1780652080.9492157,ACK_RECEIVED,50,ACK
1780652080.9495158,SEND,51,"DATA, attempt=1"
1780652080.9504907,ACK_RECEIVED,51,ACK
1780652080.9507108,SEND,52,"DATA, attempt=1"
1780652080.9514337,ACK_RECEIVED,52,ACK
1780652080.951616,SEND,53,"DATA, attempt=1"
1780652080.9524903,ACK_RECEIVED,53,ACK
1780652080.953724,SEND,54,"DATA, attempt=1"
1780652080.9557202,ACK_RECEIVED,54,ACK
1780652080.9561276,SEND,55,"DATA, attempt=1"
1780652080.9573991,ACK_RECEIVED,55,ACK
1780652080.957712,SEND,56,"DATA, attempt=1"
1780652080.9583502,ACK_RECEIVED,56,ACK
1780652080.9586859,SEND,57,"DATA, attempt=1"
1780652080.9597015,ACK_RECEIVED,57,ACK
1780652080.960198,SEND,58,"DATA, attempt=1"
1780652080.9609346,ACK_RECEIVED,58,ACK
1780652080.9611723,SEND,59,"DATA, attempt=1"
1780652080.9618134,ACK_RECEIVED,59,ACK
1780652080.962042,SEND,60,"DATA, attempt=1"
1780652080.962927,ACK_RECEIVED,60,ACK
1780652080.9631596,SEND,61,"DATA, attempt=1"
1780652080.9638493,ACK_RECEIVED,61,ACK
1780652080.9640746,SEND,62,"DATA, attempt=1"
1780652080.9646618,ACK_RECEIVED,62,ACK
1780652080.9649456,SEND,63,"DATA, attempt=1"
1780652080.9656537,ACK_RECEIVED,63,ACK
1780652080.9658756,SEND,64,"DATA, attempt=1"
1780652080.9664617,ACK_RECEIVED,64,ACK
1780652080.9666507,SEND,65,"DATA, attempt=1"
1780652080.967293,ACK_RECEIVED,65,ACK
1780652080.967477,SEND,66,"DATA, attempt=1"
1780652080.9685934,ACK_RECEIVED,66,ACK
1780652080.9688792,SEND,67,"DATA, attempt=1"
1780652080.97097,ACK_RECEIVED,67,ACK
1780652080.9712646,SEND,68,"DATA, attempt=1"
1780652080.9727209,ACK_RECEIVED,68,ACK
1780652080.973027,SEND,69,"DATA, attempt=1"
1780652080.9746318,ACK_RECEIVED,69,ACK
1780652080.974887,SEND,70,"DATA, attempt=1"
1780652080.9755716,ACK_RECEIVED,70,ACK
1780652080.9759233,SEND,71,"DATA, attempt=1"
1780652080.9766495,ACK_RECEIVED,71,ACK
1780652080.9769301,SEND,72,"DATA, attempt=1"
1780652080.9775925,ACK_RECEIVED,72,ACK
1780652080.9778023,SEND,73,"DATA, attempt=1"
1780652080.9784117,ACK_RECEIVED,73,ACK
1780652080.9786232,SEND,74,"DATA, attempt=1"
1780652080.9791763,ACK_RECEIVED,74,ACK
1780652080.9793856,SEND,75,"DATA, attempt=1"
1780652080.9806437,ACK_RECEIVED,75,ACK
1780652080.980923,SEND,76,"DATA, attempt=1"
1780652080.9819803,ACK_RECEIVED,76,ACK
1780652080.9822583,SEND,77,"DATA, attempt=1"
1780652080.983156,ACK_RECEIVED,77,ACK
1780652080.9833858,SEND,78,"DATA, attempt=1"
1780652080.9840622,ACK_RECEIVED,78,ACK
1780652080.9842596,SEND,79,"DATA, attempt=1"
1780652080.984837,ACK_RECEIVED,79,ACK
1780652080.985025,SEND,80,"DATA, attempt=1"
1780652080.985505,ACK_RECEIVED,80,ACK
1780652080.9862282,SEND,81,"DATA, attempt=1"
1780652080.9890597,ACK_RECEIVED,81,ACK
1780652080.9893055,SEND,82,"DATA, attempt=1"
1780652080.9900312,ACK_RECEIVED,82,ACK
1780652080.990303,SEND,83,"DATA, attempt=1"
1780652080.99086,ACK_RECEIVED,83,ACK
1780652080.9911094,SEND,84,"DATA, attempt=1"
1780652080.9917128,ACK_RECEIVED,84,ACK
1780652080.9918928,SEND,85,"DATA, attempt=1"
1780652080.9924147,ACK_RECEIVED,85,ACK
1780652080.9925928,SEND,86,"DATA, attempt=1"
1780652080.9933126,ACK_RECEIVED,86,ACK
1780652080.9935315,SEND,87,"DATA, attempt=1"
1780652080.9949238,ACK_RECEIVED,87,ACK
1780652080.9951854,SEND,88,"DATA, attempt=1"
1780652080.9959893,ACK_RECEIVED,88,ACK
1780652080.996202,SEND,89,"DATA, attempt=1"
1780652080.996791,ACK_RECEIVED,89,ACK
1780652080.9969862,SEND,90,"DATA, attempt=1"
1780652080.9975429,ACK_RECEIVED,90,ACK
1780652080.9977498,SEND,91,"DATA, attempt=1"
1780652080.9984412,ACK_RECEIVED,91,ACK
1780652080.9986615,SEND,92,"DATA, attempt=1"
1780652080.999298,ACK_RECEIVED,92,ACK
1780652080.9995146,SEND,93,"DATA, attempt=1"
1780652081.0005922,ACK_RECEIVED,93,ACK
1780652081.000809,SEND,94,"DATA, attempt=1"
1780652081.0014625,ACK_RECEIVED,94,ACK
1780652081.0016513,SEND,95,"DATA, attempt=1"
1780652081.0021756,ACK_RECEIVED,95,ACK
1780652081.0026438,SEND,96,"DATA, attempt=1"
1780652081.0055296,ACK_RECEIVED,96,ACK
1780652081.0058186,SEND,97,"DATA, attempt=1"
1780652081.0072076,ACK_RECEIVED,97,ACK
1780652081.007484,SEND,98,"DATA, attempt=1"
1780652081.0081055,ACK_RECEIVED,98,ACK
1780652081.0083032,SEND,99,"DATA, attempt=1"
1780652081.0088024,ACK_RECEIVED,99,ACK
1780652081.0090299,SEND,100,"DATA, attempt=1"
1780652081.0097754,ACK_RECEIVED,100,ACK
1780652081.0100956,SEND,101,"DATA, attempt=1"
1780652081.0107388,ACK_RECEIVED,101,ACK
1780652081.0109284,SEND,102,"DATA, attempt=1"
1780652081.0114737,ACK_RECEIVED,102,ACK
1780652081.0116544,SEND,103,"DATA, attempt=1"
1780652081.0127375,ACK_RECEIVED,103,ACK
1780652081.0129757,SEND,104,"DATA, attempt=1"
1780652081.0136216,ACK_RECEIVED,104,ACK
1780652081.0138354,SEND,105,"DATA, attempt=1"
1780652081.0145571,ACK_RECEIVED,105,ACK
1780652081.0148294,SEND,106,"DATA, attempt=1"
1780652081.0154228,ACK_RECEIVED,106,ACK
1780652081.0156283,SEND,107,"DATA, attempt=1"
1780652081.016321,ACK_RECEIVED,107,ACK
1780652081.016514,SEND,108,"DATA, attempt=1"
1780652081.017121,ACK_RECEIVED,108,ACK
1780652081.0173485,SEND,109,"DATA, attempt=1"
1780652081.0182385,ACK_RECEIVED,109,ACK
1780652081.0185006,SEND,110,"DATA, attempt=1"
1780652081.019548,ACK_RECEIVED,110,ACK
1780652081.0201652,SEND,111,"DATA, attempt=1"
1780652081.02192,ACK_RECEIVED,111,ACK
1780652081.022351,SEND,112,"DATA, attempt=1"
1780652081.023393,ACK_RECEIVED,112,ACK
1780652081.0236425,SEND,113,"DATA, attempt=1"
1780652081.0246317,ACK_RECEIVED,113,ACK
1780652081.0248735,SEND,114,"DATA, attempt=1"
1780652081.0255983,ACK_RECEIVED,114,ACK
1780652081.0258596,SEND,115,"DATA, attempt=1"
1780652081.026475,ACK_RECEIVED,115,ACK
1780652081.0267045,SEND,116,"DATA, attempt=1"
1780652081.0275214,ACK_RECEIVED,116,ACK
1780652081.027837,SEND,117,"DATA, attempt=1"
1780652081.0285816,ACK_RECEIVED,117,ACK
1780652081.0288343,SEND,118,"DATA, attempt=1"
1780652081.02971,ACK_RECEIVED,118,ACK
1780652081.029969,SEND,119,"DATA, attempt=1"
1780652081.031217,ACK_RECEIVED,119,ACK
1780652081.0314233,SEND,120,"DATA, attempt=1"
1780652081.0321128,ACK_RECEIVED,120,ACK
1780652081.032363,SEND,121,"DATA, attempt=1"
1780652081.033011,ACK_RECEIVED,121,ACK
1780652081.0332036,SEND,122,"DATA, attempt=1"
1780652081.0337083,ACK_RECEIVED,122,ACK
1780652081.0338693,SEND,123,"DATA, attempt=1"
1780652081.0343454,ACK_RECEIVED,123,ACK
1780652081.0345795,SEND,124,"DATA, attempt=1"
1780652081.0352502,ACK_RECEIVED,124,ACK
1780652081.035461,SEND,125,"DATA, attempt=1"
1780652081.0374336,ACK_RECEIVED,125,ACK
1780652081.0382755,SEND,126,"DATA, attempt=1"
1780652081.0394964,ACK_RECEIVED,126,ACK
1780652081.0397537,SEND,127,"DATA, attempt=1"
1780652081.0404875,ACK_RECEIVED,127,ACK
1780652081.0407038,SEND,128,"DATA, attempt=1"
1780652081.0413244,ACK_RECEIVED,128,ACK
1780652081.041568,SEND,129,"DATA, attempt=1"
1780652081.0421784,ACK_RECEIVED,129,ACK
1780652081.042378,SEND,130,"DATA, attempt=1"
1780652081.04295,ACK_RECEIVED,130,ACK
1780652081.0431907,SEND,131,"DATA, attempt=1"
1780652081.04397,ACK_RECEIVED,131,ACK
1780652081.0441768,SEND,132,"DATA, attempt=1"
1780652081.0448227,ACK_RECEIVED,132,ACK
1780652081.0450265,SEND,133,"DATA, attempt=1"
1780652081.0461342,ACK_RECEIVED,133,ACK
1780652081.0463748,SEND,134,"DATA, attempt=1"
1780652081.046928,ACK_RECEIVED,134,ACK
1780652081.047123,SEND,135,"DATA, attempt=1"
1780652081.0476236,ACK_RECEIVED,135,ACK
1780652081.0478048,SEND,136,"DATA, attempt=1"
1780652081.0483131,ACK_RECEIVED,136,ACK
1780652081.0485084,SEND,137,"DATA, attempt=1"
1780652081.049685,ACK_RECEIVED,137,ACK
1780652081.0499053,SEND,138,"DATA, attempt=1"
1780652081.0507274,ACK_RECEIVED,138,ACK
1780652081.0509536,SEND,139,"DATA, attempt=1"
1780652081.0515432,ACK_RECEIVED,139,ACK
1780652081.0517344,SEND,140,"DATA, attempt=1"
1780652081.0523932,ACK_RECEIVED,140,ACK
1780652081.0528135,SEND,141,"DATA, attempt=1"
1780652081.0554988,ACK_RECEIVED,141,ACK
1780652081.0561125,SEND,142,"DATA, attempt=1"
1780652081.0570474,ACK_RECEIVED,142,ACK
1780652081.0572994,SEND,143,"DATA, attempt=1"
1780652081.0579429,ACK_RECEIVED,143,ACK
1780652081.0581183,SEND,144,"DATA, attempt=1"
1780652081.05867,ACK_RECEIVED,144,ACK
1780652081.0588405,SEND,145,"DATA, attempt=1"
1780652081.05937,ACK_RECEIVED,145,ACK
1780652081.059556,SEND,146,"DATA, attempt=1"
1780652081.0601032,ACK_RECEIVED,146,ACK
1780652081.0602884,SEND,147,"DATA, attempt=1"
1780652081.0612977,ACK_RECEIVED,147,ACK
1780652081.0615067,SEND,148,"DATA, attempt=1"
1780652081.0624006,ACK_RECEIVED,148,ACK
1780652081.062625,SEND,149,"DATA, attempt=1"
1780652081.063189,ACK_RECEIVED,149,ACK
1780652081.0633843,SEND,150,"DATA, attempt=1"
1780652081.0639641,ACK_RECEIVED,150,ACK
1780652081.0641909,SEND,151,"DATA, attempt=1"
1780652081.0647554,ACK_RECEIVED,151,ACK
1780652081.0649614,SEND,152,"DATA, attempt=1"
1780652081.065513,ACK_RECEIVED,152,ACK
1780652081.06569,SEND,153,"DATA, attempt=1"
1780652081.0662344,ACK_RECEIVED,153,ACK
1780652081.0664506,SEND,154,"DATA, attempt=1"
1780652081.0672693,ACK_RECEIVED,154,ACK
1780652081.0676386,SEND,155,"DATA, attempt=1"
1780652081.0683293,ACK_RECEIVED,155,ACK
1780652081.0685613,SEND,156,"DATA, attempt=1"
1780652081.0697072,ACK_RECEIVED,156,ACK
1780652081.070515,SEND,157,"DATA, attempt=1"
1780652081.0721762,ACK_RECEIVED,157,ACK
1780652081.0724313,SEND,158,"DATA, attempt=1"
1780652081.0732076,ACK_RECEIVED,158,ACK
1780652081.0734897,SEND,159,"DATA, attempt=1"
1780652081.074627,ACK_RECEIVED,159,ACK
1780652081.0748606,SEND,160,"DATA, attempt=1"
1780652081.0754223,ACK_RECEIVED,160,ACK
1780652081.0756361,SEND,161,"DATA, attempt=1"
1780652081.0762389,ACK_RECEIVED,161,ACK
1780652081.0765266,SEND,162,"DATA, attempt=1"
1780652081.0771306,ACK_RECEIVED,162,ACK
1780652081.077346,SEND,163,"DATA, attempt=1"
1780652081.0778346,ACK_RECEIVED,163,ACK
1780652081.0780463,SEND,164,"DATA, attempt=1"
1780652081.078527,ACK_RECEIVED,164,ACK
1780652081.0787346,SEND,165,"DATA, attempt=1"
1780652081.0801497,ACK_RECEIVED,165,ACK
1780652081.080373,SEND,166,"DATA, attempt=1"
1780652081.081075,ACK_RECEIVED,166,ACK
1780652081.0813224,SEND,167,"DATA, attempt=1"
1780652081.0818326,ACK_RECEIVED,167,ACK
1780652081.082084,SEND,168,"DATA, attempt=1"
1780652081.082543,ACK_RECEIVED,168,ACK
1780652081.0827339,SEND,169,"DATA, attempt=1"
1780652081.0832655,ACK_RECEIVED,169,ACK
1780652081.0834775,SEND,170,"DATA, attempt=1"
1780652081.0847583,ACK_RECEIVED,170,ACK
1780652081.0850646,SEND,171,"DATA, attempt=1"
1780652081.0864875,ACK_RECEIVED,171,ACK
1780652081.0871546,SEND,172,"DATA, attempt=1"
1780652081.0894039,ACK_RECEIVED,172,ACK
1780652081.0898478,SEND,173,"DATA, attempt=1"
1780652081.0913472,ACK_RECEIVED,173,ACK
1780652081.0915687,SEND,174,"DATA, attempt=1"
1780652081.0922143,ACK_RECEIVED,174,ACK
1780652081.0924437,SEND,175,"DATA, attempt=1"
1780652081.0930693,ACK_RECEIVED,175,ACK
1780652081.0932312,SEND,176,"DATA, attempt=1"
1780652081.0938423,ACK_RECEIVED,176,ACK
1780652081.0940347,SEND,177,"DATA, attempt=1"
1780652081.0951285,ACK_RECEIVED,177,ACK
1780652081.095326,SEND,178,"DATA, attempt=1"
1780652081.0959432,ACK_RECEIVED,178,ACK
1780652081.0961227,SEND,179,"DATA, attempt=1"
1780652081.0966654,ACK_RECEIVED,179,ACK
1780652081.0970223,SEND,180,"DATA, attempt=1"
1780652081.0977712,ACK_RECEIVED,180,ACK
1780652081.0979712,SEND,181,"DATA, attempt=1"
1780652081.09862,ACK_RECEIVED,181,ACK
1780652081.0988047,SEND,182,"DATA, attempt=1"
1780652081.099265,ACK_RECEIVED,182,ACK
1780652081.0994763,SEND,183,"DATA, attempt=1"
1780652081.1003182,ACK_RECEIVED,183,ACK
1780652081.100588,SEND,184,"DATA, attempt=1"
1780652081.10119,ACK_RECEIVED,184,ACK
1780652081.101365,SEND,185,"DATA, attempt=1"
1780652081.1019561,ACK_RECEIVED,185,ACK
1780652081.1021764,SEND,186,"DATA, attempt=1"
1780652081.1043172,ACK_RECEIVED,186,ACK
1780652081.1048653,SEND,187,"DATA, attempt=1"
1780652081.1065176,ACK_RECEIVED,187,ACK
1780652081.10684,SEND,188,"DATA, attempt=1"
1780652081.1076806,ACK_RECEIVED,188,ACK
1780652081.107908,SEND,189,"DATA, attempt=1"
1780652081.1086004,ACK_RECEIVED,189,ACK
1780652081.108815,SEND,190,"DATA, attempt=1"
1780652081.1093419,ACK_RECEIVED,190,ACK
1780652081.1095972,SEND,191,"DATA, attempt=1"
1780652081.1101558,ACK_RECEIVED,191,ACK
1780652081.11034,SEND,192,"DATA, attempt=1"
1780652081.1112041,ACK_RECEIVED,192,ACK
1780652081.1114142,SEND,193,"DATA, attempt=1"
1780652081.1121204,ACK_RECEIVED,193,ACK
1780652081.1123605,SEND,194,"DATA, attempt=1"
1780652081.113077,ACK_RECEIVED,194,ACK
1780652081.1133702,SEND,195,"DATA, attempt=1"
1780652081.1139712,ACK_RECEIVED,195,ACK
1780652081.114182,SEND,196,"DATA, attempt=1"
1780652081.1147606,ACK_RECEIVED,196,ACK
1780652081.114938,SEND,197,"DATA, attempt=1"
1780652081.1154373,ACK_RECEIVED,197,ACK
1780652081.115621,SEND,198,"DATA, attempt=1"
1780652081.116104,ACK_RECEIVED,198,ACK
1780652081.1163673,SEND,199,"DATA, attempt=1"
1780652081.1169195,ACK_RECEIVED,199,ACK
1780652081.1170902,SEND,200,"DATA, attempt=1"
1780652081.1176558,ACK_RECEIVED,200,ACK
1780652081.1179173,SEND,201,"DATA, attempt=1"
1780652081.1195683,ACK_RECEIVED,201,ACK
1780652081.1199934,SEND,202,"DATA, attempt=1"
1780652081.1222026,ACK_RECEIVED,202,ACK
1780652081.1224072,SEND,203,"DATA, attempt=1"
1780652081.12329,ACK_RECEIVED,203,ACK
1780652081.1234965,SEND,204,"DATA, attempt=1"
1780652081.1243346,ACK_RECEIVED,204,ACK
1780652081.124618,SEND,205,"DATA, attempt=1"
1780652081.1253757,ACK_RECEIVED,205,ACK
1780652081.125618,SEND,206,"DATA, attempt=1"
1780652081.1261244,ACK_RECEIVED,206,ACK
1780652081.1263251,SEND,207,"DATA, attempt=1"
1780652081.1267931,ACK_RECEIVED,207,ACK
1780652081.1269944,SEND,208,"DATA, attempt=1"
1780652081.127556,ACK_RECEIVED,208,ACK
1780652081.1277378,SEND,209,"DATA, attempt=1"
1780652081.1283295,ACK_RECEIVED,209,ACK
1780652081.1285315,SEND,210,"DATA, attempt=1"
1780652081.1295354,ACK_RECEIVED,210,ACK
1780652081.1299222,SEND,211,"DATA, attempt=1"
1780652081.1305377,ACK_RECEIVED,211,ACK
1780652081.1307607,SEND,212,"DATA, attempt=1"
1780652081.1313355,ACK_RECEIVED,212,ACK
1780652081.1315424,SEND,213,"DATA, attempt=1"
1780652081.132117,ACK_RECEIVED,213,ACK
1780652081.1323504,SEND,214,"DATA, attempt=1"
1780652081.1329994,ACK_RECEIVED,214,ACK
1780652081.1333547,SEND,215,"DATA, attempt=1"
1780652081.1339812,ACK_RECEIVED,215,ACK
1780652081.1343489,SEND,216,"DATA, attempt=1"
1780652081.1349728,ACK_RECEIVED,216,ACK
1780652081.135159,SEND,217,"DATA, attempt=1"
1780652081.1372325,ACK_RECEIVED,217,ACK
1780652081.1378489,SEND,218,"DATA, attempt=1"
1780652081.1391017,ACK_RECEIVED,218,ACK
1780652081.1396124,SEND,219,"DATA, attempt=1"
1780652081.140415,ACK_RECEIVED,219,ACK
1780652081.1407197,SEND,220,"DATA, attempt=1"
1780652081.1412504,ACK_RECEIVED,220,ACK
1780652081.1414313,SEND,221,"DATA, attempt=1"
1780652081.1419141,ACK_RECEIVED,221,ACK
1780652081.142105,SEND,222,"DATA, attempt=1"
1780652081.1426616,ACK_RECEIVED,222,ACK
1780652081.142849,SEND,223,"DATA, attempt=1"
1780652081.143294,ACK_RECEIVED,223,ACK
1780652081.143686,SEND,224,"DATA, attempt=1"
1780652081.1447265,ACK_RECEIVED,224,ACK
1780652081.1449816,SEND,225,"DATA, attempt=1"
1780652081.1456366,ACK_RECEIVED,225,ACK
1780652081.145834,SEND,226,"DATA, attempt=1"
1780652081.1467078,ACK_RECEIVED,226,ACK
1780652081.1469052,SEND,227,"DATA, attempt=1"
1780652081.1474848,ACK_RECEIVED,227,ACK
1780652081.14764,SEND,228,"DATA, attempt=1"
1780652081.1481051,ACK_RECEIVED,228,ACK
1780652081.148288,SEND,229,"DATA, attempt=1"
1780652081.148833,ACK_RECEIVED,229,ACK
1780652081.1490488,SEND,230,"DATA, attempt=1"
1780652081.1494956,ACK_RECEIVED,230,ACK
1780652081.1496856,SEND,231,"DATA, attempt=1"
1780652081.1505852,ACK_RECEIVED,231,ACK
1780652081.1507893,SEND,232,"DATA, attempt=1"
1780652081.1514888,ACK_RECEIVED,232,ACK
1780652081.1517017,SEND,233,"DATA, attempt=1"
1780652081.1523128,ACK_RECEIVED,233,ACK
1780652081.152667,SEND,234,"DATA, attempt=1"
1780652081.154772,ACK_RECEIVED,234,ACK
1780652081.1551642,SEND,235,"DATA, attempt=1"
1780652081.1564603,ACK_RECEIVED,235,ACK
1780652081.1566856,SEND,236,"DATA, attempt=1"
1780652081.157815,ACK_RECEIVED,236,ACK
1780652081.158079,SEND,237,"DATA, attempt=1"
1780652081.158954,ACK_RECEIVED,237,ACK
1780652081.1591406,SEND,238,"DATA, attempt=1"
1780652081.1597228,ACK_RECEIVED,238,ACK
1780652081.1599553,SEND,239,"DATA, attempt=1"
1780652081.1605234,ACK_RECEIVED,239,ACK
1780652081.1607137,SEND,240,"DATA, attempt=1"
1780652081.161145,ACK_RECEIVED,240,ACK
1780652081.1613386,SEND,241,"DATA, attempt=1"
1780652081.161826,ACK_RECEIVED,241,ACK
1780652081.1620054,SEND,242,"DATA, attempt=1"
1780652081.1629548,ACK_RECEIVED,242,ACK
1780652081.1635354,SEND,243,"DATA, attempt=1"
1780652081.164317,ACK_RECEIVED,243,ACK
1780652081.1645362,SEND,244,"DATA, attempt=1"
1780652081.1651764,ACK_RECEIVED,244,ACK
1780652081.165355,SEND,245,"DATA, attempt=1"
1780652081.1658604,ACK_RECEIVED,245,ACK
1780652081.166074,SEND,246,"DATA, attempt=1"
1780652081.1667514,ACK_RECEIVED,246,ACK
1780652081.1670341,SEND,247,"DATA, attempt=1"
1780652081.1682289,ACK_RECEIVED,247,ACK
1780652081.1684403,SEND,248,"DATA, attempt=1"
1780652081.1744964,ACK_RECEIVED,248,ACK
1780652081.175086,SEND,249,"DATA, attempt=1"
1780652081.1764455,ACK_RECEIVED,249,ACK
1780652081.1766717,SEND,250,"DATA, attempt=1"
1780652081.1776862,ACK_RECEIVED,250,ACK
1780652081.1778638,SEND,251,"DATA, attempt=1"
1780652081.178377,ACK_RECEIVED,251,ACK
1780652081.178614,SEND,252,"DATA, attempt=1"
1780652081.1794586,ACK_RECEIVED,252,ACK
1780652081.1797938,SEND,253,"DATA, attempt=1"
1780652081.1804469,ACK_RECEIVED,253,ACK
1780652081.180672,SEND,254,"DATA, attempt=1"
1780652081.181169,ACK_RECEIVED,254,ACK
1780652081.1813545,SEND,255,"DATA, attempt=1"
1780652081.181849,ACK_RECEIVED,255,ACK
1780652081.1820393,SEND,256,"DATA, attempt=1"
1780652081.1825244,ACK_RECEIVED,256,ACK
1780652081.1827502,SEND,257,"DATA, attempt=1"
1780652081.1833506,ACK_RECEIVED,257,ACK
1780652081.1835768,SEND,258,"DATA, attempt=1"
1780652081.184033,ACK_RECEIVED,258,ACK
1780652081.1842163,SEND,259,"DATA, attempt=1"
1780652081.1850874,ACK_RECEIVED,259,ACK
1780652081.18531,SEND,260,"DATA, attempt=1"
1780652081.1876562,ACK_RECEIVED,260,ACK
1780652081.1879513,SEND,261,"DATA, attempt=1"
1780652081.189172,ACK_RECEIVED,261,ACK
1780652081.1894276,SEND,262,"DATA, attempt=1"
1780652081.1899903,ACK_RECEIVED,262,ACK
1780652081.190192,SEND,263,"DATA, attempt=1"
1780652081.1907618,ACK_RECEIVED,263,ACK
1780652081.1909475,SEND,264,"DATA, attempt=1"
1780652081.1920826,ACK_RECEIVED,264,ACK
1780652081.1922808,SEND,265,"DATA, attempt=1"
1780652081.1930966,ACK_RECEIVED,265,ACK
1780652081.1932867,SEND,266,"DATA, attempt=1"
1780652081.1938164,ACK_RECEIVED,266,ACK
1780652081.19401,SEND,267,"DATA, attempt=1"
1780652081.1945045,ACK_RECEIVED,267,ACK
1780652081.1947002,SEND,268,"DATA, attempt=1"
1780652081.195141,ACK_RECEIVED,268,ACK
1780652081.1953256,SEND,269,"DATA, attempt=1"
1780652081.195931,ACK_RECEIVED,269,ACK
1780652081.1961126,SEND,270,"DATA, attempt=1"
1780652081.196749,ACK_RECEIVED,270,ACK
1780652081.196949,SEND,271,"DATA, attempt=1"
1780652081.1974332,ACK_RECEIVED,271,ACK
1780652081.197648,SEND,272,"DATA, attempt=1"
1780652081.198623,ACK_RECEIVED,272,ACK
1780652081.1988037,SEND,273,"DATA, attempt=1"
1780652081.1993785,ACK_RECEIVED,273,ACK
1780652081.1995747,SEND,274,"DATA, attempt=1"
1780652081.2000453,ACK_RECEIVED,274,ACK
1780652081.2002387,SEND,275,"DATA, attempt=1"
1780652081.2007298,ACK_RECEIVED,275,ACK
1780652081.2009256,SEND,276,"DATA, attempt=1"
1780652081.2018857,ACK_RECEIVED,276,ACK
1780652081.2022958,SEND,277,"DATA, attempt=1"
1780652081.2040286,ACK_RECEIVED,277,ACK
1780652081.20497,SEND,278,"DATA, attempt=1"
1780652081.2064455,ACK_RECEIVED,278,ACK
1780652081.206739,SEND,279,"DATA, attempt=1"
1780652081.2075617,ACK_RECEIVED,279,ACK
1780652081.2077966,SEND,280,"DATA, attempt=1"
1780652081.208381,ACK_RECEIVED,280,ACK
1780652081.2086234,SEND,281,"DATA, attempt=1"
1780652081.2094963,ACK_RECEIVED,281,ACK
1780652081.209781,SEND,282,"DATA, attempt=1"
1780652081.2103772,ACK_RECEIVED,282,ACK
1780652081.2106059,SEND,283,"DATA, attempt=1"
1780652081.2110546,ACK_RECEIVED,283,ACK
1780652081.2112753,SEND,284,"DATA, attempt=1"
1780652081.2117527,ACK_RECEIVED,284,ACK
1780652081.2119632,SEND,285,"DATA, attempt=1"
1780652081.2132404,ACK_RECEIVED,285,ACK
1780652081.2134275,SEND,286,"DATA, attempt=1"
1780652081.2139485,ACK_RECEIVED,286,ACK
1780652081.2141452,SEND,287,"DATA, attempt=1"
1780652081.2146583,ACK_RECEIVED,287,ACK
1780652081.21483,SEND,288,"DATA, attempt=1"
1780652081.2153418,ACK_RECEIVED,288,ACK
1780652081.215509,SEND,289,"DATA, attempt=1"
1780652081.2160304,ACK_RECEIVED,289,ACK
1780652081.2162218,SEND,290,"DATA, attempt=1"
1780652081.2167408,ACK_RECEIVED,290,ACK
1780652081.2169235,SEND,291,"DATA, attempt=1"
1780652081.2175596,ACK_RECEIVED,291,ACK
1780652081.2177563,SEND,292,"DATA, attempt=1"
1780652081.2189872,ACK_RECEIVED,292,ACK
1780652081.219242,SEND,293,"DATA, attempt=1"
1780652081.2212288,ACK_RECEIVED,293,ACK
1780652081.2215092,SEND,294,"DATA, attempt=1"
1780652081.222735,ACK_RECEIVED,294,ACK
1780652081.2229795,SEND,295,"DATA, attempt=1"
1780652081.2235742,ACK_RECEIVED,295,ACK
1780652081.223937,SEND,296,"DATA, attempt=1"
1780652081.2249935,ACK_RECEIVED,296,ACK
1780652081.2253423,SEND,297,"DATA, attempt=1"
1780652081.226072,ACK_RECEIVED,297,ACK
1780652081.22626,SEND,298,"DATA, attempt=1"
1780652081.2267506,ACK_RECEIVED,298,ACK
1780652081.2269464,SEND,299,"DATA, attempt=1"
1780652081.227438,ACK_RECEIVED,299,ACK
1780652081.2276876,SEND,300,"DATA, attempt=1"
1780652081.2286563,ACK_RECEIVED,300,ACK
1780652081.228843,SEND,301,"DATA, attempt=1"
1780652081.2294095,ACK_RECEIVED,301,ACK
1780652081.2296104,SEND,302,"DATA, attempt=1"
1780652081.230582,ACK_RECEIVED,302,ACK
1780652081.2307696,SEND,303,"DATA, attempt=1"
1780652081.2313042,ACK_RECEIVED,303,ACK
1780652081.231502,SEND,304,"DATA, attempt=1"
1780652081.2320387,ACK_RECEIVED,304,ACK
1780652081.232221,SEND,305,"DATA, attempt=1"
1780652081.2327511,ACK_RECEIVED,305,ACK
1780652081.2330651,SEND,306,"DATA, attempt=1"
1780652081.2337642,ACK_RECEIVED,306,ACK
1780652081.2341793,SEND,307,"DATA, attempt=1"
1780652081.2379074,ACK_RECEIVED,307,ACK
1780652081.2444346,SEND,308,"DATA, attempt=1"
1780652081.26277,ACK_RECEIVED,308,ACK
1780652081.2722983,SEND,309,"DATA, attempt=1"
1780652081.2739887,ACK_RECEIVED,309,ACK
1780652081.2743034,SEND,310,"DATA, attempt=1"
1780652081.2756639,ACK_RECEIVED,310,ACK
1780652081.2759533,SEND,311,"DATA, attempt=1"
1780652081.276942,ACK_RECEIVED,311,ACK
1780652081.277536,SEND,312,"DATA, attempt=1"
1780652081.2784488,ACK_RECEIVED,312,ACK
1780652081.2787187,SEND,313,"DATA, attempt=1"
1780652081.2797678,ACK_RECEIVED,313,ACK
1780652081.279982,SEND,314,"DATA, attempt=1"
1780652081.2815812,ACK_RECEIVED,314,ACK
1780652081.2819474,SEND,315,"DATA, attempt=1"
1780652081.282732,ACK_RECEIVED,315,ACK
1780652081.2830784,SEND,316,"DATA, attempt=1"
1780652081.2844343,ACK_RECEIVED,316,ACK
1780652081.2846773,SEND,317,"DATA, attempt=1"
1780652081.2878232,ACK_RECEIVED,317,ACK
1780652081.2889276,SEND,318,"DATA, attempt=1"
1780652081.2948508,ACK_RECEIVED,318,ACK
1780652081.2951365,SEND,319,"DATA, attempt=1"
1780652081.296117,ACK_RECEIVED,319,ACK
1780652081.2966259,SEND,320,"DATA, attempt=1"
1780652081.2981582,ACK_RECEIVED,320,ACK
1780652081.2984173,SEND,321,"DATA, attempt=1"
1780652081.2993565,ACK_RECEIVED,321,ACK
1780652081.2996187,SEND,322,"DATA, attempt=1"
1780652081.300741,ACK_RECEIVED,322,ACK
1780652081.3010612,SEND,323,"DATA, attempt=1"
1780652081.30189,ACK_RECEIVED,323,ACK
1780652081.3020895,SEND,324,"DATA, attempt=1"
1780652081.3033397,ACK_RECEIVED,324,ACK
1780652081.3036778,SEND,325,"DATA, attempt=1"
1780652081.3050995,ACK_RECEIVED,325,ACK
1780652081.305231,SEND,326,"DATA, attempt=1"
1780652081.306495,ACK_RECEIVED,326,ACK
1780652081.3066478,SEND,327,"DATA, attempt=1"
1780652081.3078313,ACK_RECEIVED,327,ACK
1780652081.3079903,SEND,328,"DATA, attempt=1"
1780652081.3088117,ACK_RECEIVED,328,ACK
1780652081.3089528,SEND,329,"DATA, attempt=1"
1780652081.309775,ACK_RECEIVED,329,ACK
1780652081.3098922,SEND,330,"DATA, attempt=1"
1780652081.310685,ACK_RECEIVED,330,ACK
1780652081.3107922,SEND,331,"DATA, attempt=1"
1780652081.3113859,ACK_RECEIVED,331,ACK
1780652081.311509,SEND,332,"DATA, attempt=1"
1780652081.3123298,ACK_RECEIVED,332,ACK
1780652081.3124177,SEND,333,"DATA, attempt=1"
1780652081.3132577,ACK_RECEIVED,333,ACK
1780652081.3134665,SEND,334,"DATA, attempt=1"
1780652081.3143027,ACK_RECEIVED,334,ACK
1780652081.3144214,SEND,335,"DATA, attempt=1"
1780652081.3152597,ACK_RECEIVED,335,ACK
1780652081.315442,SEND,336,"DATA, attempt=1"
1780652081.3161693,ACK_RECEIVED,336,ACK
1780652081.3163676,SEND,337,"DATA, attempt=1"
1780652081.3172596,ACK_RECEIVED,337,ACK
1780652081.3173764,SEND,338,"DATA, attempt=1"
1780652081.3182385,ACK_RECEIVED,338,ACK
1780652081.3184304,SEND,339,"DATA, attempt=1"
1780652081.319549,ACK_RECEIVED,339,ACK
1780652081.319687,SEND,340,"DATA, attempt=1"
1780652081.3214738,ACK_RECEIVED,340,ACK
1780652081.3216314,SEND,341,"DATA, attempt=1"
1780652081.3229668,ACK_RECEIVED,341,ACK
1780652081.3230925,SEND,342,"DATA, attempt=1"
1780652081.324048,ACK_RECEIVED,342,ACK
1780652081.3241599,SEND,343,"DATA, attempt=1"
1780652081.3250582,ACK_RECEIVED,343,ACK
1780652081.3252423,SEND,344,"DATA, attempt=1"
1780652081.3258839,ACK_RECEIVED,344,ACK
1780652081.3259785,SEND,345,"DATA, attempt=1"
1780652081.3267465,ACK_RECEIVED,345,ACK
1780652081.326846,SEND,346,"DATA, attempt=1"
1780652081.3274672,ACK_RECEIVED,346,ACK
1780652081.3275511,SEND,347,"DATA, attempt=1"
1780652081.3283854,ACK_RECEIVED,347,ACK
1780652081.3285954,SEND,348,"DATA, attempt=1"
1780652081.3293974,ACK_RECEIVED,348,ACK
1780652081.3295093,SEND,349,"DATA, attempt=1"
1780652081.3305123,ACK_RECEIVED,349,ACK
1780652081.330674,SEND,350,"DATA, attempt=1"
1780652081.3316104,ACK_RECEIVED,350,ACK
1780652081.3318086,SEND,351,"DATA, attempt=1"
1780652081.3325527,ACK_RECEIVED,351,ACK
1780652081.3326302,SEND,352,"DATA, attempt=1"
1780652081.3334625,ACK_RECEIVED,352,ACK
1780652081.333559,SEND,353,"DATA, attempt=1"
1780652081.334369,ACK_RECEIVED,353,ACK
1780652081.3344605,SEND,354,"DATA, attempt=1"
1780652081.3351443,ACK_RECEIVED,354,ACK
1780652081.3352702,SEND,355,"DATA, attempt=1"
1780652081.3365238,ACK_RECEIVED,355,ACK
1780652081.3366883,SEND,356,"DATA, attempt=1"
1780652081.3384929,ACK_RECEIVED,356,ACK
1780652081.3386734,SEND,357,"DATA, attempt=1"
1780652081.3404596,ACK_RECEIVED,357,ACK
1780652081.340626,SEND,358,"DATA, attempt=1"
1780652081.3417234,ACK_RECEIVED,358,ACK
1780652081.3419936,SEND,359,"DATA, attempt=1"
1780652081.3428864,ACK_RECEIVED,359,ACK
1780652081.343005,SEND,360,"DATA, attempt=1"
1780652081.3436003,ACK_RECEIVED,360,ACK
1780652081.3436828,SEND,361,"DATA, attempt=1"
1780652081.3445764,ACK_RECEIVED,361,ACK
1780652081.3447201,SEND,362,"DATA, attempt=1"
1780652081.345531,ACK_RECEIVED,362,ACK
1780652081.3456714,SEND,363,"DATA, attempt=1"
1780652081.3463957,ACK_RECEIVED,363,ACK
1780652081.346487,SEND,364,"DATA, attempt=1"
1780652081.3471477,ACK_RECEIVED,364,ACK
1780652081.347252,SEND,365,"DATA, attempt=1"
1780652081.3479302,ACK_RECEIVED,365,ACK
1780652081.3480344,SEND,366,"DATA, attempt=1"
1780652081.3487968,ACK_RECEIVED,366,ACK
1780652081.348911,SEND,367,"DATA, attempt=1"
1780652081.349872,ACK_RECEIVED,367,ACK
1780652081.3499722,SEND,368,"DATA, attempt=1"
1780652081.3508368,ACK_RECEIVED,368,ACK
1780652081.351033,SEND,369,"DATA, attempt=1"
1780652081.3518605,ACK_RECEIVED,369,ACK
1780652081.3519685,SEND,370,"DATA, attempt=1"
1780652081.3529696,ACK_RECEIVED,370,ACK
1780652081.353083,SEND,371,"DATA, attempt=1"
1780652081.3546488,ACK_RECEIVED,371,ACK
1780652081.3550284,SEND,372,"DATA, attempt=1"
1780652081.3563876,ACK_RECEIVED,372,ACK
1780652081.356559,SEND,373,"DATA, attempt=1"
1780652081.3578384,ACK_RECEIVED,373,ACK
1780652081.3579724,SEND,374,"DATA, attempt=1"
1780652081.358735,ACK_RECEIVED,374,ACK
1780652081.3588204,SEND,375,"DATA, attempt=1"
1780652081.3596604,ACK_RECEIVED,375,ACK
1780652081.3597734,SEND,376,"DATA, attempt=1"
1780652081.3606575,ACK_RECEIVED,376,ACK
1780652081.3607736,SEND,377,"DATA, attempt=1"
1780652081.3614473,ACK_RECEIVED,377,ACK
1780652081.361537,SEND,378,"DATA, attempt=1"
1780652081.3622243,ACK_RECEIVED,378,ACK
1780652081.3623288,SEND,379,"DATA, attempt=1"
1780652081.3631585,ACK_RECEIVED,379,ACK
1780652081.3632605,SEND,380,"DATA, attempt=1"
1780652081.3643649,ACK_RECEIVED,380,ACK
1780652081.3645427,SEND,381,"DATA, attempt=1"
1780652081.3654141,ACK_RECEIVED,381,ACK
1780652081.3655207,SEND,382,"DATA, attempt=1"
1780652081.3663087,ACK_RECEIVED,382,ACK
1780652081.366427,SEND,383,"DATA, attempt=1"
1780652081.3671494,ACK_RECEIVED,383,ACK
1780652081.367253,SEND,384,"DATA, attempt=1"
1780652081.367969,ACK_RECEIVED,384,ACK
1780652081.3681245,SEND,385,"DATA, attempt=1"
1780652081.369356,ACK_RECEIVED,385,ACK
1780652081.3695161,SEND,386,"DATA, attempt=1"
1780652081.371494,ACK_RECEIVED,386,ACK
1780652081.3717902,SEND,387,"DATA, attempt=1"
1780652081.3732557,ACK_RECEIVED,387,ACK
1780652081.3733978,SEND,388,"DATA, attempt=1"
1780652081.374267,ACK_RECEIVED,388,ACK
1780652081.3744123,SEND,389,"DATA, attempt=1"
1780652081.375211,ACK_RECEIVED,389,ACK
1780652081.375288,SEND,390,"DATA, attempt=1"
1780652081.3760977,ACK_RECEIVED,390,ACK
1780652081.3761866,SEND,391,"DATA, attempt=1"
1780652081.3771203,ACK_RECEIVED,391,ACK
1780652081.3772147,SEND,392,"DATA, attempt=1"
1780652081.3781815,ACK_RECEIVED,392,ACK
1780652081.378296,SEND,393,"DATA, attempt=1"
1780652081.379009,ACK_RECEIVED,393,ACK
1780652081.379153,SEND,394,"DATA, attempt=1"
1780652081.3800776,ACK_RECEIVED,394,ACK
1780652081.3802042,SEND,395,"DATA, attempt=1"
1780652081.3809109,ACK_RECEIVED,395,ACK
1780652081.3810165,SEND,396,"DATA, attempt=1"
1780652081.3815782,ACK_RECEIVED,396,ACK
1780652081.3817394,SEND,397,"DATA, attempt=1"
1780652081.3826659,ACK_RECEIVED,397,ACK
1780652081.3827825,SEND,398,"DATA, attempt=1"
1780652081.3834147,ACK_RECEIVED,398,ACK
1780652081.38351,SEND,399,"DATA, attempt=1"
1780652081.38408,ACK_RECEIVED,399,ACK
1780652081.3841915,SEND,400,"DATA, attempt=1"
1780652081.38476,ACK_RECEIVED,400,ACK
1780652081.3848839,SEND,401,"DATA, attempt=1"
1780652081.386152,ACK_RECEIVED,401,ACK
1780652081.3862967,SEND,402,"DATA, attempt=1"
1780652081.3883681,ACK_RECEIVED,402,ACK
1780652081.38856,SEND,403,"DATA, attempt=1"
1780652081.389707,ACK_RECEIVED,403,ACK
1780652081.3898187,SEND,404,"DATA, attempt=1"
1780652081.3905365,ACK_RECEIVED,404,ACK
1780652081.390627,SEND,405,"DATA, attempt=1"
1780652081.3914652,ACK_RECEIVED,405,ACK
1780652081.391604,SEND,406,"DATA, attempt=1"
1780652081.3924968,ACK_RECEIVED,406,ACK
1780652081.3925958,SEND,407,"DATA, attempt=1"
1780652081.3935304,ACK_RECEIVED,407,ACK
1780652081.393639,SEND,408,"DATA, attempt=1"
1780652081.3943894,ACK_RECEIVED,408,ACK
1780652081.3944888,SEND,409,"DATA, attempt=1"
1780652081.3952742,ACK_RECEIVED,409,ACK
1780652081.3953815,SEND,410,"DATA, attempt=1"
1780652081.3961842,ACK_RECEIVED,410,ACK
1780652081.3963087,SEND,411,"DATA, attempt=1"
1780652081.3972409,ACK_RECEIVED,411,ACK
1780652081.3973284,SEND,412,"DATA, attempt=1"
1780652081.3980825,ACK_RECEIVED,412,ACK
1780652081.3982224,SEND,413,"DATA, attempt=1"
1780652081.3988857,ACK_RECEIVED,413,ACK
1780652081.399006,SEND,414,"DATA, attempt=1"
1780652081.4000201,ACK_RECEIVED,414,ACK
1780652081.400193,SEND,415,"DATA, attempt=1"
1780652081.4013026,ACK_RECEIVED,415,ACK
1780652081.4014146,SEND,416,"DATA, attempt=1"
1780652081.4022465,ACK_RECEIVED,416,ACK
1780652081.4024181,SEND,417,"DATA, attempt=1"
1780652081.4038346,ACK_RECEIVED,417,ACK
1780652081.403961,SEND,418,"DATA, attempt=1"
1780652081.405216,ACK_RECEIVED,418,ACK
1780652081.405365,SEND,419,"DATA, attempt=1"
1780652081.4067488,ACK_RECEIVED,419,ACK
1780652081.4068985,SEND,420,"DATA, attempt=1"
1780652081.4078708,ACK_RECEIVED,420,ACK
1780652081.408095,SEND,421,"DATA, attempt=1"
1780652081.4088542,ACK_RECEIVED,421,ACK
1780652081.4089706,SEND,422,"DATA, attempt=1"
1780652081.4098432,ACK_RECEIVED,422,ACK
1780652081.4099598,SEND,423,"DATA, attempt=1"
1780652081.410836,ACK_RECEIVED,423,ACK
1780652081.411042,SEND,424,"DATA, attempt=1"
1780652081.4117782,ACK_RECEIVED,424,ACK
1780652081.4118917,SEND,425,"DATA, attempt=1"
1780652081.4127693,ACK_RECEIVED,425,ACK
1780652081.4129038,SEND,426,"DATA, attempt=1"
1780652081.4136267,ACK_RECEIVED,426,ACK
1780652081.4137738,SEND,427,"DATA, attempt=1"
1780652081.4145463,ACK_RECEIVED,427,ACK
1780652081.4146535,SEND,428,"DATA, attempt=1"
1780652081.4154122,ACK_RECEIVED,428,ACK
1780652081.4154978,SEND,429,"DATA, attempt=1"
1780652081.4163861,ACK_RECEIVED,429,ACK
1780652081.4165566,SEND,430,"DATA, attempt=1"
1780652081.417218,ACK_RECEIVED,430,ACK
1780652081.4173195,SEND,431,"DATA, attempt=1"
1780652081.417954,ACK_RECEIVED,431,ACK
1780652081.4180639,SEND,432,"DATA, attempt=1"
1780652081.4189134,ACK_RECEIVED,432,ACK
1780652081.4191823,SEND,433,"DATA, attempt=1"
1780652081.4208305,ACK_RECEIVED,433,ACK
1780652081.421008,SEND,434,"DATA, attempt=1"
1780652081.422578,ACK_RECEIVED,434,ACK
1780652081.4229267,SEND,435,"DATA, attempt=1"
1780652081.423876,ACK_RECEIVED,435,ACK
1780652081.4239988,SEND,436,"DATA, attempt=1"
1780652081.424914,ACK_RECEIVED,436,ACK
1780652081.4250903,SEND,437,"DATA, attempt=1"
1780652081.4259698,ACK_RECEIVED,437,ACK
1780652081.426116,SEND,438,"DATA, attempt=1"
1780652081.4267886,ACK_RECEIVED,438,ACK
1780652081.427042,SEND,439,"DATA, attempt=1"
1780652081.4277587,ACK_RECEIVED,439,ACK
1780652081.4278603,SEND,440,"DATA, attempt=1"
1780652081.4287229,ACK_RECEIVED,440,ACK
1780652081.428937,SEND,441,"DATA, attempt=1"
1780652081.4297955,ACK_RECEIVED,441,ACK
1780652081.4299173,SEND,442,"DATA, attempt=1"
1780652081.4309323,ACK_RECEIVED,442,ACK
1780652081.431179,SEND,443,"DATA, attempt=1"
1780652081.431983,ACK_RECEIVED,443,ACK
1780652081.4320853,SEND,444,"DATA, attempt=1"
1780652081.433005,ACK_RECEIVED,444,ACK
1780652081.4331014,SEND,445,"DATA, attempt=1"
1780652081.4337375,ACK_RECEIVED,445,ACK
1780652081.4338522,SEND,446,"DATA, attempt=1"
1780652081.4344795,ACK_RECEIVED,446,ACK
1780652081.434579,SEND,447,"DATA, attempt=1"
1780652081.4353092,ACK_RECEIVED,447,ACK
1780652081.435409,SEND,448,"DATA, attempt=1"
1780652081.4371831,ACK_RECEIVED,448,ACK
1780652081.4374769,SEND,449,"DATA, attempt=1"
1780652081.4390383,ACK_RECEIVED,449,ACK
1780652081.4392385,SEND,450,"DATA, attempt=1"
1780652081.440379,ACK_RECEIVED,450,ACK
1780652081.440672,SEND,451,"DATA, attempt=1"
1780652081.4413598,ACK_RECEIVED,451,ACK
1780652081.4414332,SEND,452,"DATA, attempt=1"
1780652081.442154,ACK_RECEIVED,452,ACK
1780652081.442417,SEND,453,"DATA, attempt=1"
1780652081.4434197,ACK_RECEIVED,453,ACK
1780652081.4435236,SEND,454,"DATA, attempt=1"
1780652081.4445262,ACK_RECEIVED,454,ACK
1780652081.4446414,SEND,455,"DATA, attempt=1"
1780652081.445378,ACK_RECEIVED,455,ACK
1780652081.4456425,SEND,456,"DATA, attempt=1"
1780652081.4465797,ACK_RECEIVED,456,ACK
1780652081.4467618,SEND,457,"DATA, attempt=1"
1780652081.4478202,ACK_RECEIVED,457,ACK
1780652081.4479873,SEND,458,"DATA, attempt=1"
1780652081.448916,ACK_RECEIVED,458,ACK
1780652081.448992,SEND,459,"DATA, attempt=1"
1780652081.449591,ACK_RECEIVED,459,ACK
1780652081.4496975,SEND,460,"DATA, attempt=1"
1780652081.4503849,ACK_RECEIVED,460,ACK
1780652081.4504814,SEND,461,"DATA, attempt=1"
1780652081.451204,ACK_RECEIVED,461,ACK
1780652081.4512942,SEND,462,"DATA, attempt=1"
1780652081.4519114,ACK_RECEIVED,462,ACK
1780652081.4519923,SEND,463,"DATA, attempt=1"
1780652081.4538274,ACK_RECEIVED,463,ACK
1780652081.4540613,SEND,464,"DATA, attempt=1"
1780652081.4553258,ACK_RECEIVED,464,ACK
1780652081.455536,SEND,465,"DATA, attempt=1"
1780652081.4566605,ACK_RECEIVED,465,ACK
1780652081.4568028,SEND,466,"DATA, attempt=1"
1780652081.4577088,ACK_RECEIVED,466,ACK
1780652081.457828,SEND,467,"DATA, attempt=1"
1780652081.458518,ACK_RECEIVED,467,ACK
1780652081.4586434,SEND,468,"DATA, attempt=1"
1780652081.4595084,ACK_RECEIVED,468,ACK
1780652081.4596283,SEND,469,"DATA, attempt=1"
1780652081.4603329,ACK_RECEIVED,469,ACK
1780652081.4604619,SEND,470,"DATA, attempt=1"
1780652081.4612954,ACK_RECEIVED,470,ACK
1780652081.4614313,SEND,471,"DATA, attempt=1"
1780652081.4622593,ACK_RECEIVED,471,ACK
1780652081.4623926,SEND,472,"DATA, attempt=1"
1780652081.4634025,ACK_RECEIVED,472,ACK
1780652081.463584,SEND,473,"DATA, attempt=1"
1780652081.464588,ACK_RECEIVED,473,ACK
1780652081.4647067,SEND,474,"DATA, attempt=1"
1780652081.4656184,ACK_RECEIVED,474,ACK
1780652081.465769,SEND,475,"DATA, attempt=1"
1780652081.4665682,ACK_RECEIVED,475,ACK
1780652081.46669,SEND,476,"DATA, attempt=1"
1780652081.4674377,ACK_RECEIVED,476,ACK
1780652081.4675567,SEND,477,"DATA, attempt=1"
1780652081.4685116,ACK_RECEIVED,477,ACK
1780652081.4686334,SEND,478,"DATA, attempt=1"
1780652081.4700575,ACK_RECEIVED,478,ACK
1780652081.4703624,SEND,479,"DATA, attempt=1"
1780652081.471377,ACK_RECEIVED,479,ACK
1780652081.4714923,SEND,480,"DATA, attempt=1"
1780652081.472256,ACK_RECEIVED,480,ACK
1780652081.4723566,SEND,481,"DATA, attempt=1"
1780652081.4732566,ACK_RECEIVED,481,ACK
1780652081.4734173,SEND,482,"DATA, attempt=1"
1780652081.474162,ACK_RECEIVED,482,ACK
1780652081.4742472,SEND,483,"DATA, attempt=1"
1780652081.4750628,ACK_RECEIVED,483,ACK
1780652081.4751782,SEND,484,"DATA, attempt=1"
1780652081.4759157,ACK_RECEIVED,484,ACK
1780652081.4760053,SEND,485,"DATA, attempt=1"
1780652081.4769485,ACK_RECEIVED,485,ACK
1780652081.4770844,SEND,486,"DATA, attempt=1"
1780652081.4780698,ACK_RECEIVED,486,ACK
1780652081.4782057,SEND,487,"DATA, attempt=1"
1780652081.4790244,ACK_RECEIVED,487,ACK
1780652081.4791384,SEND,488,"DATA, attempt=1"
1780652081.480025,ACK_RECEIVED,488,ACK
1780652081.4801521,SEND,489,"DATA, attempt=1"
1780652081.4818172,ACK_RECEIVED,489,ACK
1780652081.4821603,SEND,490,"DATA, attempt=1"
1780652081.4832542,ACK_RECEIVED,490,ACK
1780652081.4834902,SEND,491,"DATA, attempt=1"
1780652081.4848979,ACK_RECEIVED,491,ACK
1780652081.4851427,SEND,492,"DATA, attempt=1"
1780652081.4874198,ACK_RECEIVED,492,ACK
1780652081.487566,SEND,493,"DATA, attempt=1"
1780652081.4897494,ACK_RECEIVED,493,ACK
1780652081.48989,SEND,494,"DATA, attempt=1"
1780652081.4909124,ACK_RECEIVED,494,ACK
1780652081.491029,SEND,495,"DATA, attempt=1"
1780652081.4917881,ACK_RECEIVED,495,ACK
1780652081.4918742,SEND,496,"DATA, attempt=1"
1780652081.4927166,ACK_RECEIVED,496,ACK
1780652081.4928284,SEND,497,"DATA, attempt=1"
1780652081.4935174,ACK_RECEIVED,497,ACK
1780652081.4936378,SEND,498,"DATA, attempt=1"
1780652081.4942548,ACK_RECEIVED,498,ACK
1780652081.494355,SEND,499,"DATA, attempt=1"
1780652081.4951918,ACK_RECEIVED,499,ACK
1780652081.495296,SEND,500,"DATA, attempt=1"
1780652081.4960608,ACK_RECEIVED,500,ACK
1780652081.4961863,SEND,501,"DATA, attempt=1"
1780652081.4970586,ACK_RECEIVED,501,ACK
1780652081.4971852,SEND,502,"DATA, attempt=1"
1780652081.497945,ACK_RECEIVED,502,ACK
1780652081.4980688,SEND,503,"DATA, attempt=1"
1780652081.4989061,ACK_RECEIVED,503,ACK
1780652081.4990168,SEND,504,"DATA, attempt=1"
1780652081.4997468,ACK_RECEIVED,504,ACK
1780652081.4998667,SEND,505,"DATA, attempt=1"
1780652081.500792,ACK_RECEIVED,505,ACK
1780652081.5008814,SEND,506,"DATA, attempt=1"
1780652081.5015194,ACK_RECEIVED,506,ACK
1780652081.5016077,SEND,507,"DATA, attempt=1"
1780652081.5026288,ACK_RECEIVED,507,ACK
1780652081.5027843,SEND,508,"DATA, attempt=1"
1780652081.5035975,ACK_RECEIVED,508,ACK
1780652081.503739,SEND,509,"DATA, attempt=1"
1780652081.5047412,ACK_RECEIVED,509,ACK
1780652081.5049212,SEND,510,"DATA, attempt=1"
1780652081.5061285,ACK_RECEIVED,510,ACK
1780652081.5063064,SEND,511,"DATA, attempt=1"
1780652081.507687,ACK_RECEIVED,511,ACK
1780652081.5079322,SEND,512,"DATA, attempt=1"
1780652081.5089774,ACK_RECEIVED,512,ACK
1780652081.5093656,SEND,513,"DATA, attempt=1"
1780652081.5109875,ACK_RECEIVED,513,ACK
1780652081.5116768,SEND,514,"DATA, attempt=1"
1780652081.5140815,ACK_RECEIVED,514,ACK
1780652081.5143585,SEND,515,"DATA, attempt=1"
1780652081.5154665,ACK_RECEIVED,515,ACK
1780652081.5156035,SEND,516,"DATA, attempt=1"
1780652081.5164592,ACK_RECEIVED,516,ACK
1780652081.5165727,SEND,517,"DATA, attempt=1"
1780652081.5175064,ACK_RECEIVED,517,ACK
1780652081.5177357,SEND,518,"DATA, attempt=1"
1780652081.518457,ACK_RECEIVED,518,ACK
1780652081.5185611,SEND,519,"DATA, attempt=1"
1780652081.5194762,ACK_RECEIVED,519,ACK
1780652081.519594,SEND,520,"DATA, attempt=1"
1780652081.52077,ACK_RECEIVED,520,ACK
1780652081.5210385,SEND,521,"DATA, attempt=1"
1780652081.5238543,ACK_RECEIVED,521,ACK
1780652081.5239902,SEND,522,"DATA, attempt=1"
1780652081.52591,ACK_RECEIVED,522,ACK
1780652081.5261347,SEND,523,"DATA, attempt=1"
1780652081.5272427,ACK_RECEIVED,523,ACK
1780652081.5273843,SEND,524,"DATA, attempt=1"
1780652081.5282815,ACK_RECEIVED,524,ACK
1780652081.52839,SEND,525,"DATA, attempt=1"
1780652081.5296204,ACK_RECEIVED,525,ACK
1780652081.5298626,SEND,526,"DATA, attempt=1"
1780652081.5307405,ACK_RECEIVED,526,ACK
1780652081.530867,SEND,527,"DATA, attempt=1"
1780652081.5316389,ACK_RECEIVED,527,ACK
1780652081.531851,SEND,528,"DATA, attempt=1"
1780652081.5327232,ACK_RECEIVED,528,ACK
1780652081.5328443,SEND,529,"DATA, attempt=1"
1780652081.5335877,ACK_RECEIVED,529,ACK
1780652081.5336773,SEND,530,"DATA, attempt=1"
1780652081.534392,ACK_RECEIVED,530,ACK
1780652081.5344822,SEND,531,"DATA, attempt=1"
1780652081.535394,ACK_RECEIVED,531,ACK
1780652081.5355422,SEND,532,"DATA, attempt=1"
1780652081.5364826,ACK_RECEIVED,532,ACK
1780652081.5369081,SEND,533,"DATA, attempt=1"
1780652081.5395894,ACK_RECEIVED,533,ACK
1780652081.5400214,SEND,534,"DATA, attempt=1"
1780652081.5422475,ACK_RECEIVED,534,ACK
1780652081.5424056,SEND,535,"DATA, attempt=1"
1780652081.5432994,ACK_RECEIVED,535,ACK
1780652081.5435698,SEND,536,"DATA, attempt=1"
1780652081.544624,ACK_RECEIVED,536,ACK
1780652081.5448375,SEND,537,"DATA, attempt=1"
1780652081.5455098,ACK_RECEIVED,537,ACK
1780652081.545636,SEND,538,"DATA, attempt=1"
1780652081.5464025,ACK_RECEIVED,538,ACK
1780652081.5464797,SEND,539,"DATA, attempt=1"
1780652081.5471885,ACK_RECEIVED,539,ACK
1780652081.54732,SEND,540,"DATA, attempt=1"
1780652081.5481546,ACK_RECEIVED,540,ACK
1780652081.5483,SEND,541,"DATA, attempt=1"
1780652081.5492392,ACK_RECEIVED,541,ACK
1780652081.5494008,SEND,542,"DATA, attempt=1"
1780652081.5503726,ACK_RECEIVED,542,ACK
1780652081.5505717,SEND,543,"DATA, attempt=1"
1780652081.5514128,ACK_RECEIVED,543,ACK
1780652081.5515292,SEND,544,"DATA, attempt=1"
1780652081.552777,ACK_RECEIVED,544,ACK
1780652081.553034,SEND,545,"DATA, attempt=1"
1780652081.5547478,ACK_RECEIVED,545,ACK
1780652081.5549643,SEND,546,"DATA, attempt=1"
1780652081.557022,ACK_RECEIVED,546,ACK
1780652081.5571892,SEND,547,"DATA, attempt=1"
1780652081.5591264,ACK_RECEIVED,547,ACK
1780652081.5592504,SEND,548,"DATA, attempt=1"
1780652081.5600767,ACK_RECEIVED,548,ACK
1780652081.5602002,SEND,549,"DATA, attempt=1"
1780652081.5610166,ACK_RECEIVED,549,ACK
1780652081.5612,SEND,550,"DATA, attempt=1"
1780652081.5621123,ACK_RECEIVED,550,ACK
1780652081.5622108,SEND,551,"DATA, attempt=1"
1780652081.5628643,ACK_RECEIVED,551,ACK
1780652081.5629642,SEND,552,"DATA, attempt=1"
1780652081.5636232,ACK_RECEIVED,552,ACK
1780652081.5637388,SEND,553,"DATA, attempt=1"
1780652081.564962,ACK_RECEIVED,553,ACK
1780652081.5650663,SEND,554,"DATA, attempt=1"
1780652081.5662153,ACK_RECEIVED,554,ACK
1780652081.5664365,SEND,555,"DATA, attempt=1"
1780652081.5671666,ACK_RECEIVED,555,ACK
1780652081.5672593,SEND,556,"DATA, attempt=1"
1780652081.5679867,ACK_RECEIVED,556,ACK
1780652081.568058,SEND,557,"DATA, attempt=1"
1780652081.5686605,ACK_RECEIVED,557,ACK
1780652081.5687246,SEND,558,"DATA, attempt=1"
1780652081.5703204,ACK_RECEIVED,558,ACK
1780652081.5704873,SEND,559,"DATA, attempt=1"
1780652081.5731258,ACK_RECEIVED,559,ACK
1780652081.5734923,SEND,560,"DATA, attempt=1"
1780652081.576837,ACK_RECEIVED,560,ACK
1780652081.5770073,SEND,561,"DATA, attempt=1"
1780652081.5783556,ACK_RECEIVED,561,ACK
1780652081.5784855,SEND,562,"DATA, attempt=1"
1780652081.5796626,ACK_RECEIVED,562,ACK
1780652081.579794,SEND,563,"DATA, attempt=1"
1780652081.580534,ACK_RECEIVED,563,ACK
1780652081.5806367,SEND,564,"DATA, attempt=1"
1780652081.5812638,ACK_RECEIVED,564,ACK
1780652081.5813713,SEND,565,"DATA, attempt=1"
1780652081.5819836,ACK_RECEIVED,565,ACK
1780652081.5820825,SEND,566,"DATA, attempt=1"
1780652081.5832279,ACK_RECEIVED,566,ACK
1780652081.5833712,SEND,567,"DATA, attempt=1"
1780652081.5845838,ACK_RECEIVED,567,ACK
1780652081.5849078,SEND,568,"DATA, attempt=1"
1780652081.5858521,ACK_RECEIVED,568,ACK
1780652081.5863068,SEND,569,"DATA, attempt=1"
1780652081.589602,ACK_RECEIVED,569,ACK
1780652081.5898416,SEND,570,"DATA, attempt=1"
1780652081.5920937,ACK_RECEIVED,570,ACK
1780652081.5922654,SEND,571,"DATA, attempt=1"
1780652081.5932364,ACK_RECEIVED,571,ACK
1780652081.5933573,SEND,572,"DATA, attempt=1"
1780652081.5940185,ACK_RECEIVED,572,ACK
1780652081.594164,SEND,573,"DATA, attempt=1"
1780652081.5950737,ACK_RECEIVED,573,ACK
1780652081.5953035,SEND,574,"DATA, attempt=1"
1780652081.595922,ACK_RECEIVED,574,ACK
1780652081.5960221,SEND,575,"DATA, attempt=1"
1780652081.5965605,ACK_RECEIVED,575,ACK
1780652081.5966618,SEND,576,"DATA, attempt=1"
1780652081.5977,ACK_RECEIVED,576,ACK
1780652081.5978465,SEND,577,"DATA, attempt=1"
1780652081.598506,ACK_RECEIVED,577,ACK
1780652081.5985897,SEND,578,"DATA, attempt=1"
1780652081.5990794,ACK_RECEIVED,578,ACK
1780652081.5991685,SEND,579,"DATA, attempt=1"
1780652081.5997083,ACK_RECEIVED,579,ACK
1780652081.5998278,SEND,580,"DATA, attempt=1"
1780652081.6006088,ACK_RECEIVED,580,ACK
1780652081.6007867,SEND,581,"DATA, attempt=1"
1780652081.6018326,ACK_RECEIVED,581,ACK
1780652081.601976,SEND,582,"DATA, attempt=1"
1780652081.603118,ACK_RECEIVED,582,ACK
1780652081.603301,SEND,583,"DATA, attempt=1"
1780652081.6063354,ACK_RECEIVED,583,ACK
1780652081.6065552,SEND,584,"DATA, attempt=1"
1780652081.6090267,ACK_RECEIVED,584,ACK
1780652081.6092005,SEND,585,"DATA, attempt=1"
1780652081.6100218,ACK_RECEIVED,585,ACK
1780652081.6101534,SEND,586,"DATA, attempt=1"
1780652081.611137,ACK_RECEIVED,586,ACK
1780652081.6113784,SEND,587,"DATA, attempt=1"
1780652081.612335,ACK_RECEIVED,587,ACK
1780652081.6124604,SEND,588,"DATA, attempt=1"
1780652081.6130037,ACK_RECEIVED,588,ACK
1780652081.6131094,SEND,589,"DATA, attempt=1"
1780652081.6136305,ACK_RECEIVED,589,ACK
1780652081.6137495,SEND,590,"DATA, attempt=1"
1780652081.6142051,ACK_RECEIVED,590,ACK
1780652081.6142986,SEND,591,"DATA, attempt=1"
1780652081.6147404,ACK_RECEIVED,591,ACK
1780652081.6148434,SEND,592,"DATA, attempt=1"
1780652081.615301,ACK_RECEIVED,592,ACK
1780652081.6153808,SEND,593,"DATA, attempt=1"
1780652081.6159358,ACK_RECEIVED,593,ACK
1780652081.6160357,SEND,594,"DATA, attempt=1"
1780652081.617322,ACK_RECEIVED,594,ACK
1780652081.6176093,SEND,595,"DATA, attempt=1"
1780652081.618594,ACK_RECEIVED,595,ACK
1780652081.6186898,SEND,596,"DATA, attempt=1"
1780652081.6200106,ACK_RECEIVED,596,ACK
1780652081.6202474,SEND,597,"DATA, attempt=1"
1780652081.6223435,ACK_RECEIVED,597,ACK
1780652081.6230626,SEND,598,"DATA, attempt=1"
1780652081.6251535,ACK_RECEIVED,598,ACK
1780652081.6252723,SEND,599,"DATA, attempt=1"
1780652081.6274517,ACK_RECEIVED,599,ACK
1780652081.6275427,SEND,600,"DATA, attempt=1"
1780652081.628386,ACK_RECEIVED,600,ACK
1780652081.6286013,SEND,601,"DATA, attempt=1"
1780652081.6293814,ACK_RECEIVED,601,ACK
1780652081.6295214,SEND,602,"DATA, attempt=1"
1780652081.6304057,ACK_RECEIVED,602,ACK
1780652081.6305926,SEND,603,"DATA, attempt=1"
1780652081.631512,ACK_RECEIVED,603,ACK
1780652081.6316214,SEND,604,"DATA, attempt=1"
1780652081.632107,ACK_RECEIVED,604,ACK
1780652081.6322143,SEND,605,"DATA, attempt=1"
1780652081.632798,ACK_RECEIVED,605,ACK
1780652081.632867,SEND,606,"DATA, attempt=1"
1780652081.6333144,ACK_RECEIVED,606,ACK
1780652081.6333926,SEND,607,"DATA, attempt=1"
1780652081.6338854,ACK_RECEIVED,607,ACK
1780652081.6339746,SEND,608,"DATA, attempt=1"
1780652081.6345153,ACK_RECEIVED,608,ACK
1780652081.634587,SEND,609,"DATA, attempt=1"
1780652081.635162,ACK_RECEIVED,609,ACK
1780652081.635375,SEND,610,"DATA, attempt=1"
1780652081.6379235,ACK_RECEIVED,610,ACK
1780652081.6380444,SEND,611,"DATA, attempt=1"
1780652081.6405423,ACK_RECEIVED,611,ACK
1780652081.640668,SEND,612,"DATA, attempt=1"
1780652081.6422951,ACK_RECEIVED,612,ACK
1780652081.6424363,SEND,613,"DATA, attempt=1"
1780652081.6439502,ACK_RECEIVED,613,ACK
1780652081.6440933,SEND,614,"DATA, attempt=1"
1780652081.6446683,ACK_RECEIVED,614,ACK
1780652081.6447992,SEND,615,"DATA, attempt=1"
1780652081.645298,ACK_RECEIVED,615,ACK
1780652081.6453774,SEND,616,"DATA, attempt=1"
1780652081.645813,ACK_RECEIVED,616,ACK
1780652081.645892,SEND,617,"DATA, attempt=1"
1780652081.646388,ACK_RECEIVED,617,ACK
1780652081.646475,SEND,618,"DATA, attempt=1"
1780652081.6468961,ACK_RECEIVED,618,ACK
1780652081.6469758,SEND,619,"DATA, attempt=1"
1780652081.647413,ACK_RECEIVED,619,ACK
1780652081.647505,SEND,620,"DATA, attempt=1"
1780652081.6479795,ACK_RECEIVED,620,ACK
1780652081.6481006,SEND,621,"DATA, attempt=1"
1780652081.6486604,ACK_RECEIVED,621,ACK
1780652081.648809,SEND,622,"DATA, attempt=1"
1780652081.6501763,ACK_RECEIVED,622,ACK
1780652081.6502643,SEND,623,"DATA, attempt=1"
1780652081.6507926,ACK_RECEIVED,623,ACK
1780652081.6509461,SEND,624,"DATA, attempt=1"
1780652081.6514041,ACK_RECEIVED,624,ACK
1780652081.651499,SEND,625,"DATA, attempt=1"
1780652081.6522171,ACK_RECEIVED,625,ACK
1780652081.652326,SEND,626,"DATA, attempt=1"
1780652081.6546855,ACK_RECEIVED,626,ACK
1780652081.655536,SEND,627,"DATA, attempt=1"
1780652081.6581583,ACK_RECEIVED,627,ACK
1780652081.6583178,SEND,628,"DATA, attempt=1"
1780652081.6590326,ACK_RECEIVED,628,ACK
1780652081.6591134,SEND,629,"DATA, attempt=1"
1780652081.6596987,ACK_RECEIVED,629,ACK
1780652081.659784,SEND,630,"DATA, attempt=1"
1780652081.6603901,ACK_RECEIVED,630,ACK
1780652081.6605432,SEND,631,"DATA, attempt=1"
1780652081.661589,ACK_RECEIVED,631,ACK
1780652081.6616735,SEND,632,"DATA, attempt=1"
1780652081.662195,ACK_RECEIVED,632,ACK
1780652081.662282,SEND,633,"DATA, attempt=1"
1780652081.6627622,ACK_RECEIVED,633,ACK
1780652081.6628883,SEND,634,"DATA, attempt=1"
1780652081.663823,ACK_RECEIVED,634,ACK
1780652081.6641135,SEND,635,"DATA, attempt=1"
1780652081.6646962,ACK_RECEIVED,635,ACK
1780652081.6648068,SEND,636,"DATA, attempt=1"
1780652081.6653,ACK_RECEIVED,636,ACK
1780652081.665421,SEND,637,"DATA, attempt=1"
1780652081.666356,ACK_RECEIVED,637,ACK
1780652081.666463,SEND,638,"DATA, attempt=1"
1780652081.666987,ACK_RECEIVED,638,ACK
1780652081.667094,SEND,639,"DATA, attempt=1"
1780652081.6675425,ACK_RECEIVED,639,ACK
1780652081.667641,SEND,640,"DATA, attempt=1"
1780652081.668118,ACK_RECEIVED,640,ACK
1780652081.6682708,SEND,641,"DATA, attempt=1"
1780652081.669152,ACK_RECEIVED,641,ACK
1780652081.6695447,SEND,642,"DATA, attempt=1"
1780652081.671957,ACK_RECEIVED,642,ACK
1780652081.672144,SEND,643,"DATA, attempt=1"
1780652081.6740186,ACK_RECEIVED,643,ACK
1780652081.6741629,SEND,644,"DATA, attempt=1"
1780652081.6751192,ACK_RECEIVED,644,ACK
1780652081.6751995,SEND,645,"DATA, attempt=1"
1780652081.6758945,ACK_RECEIVED,645,ACK
1780652081.6759949,SEND,646,"DATA, attempt=1"
1780652081.6764376,ACK_RECEIVED,646,ACK
1780652081.6765819,SEND,647,"DATA, attempt=1"
1780652081.6774688,ACK_RECEIVED,647,ACK
1780652081.6776264,SEND,648,"DATA, attempt=1"
1780652081.6784382,ACK_RECEIVED,648,ACK
1780652081.6786096,SEND,649,"DATA, attempt=1"
1780652081.6791677,ACK_RECEIVED,649,ACK
1780652081.6792638,SEND,650,"DATA, attempt=1"
1780652081.6797047,ACK_RECEIVED,650,ACK
1780652081.6797965,SEND,651,"DATA, attempt=1"
1780652081.680337,ACK_RECEIVED,651,ACK
1780652081.6804137,SEND,652,"DATA, attempt=1"
1780652081.6808593,ACK_RECEIVED,652,ACK
1780652081.680975,SEND,653,"DATA, attempt=1"
1780652081.6814587,ACK_RECEIVED,653,ACK
1780652081.6815479,SEND,654,"DATA, attempt=1"
1780652081.6819975,ACK_RECEIVED,654,ACK
1780652081.6821158,SEND,655,"DATA, attempt=1"
1780652081.6825833,ACK_RECEIVED,655,ACK
1780652081.6826909,SEND,656,"DATA, attempt=1"
1780652081.684087,ACK_RECEIVED,656,ACK
1780652081.684175,SEND,657,"DATA, attempt=1"
1780652081.6848035,ACK_RECEIVED,657,ACK
1780652081.6848814,SEND,658,"DATA, attempt=1"
1780652081.6854277,ACK_RECEIVED,658,ACK
1780652081.6856916,SEND,659,"DATA, attempt=1"
1780652081.6874502,ACK_RECEIVED,659,ACK
1780652081.6877482,SEND,660,"DATA, attempt=1"
1780652081.6897304,ACK_RECEIVED,660,ACK
1780652081.6899855,SEND,661,"DATA, attempt=1"
1780652081.6910222,ACK_RECEIVED,661,ACK
1780652081.6911168,SEND,662,"DATA, attempt=1"
1780652081.691729,ACK_RECEIVED,662,ACK
1780652081.6918008,SEND,663,"DATA, attempt=1"
1780652081.6923108,ACK_RECEIVED,663,ACK
1780652081.6924021,SEND,664,"DATA, attempt=1"
1780652081.692912,ACK_RECEIVED,664,ACK
1780652081.6930156,SEND,665,"DATA, attempt=1"
1780652081.6934867,ACK_RECEIVED,665,ACK
1780652081.6935878,SEND,666,"DATA, attempt=1"
1780652081.6941242,ACK_RECEIVED,666,ACK
1780652081.6942003,SEND,667,"DATA, attempt=1"
1780652081.6946447,ACK_RECEIVED,667,ACK
1780652081.6947184,SEND,668,"DATA, attempt=1"
1780652081.695653,ACK_RECEIVED,668,ACK
1780652081.6959434,SEND,669,"DATA, attempt=1"
1780652081.6967697,ACK_RECEIVED,669,ACK
1780652081.6968791,SEND,670,"DATA, attempt=1"
1780652081.6974666,ACK_RECEIVED,670,ACK
1780652081.697561,SEND,671,"DATA, attempt=1"
1780652081.6980367,ACK_RECEIVED,671,ACK
1780652081.6981177,SEND,672,"DATA, attempt=1"
1780652081.6985667,ACK_RECEIVED,672,ACK
1780652081.6986504,SEND,673,"DATA, attempt=1"
1780652081.699175,ACK_RECEIVED,673,ACK
1780652081.699288,SEND,674,"DATA, attempt=1"
1780652081.699758,ACK_RECEIVED,674,ACK
1780652081.699843,SEND,675,"DATA, attempt=1"
1780652081.7007136,ACK_RECEIVED,675,ACK
1780652081.7008362,SEND,676,"DATA, attempt=1"
1780652081.70156,ACK_RECEIVED,676,ACK
1780652081.7016518,SEND,677,"DATA, attempt=1"
1780652081.7031457,ACK_RECEIVED,677,ACK
1780652081.7032876,SEND,678,"DATA, attempt=1"
1780652081.7055254,ACK_RECEIVED,678,ACK
1780652081.7057211,SEND,679,"DATA, attempt=1"
1780652081.706951,ACK_RECEIVED,679,ACK
1780652081.7070498,SEND,680,"DATA, attempt=1"
1780652081.7075987,ACK_RECEIVED,680,ACK
1780652081.7077928,SEND,681,"DATA, attempt=1"
1780652081.70884,ACK_RECEIVED,681,ACK
1780652081.7089436,SEND,682,"DATA, attempt=1"
1780652081.7094784,ACK_RECEIVED,682,ACK
1780652081.7095995,SEND,683,"DATA, attempt=1"
1780652081.710081,ACK_RECEIVED,683,ACK
1780652081.7101774,SEND,684,"DATA, attempt=1"
1780652081.7107525,ACK_RECEIVED,684,ACK
1780652081.7108912,SEND,685,"DATA, attempt=1"
1780652081.7118309,ACK_RECEIVED,685,ACK
1780652081.7121055,SEND,686,"DATA, attempt=1"
1780652081.7127259,ACK_RECEIVED,686,ACK
1780652081.712846,SEND,687,"DATA, attempt=1"
1780652081.713331,ACK_RECEIVED,687,ACK
1780652081.7134576,SEND,688,"DATA, attempt=1"
1780652081.7144349,ACK_RECEIVED,688,ACK
1780652081.7145636,SEND,689,"DATA, attempt=1"
1780652081.7152958,ACK_RECEIVED,689,ACK
1780652081.7153773,SEND,690,"DATA, attempt=1"
1780652081.7158442,ACK_RECEIVED,690,ACK
1780652081.7159624,SEND,691,"DATA, attempt=1"
1780652081.7167158,ACK_RECEIVED,691,ACK
1780652081.7168074,SEND,692,"DATA, attempt=1"
1780652081.7172992,ACK_RECEIVED,692,ACK
1780652081.717439,SEND,693,"DATA, attempt=1"
1780652081.718019,ACK_RECEIVED,693,ACK
1780652081.7180912,SEND,694,"DATA, attempt=1"
1780652081.718527,ACK_RECEIVED,694,ACK
1780652081.7186313,SEND,695,"DATA, attempt=1"
1780652081.7204814,ACK_RECEIVED,695,ACK
1780652081.7209828,SEND,696,"DATA, attempt=1"
1780652081.7234573,ACK_RECEIVED,696,ACK
1780652081.7235553,SEND,697,"DATA, attempt=1"
1780652081.7242975,ACK_RECEIVED,697,ACK
1780652081.7245312,SEND,698,"DATA, attempt=1"
1780652081.7254045,ACK_RECEIVED,698,ACK
1780652081.7255008,SEND,699,"DATA, attempt=1"
1780652081.7264233,ACK_RECEIVED,699,ACK
1780652081.7265174,SEND,700,"DATA, attempt=1"
1780652081.7270324,ACK_RECEIVED,700,ACK
1780652081.7271435,SEND,701,"DATA, attempt=1"
1780652081.728251,ACK_RECEIVED,701,ACK
1780652081.7283783,SEND,702,"DATA, attempt=1"
1780652081.72895,ACK_RECEIVED,702,ACK
1780652081.729031,SEND,703,"DATA, attempt=1"
1780652081.7295425,ACK_RECEIVED,703,ACK
1780652081.7296493,SEND,704,"DATA, attempt=1"
1780652081.730091,ACK_RECEIVED,704,ACK
1780652081.73017,SEND,705,"DATA, attempt=1"
1780652081.730654,ACK_RECEIVED,705,ACK
1780652081.7307851,SEND,706,"DATA, attempt=1"
1780652081.7317271,ACK_RECEIVED,706,ACK
1780652081.7319024,SEND,707,"DATA, attempt=1"
1780652081.7328286,ACK_RECEIVED,707,ACK
1780652081.7329934,SEND,708,"DATA, attempt=1"
1780652081.7335262,ACK_RECEIVED,708,ACK
1780652081.7336068,SEND,709,"DATA, attempt=1"
1780652081.7340856,ACK_RECEIVED,709,ACK
1780652081.7341638,SEND,710,"DATA, attempt=1"
1780652081.7347293,ACK_RECEIVED,710,ACK
1780652081.7348254,SEND,711,"DATA, attempt=1"
1780652081.7353258,ACK_RECEIVED,711,ACK
1780652081.7354636,SEND,712,"DATA, attempt=1"
1780652081.7379613,ACK_RECEIVED,712,ACK
1780652081.7390673,SEND,713,"DATA, attempt=1"
1780652081.7402377,ACK_RECEIVED,713,ACK
1780652081.7403834,SEND,714,"DATA, attempt=1"
1780652081.7409477,ACK_RECEIVED,714,ACK
1780652081.741054,SEND,715,"DATA, attempt=1"
1780652081.7415826,ACK_RECEIVED,715,ACK
1780652081.7416835,SEND,716,"DATA, attempt=1"
1780652081.742126,ACK_RECEIVED,716,ACK
1780652081.742211,SEND,717,"DATA, attempt=1"
1780652081.7427053,ACK_RECEIVED,717,ACK
1780652081.742827,SEND,718,"DATA, attempt=1"
1780652081.743283,ACK_RECEIVED,718,ACK
1780652081.743375,SEND,719,"DATA, attempt=1"
1780652081.7438061,ACK_RECEIVED,719,ACK
1780652081.743943,SEND,720,"DATA, attempt=1"
1780652081.7452025,ACK_RECEIVED,720,ACK
1780652081.745323,SEND,721,"DATA, attempt=1"
1780652081.7461553,ACK_RECEIVED,721,ACK
1780652081.7462602,SEND,722,"DATA, attempt=1"
1780652081.7467618,ACK_RECEIVED,722,ACK
1780652081.7468402,SEND,723,"DATA, attempt=1"
1780652081.7473114,ACK_RECEIVED,723,ACK
1780652081.7474093,SEND,724,"DATA, attempt=1"
1780652081.7478945,ACK_RECEIVED,724,ACK
1780652081.747975,SEND,725,"DATA, attempt=1"
1780652081.7484965,ACK_RECEIVED,725,ACK
1780652081.748618,SEND,726,"DATA, attempt=1"
1780652081.7493687,ACK_RECEIVED,726,ACK
1780652081.7494633,SEND,727,"DATA, attempt=1"
1780652081.749961,ACK_RECEIVED,727,ACK
1780652081.7500424,SEND,728,"DATA, attempt=1"
1780652081.750494,ACK_RECEIVED,728,ACK
1780652081.7506187,SEND,729,"DATA, attempt=1"
1780652081.7516892,ACK_RECEIVED,729,ACK
1780652081.7518575,SEND,730,"DATA, attempt=1"
1780652081.7534468,ACK_RECEIVED,730,ACK
1780652081.7536175,SEND,731,"DATA, attempt=1"
1780652081.7558823,ACK_RECEIVED,731,ACK
1780652081.756211,SEND,732,"DATA, attempt=1"
1780652081.7573996,ACK_RECEIVED,732,ACK
1780652081.7575176,SEND,733,"DATA, attempt=1"
1780652081.7581115,ACK_RECEIVED,733,ACK
1780652081.7582452,SEND,734,"DATA, attempt=1"
1780652081.758866,ACK_RECEIVED,734,ACK
1780652081.759025,SEND,735,"DATA, attempt=1"
1780652081.7598226,ACK_RECEIVED,735,ACK
1780652081.759902,SEND,736,"DATA, attempt=1"
1780652081.7610903,ACK_RECEIVED,736,ACK
1780652081.7611792,SEND,737,"DATA, attempt=1"
1780652081.7619975,ACK_RECEIVED,737,ACK
1780652081.76212,SEND,738,"DATA, attempt=1"
1780652081.762969,ACK_RECEIVED,738,ACK
1780652081.7631314,SEND,739,"DATA, attempt=1"
1780652081.764143,ACK_RECEIVED,739,ACK
1780652081.7642574,SEND,740,"DATA, attempt=1"
1780652081.7650692,ACK_RECEIVED,740,ACK
1780652081.7651625,SEND,741,"DATA, attempt=1"
1780652081.7659714,ACK_RECEIVED,741,ACK
1780652081.7660532,SEND,742,"DATA, attempt=1"
1780652081.7666216,ACK_RECEIVED,742,ACK
1780652081.7667599,SEND,743,"DATA, attempt=1"
1780652081.7674766,ACK_RECEIVED,743,ACK
1780652081.767623,SEND,744,"DATA, attempt=1"
1780652081.7688231,ACK_RECEIVED,744,ACK
1780652081.7690206,SEND,745,"DATA, attempt=1"
1780652081.770171,ACK_RECEIVED,745,ACK
1780652081.7702994,SEND,746,"DATA, attempt=1"
1780652081.773252,ACK_RECEIVED,746,ACK
1780652081.7734919,SEND,747,"DATA, attempt=1"
1780652081.7757854,ACK_RECEIVED,747,ACK
1780652081.7759438,SEND,748,"DATA, attempt=1"
1780652081.7766452,ACK_RECEIVED,748,ACK
1780652081.7767603,SEND,749,"DATA, attempt=1"
1780652081.7774732,ACK_RECEIVED,749,ACK
1780652081.7776136,SEND,750,"DATA, attempt=1"
1780652081.778402,ACK_RECEIVED,750,ACK
1780652081.7785323,SEND,751,"DATA, attempt=1"
1780652081.779026,ACK_RECEIVED,751,ACK
1780652081.7791188,SEND,752,"DATA, attempt=1"
1780652081.7796168,ACK_RECEIVED,752,ACK
1780652081.7797627,SEND,753,"DATA, attempt=1"
1780652081.7802415,ACK_RECEIVED,753,ACK
1780652081.7803166,SEND,754,"DATA, attempt=1"
1780652081.7808182,ACK_RECEIVED,754,ACK
1780652081.7809474,SEND,755,"DATA, attempt=1"
1780652081.782223,ACK_RECEIVED,755,ACK
1780652081.7823398,SEND,756,"DATA, attempt=1"
1780652081.782908,ACK_RECEIVED,756,ACK
1780652081.7829962,SEND,757,"DATA, attempt=1"
1780652081.7834828,ACK_RECEIVED,757,ACK
1780652081.783559,SEND,758,"DATA, attempt=1"
1780652081.78404,ACK_RECEIVED,758,ACK
1780652081.7841134,SEND,759,"DATA, attempt=1"
1780652081.7845964,ACK_RECEIVED,759,ACK
1780652081.7847023,SEND,760,"DATA, attempt=1"
1780652081.7852612,ACK_RECEIVED,760,ACK
1780652081.785354,SEND,761,"DATA, attempt=1"
1780652081.7882502,ACK_RECEIVED,761,ACK
1780652081.7885408,SEND,762,"DATA, attempt=1"
1780652081.7898054,ACK_RECEIVED,762,ACK
1780652081.7899005,SEND,763,"DATA, attempt=1"
1780652081.7905545,ACK_RECEIVED,763,ACK
1780652081.790665,SEND,764,"DATA, attempt=1"
1780652081.791245,ACK_RECEIVED,764,ACK
1780652081.791359,SEND,765,"DATA, attempt=1"
1780652081.791844,ACK_RECEIVED,765,ACK
1780652081.7919621,SEND,766,"DATA, attempt=1"
1780652081.7924476,ACK_RECEIVED,766,ACK
1780652081.792538,SEND,767,"DATA, attempt=1"
1780652081.7930677,ACK_RECEIVED,767,ACK
1780652081.7931437,SEND,768,"DATA, attempt=1"
1780652081.79384,ACK_RECEIVED,768,ACK
1780652081.7940614,SEND,769,"DATA, attempt=1"
1780652081.7958703,ACK_RECEIVED,769,ACK
1780652081.7960749,SEND,770,"DATA, attempt=1"
1780652081.7972383,ACK_RECEIVED,770,ACK
1780652081.7973616,SEND,771,"DATA, attempt=1"
1780652081.798101,ACK_RECEIVED,771,ACK
1780652081.7981796,SEND,772,"DATA, attempt=1"
1780652081.799024,ACK_RECEIVED,772,ACK
1780652081.7991357,SEND,773,"DATA, attempt=1"
1780652081.800085,ACK_RECEIVED,773,ACK
1780652081.8002074,SEND,774,"DATA, attempt=1"
1780652081.800913,ACK_RECEIVED,774,ACK
1780652081.8010478,SEND,775,"DATA, attempt=1"
1780652081.8030703,ACK_RECEIVED,775,ACK
1780652081.803346,SEND,776,"DATA, attempt=1"
1780652081.8068702,ACK_RECEIVED,776,ACK
1780652081.807083,SEND,777,"DATA, attempt=1"
1780652081.8084366,ACK_RECEIVED,777,ACK
1780652081.808575,SEND,778,"DATA, attempt=1"
1780652081.810221,ACK_RECEIVED,778,ACK
1780652081.810478,SEND,779,"DATA, attempt=1"
1780652081.8123956,ACK_RECEIVED,779,ACK
1780652081.8125496,SEND,780,"DATA, attempt=1"
1780652081.8134468,ACK_RECEIVED,780,ACK
1780652081.8135633,SEND,781,"DATA, attempt=1"
1780652081.8143356,ACK_RECEIVED,781,ACK
1780652081.814491,SEND,782,"DATA, attempt=1"
1780652081.8151968,ACK_RECEIVED,782,ACK
1780652081.8155544,SEND,783,"DATA, attempt=1"
1780652081.8162053,ACK_RECEIVED,783,ACK
1780652081.8163419,SEND,784,"DATA, attempt=1"
1780652081.8175023,ACK_RECEIVED,784,ACK
1780652081.817935,SEND,785,"DATA, attempt=1"
1780652081.820905,ACK_RECEIVED,785,ACK
1780652081.8211858,SEND,786,"DATA, attempt=1"
1780652081.823066,ACK_RECEIVED,786,ACK
1780652081.8231885,SEND,787,"DATA, attempt=1"
1780652081.8246238,ACK_RECEIVED,787,ACK
1780652081.824789,SEND,788,"DATA, attempt=1"
1780652081.8256896,ACK_RECEIVED,788,ACK
1780652081.8259547,SEND,789,"DATA, attempt=1"
1780652081.8270035,ACK_RECEIVED,789,ACK
1780652081.8271112,SEND,790,"DATA, attempt=1"
1780652081.8279867,ACK_RECEIVED,790,ACK
1780652081.8282013,SEND,791,"DATA, attempt=1"
1780652081.8290195,ACK_RECEIVED,791,ACK
1780652081.829221,SEND,792,"DATA, attempt=1"
1780652081.8300676,ACK_RECEIVED,792,ACK
1780652081.8301587,SEND,793,"DATA, attempt=1"
1780652081.8307514,ACK_RECEIVED,793,ACK
1780652081.830859,SEND,794,"DATA, attempt=1"
1780652081.8313808,ACK_RECEIVED,794,ACK
1780652081.8315115,SEND,795,"DATA, attempt=1"
1780652081.83224,ACK_RECEIVED,795,ACK
1780652081.8324318,SEND,796,"DATA, attempt=1"
1780652081.833425,ACK_RECEIVED,796,ACK
1780652081.833514,SEND,797,"DATA, attempt=1"
1780652081.8341968,ACK_RECEIVED,797,ACK
1780652081.834291,SEND,798,"DATA, attempt=1"
1780652081.8350294,ACK_RECEIVED,798,ACK
1780652081.8351,SEND,799,"DATA, attempt=1"
1780652081.836105,ACK_RECEIVED,799,ACK
1780652081.8363044,SEND,800,"DATA, attempt=1"
1780652081.8386393,ACK_RECEIVED,800,ACK
1780652081.838934,SEND,801,"DATA, attempt=1"
1780652081.8403633,ACK_RECEIVED,801,ACK
1780652081.8404746,SEND,802,"DATA, attempt=1"
1780652081.841005,ACK_RECEIVED,802,ACK
1780652081.8410892,SEND,803,"DATA, attempt=1"
1780652081.841608,ACK_RECEIVED,803,ACK
1780652081.8417356,SEND,804,"DATA, attempt=1"
1780652081.8421679,ACK_RECEIVED,804,ACK
1780652081.8422503,SEND,805,"DATA, attempt=1"
1780652081.84278,ACK_RECEIVED,805,ACK
1780652081.8428519,SEND,806,"DATA, attempt=1"
1780652081.8435218,ACK_RECEIVED,806,ACK
1780652081.843706,SEND,807,"DATA, attempt=1"
1780652081.8449316,ACK_RECEIVED,807,ACK
1780652081.8451316,SEND,808,"DATA, attempt=1"
1780652081.8460915,ACK_RECEIVED,808,ACK
1780652081.8462155,SEND,809,"DATA, attempt=1"
1780652081.8472633,ACK_RECEIVED,809,ACK
1780652081.847346,SEND,810,"DATA, attempt=1"
1780652081.8478363,ACK_RECEIVED,810,ACK
1780652081.8479135,SEND,811,"DATA, attempt=1"
1780652081.8484178,ACK_RECEIVED,811,ACK
1780652081.848498,SEND,812,"DATA, attempt=1"
1780652081.8489485,ACK_RECEIVED,812,ACK
1780652081.8490188,SEND,813,"DATA, attempt=1"
1780652081.849583,ACK_RECEIVED,813,ACK
1780652081.8496706,SEND,814,"DATA, attempt=1"
1780652081.8504932,ACK_RECEIVED,814,ACK
1780652081.850866,SEND,815,"DATA, attempt=1"
1780652081.8517704,ACK_RECEIVED,815,ACK
1780652081.8518991,SEND,816,"DATA, attempt=1"
1780652081.8528328,ACK_RECEIVED,816,ACK
1780652081.853674,SEND,817,"DATA, attempt=1"
1780652081.8551052,ACK_RECEIVED,817,ACK
1780652081.8552341,SEND,818,"DATA, attempt=1"
1780652081.8567357,ACK_RECEIVED,818,ACK
1780652081.856869,SEND,819,"DATA, attempt=1"
1780652081.857734,ACK_RECEIVED,819,ACK
1780652081.8578262,SEND,820,"DATA, attempt=1"
1780652081.8583562,ACK_RECEIVED,820,ACK
1780652081.8584468,SEND,821,"DATA, attempt=1"
1780652081.8589938,ACK_RECEIVED,821,ACK
1780652081.8590846,SEND,822,"DATA, attempt=1"
1780652081.859663,ACK_RECEIVED,822,ACK
1780652081.8598077,SEND,823,"DATA, attempt=1"
1780652081.8602726,ACK_RECEIVED,823,ACK
1780652081.8603451,SEND,824,"DATA, attempt=1"
1780652081.860871,ACK_RECEIVED,824,ACK
1780652081.860969,SEND,825,"DATA, attempt=1"
1780652081.861905,ACK_RECEIVED,825,ACK
1780652081.8620312,SEND,826,"DATA, attempt=1"
1780652081.8629844,ACK_RECEIVED,826,ACK
1780652081.8632061,SEND,827,"DATA, attempt=1"
1780652081.8638372,ACK_RECEIVED,827,ACK
1780652081.8639746,SEND,828,"DATA, attempt=1"
1780652081.864434,ACK_RECEIVED,828,ACK
1780652081.8645465,SEND,829,"DATA, attempt=1"
1780652081.865077,ACK_RECEIVED,829,ACK
1780652081.865191,SEND,830,"DATA, attempt=1"
1780652081.8656523,ACK_RECEIVED,830,ACK
1780652081.8657577,SEND,831,"DATA, attempt=1"
1780652081.866603,ACK_RECEIVED,831,ACK
1780652081.866719,SEND,832,"DATA, attempt=1"
1780652081.867388,ACK_RECEIVED,832,ACK
1780652081.8674781,SEND,833,"DATA, attempt=1"
1780652081.868221,ACK_RECEIVED,833,ACK
1780652081.8684473,SEND,834,"DATA, attempt=1"
1780652081.869872,ACK_RECEIVED,834,ACK
1780652081.8704283,SEND,835,"DATA, attempt=1"
1780652081.8725657,ACK_RECEIVED,835,ACK
1780652081.8726776,SEND,836,"DATA, attempt=1"
1780652081.873747,ACK_RECEIVED,836,ACK
1780652081.8739474,SEND,837,"DATA, attempt=1"
1780652081.874706,ACK_RECEIVED,837,ACK
1780652081.8748624,SEND,838,"DATA, attempt=1"
1780652081.8753612,ACK_RECEIVED,838,ACK
1780652081.875484,SEND,839,"DATA, attempt=1"
1780652081.8759584,ACK_RECEIVED,839,ACK
1780652081.8760378,SEND,840,"DATA, attempt=1"
1780652081.8765662,ACK_RECEIVED,840,ACK
1780652081.876659,SEND,841,"DATA, attempt=1"
1780652081.8771412,ACK_RECEIVED,841,ACK
1780652081.8772244,SEND,842,"DATA, attempt=1"
1780652081.8776734,ACK_RECEIVED,842,ACK
1780652081.877753,SEND,843,"DATA, attempt=1"
1780652081.8785229,ACK_RECEIVED,843,ACK
1780652081.879064,SEND,844,"DATA, attempt=1"
1780652081.880187,ACK_RECEIVED,844,ACK
1780652081.8803418,SEND,845,"DATA, attempt=1"
1780652081.8816159,ACK_RECEIVED,845,ACK
1780652081.8818204,SEND,846,"DATA, attempt=1"
1780652081.8831189,ACK_RECEIVED,846,ACK
1780652081.883264,SEND,847,"DATA, attempt=1"
1780652081.884582,ACK_RECEIVED,847,ACK
1780652081.8847988,SEND,848,"DATA, attempt=1"
1780652081.9241884,ACK_RECEIVED,848,ACK
1780652081.9243517,SEND,849,"DATA, attempt=1"
1780652081.925888,ACK_RECEIVED,849,ACK
1780652081.9260554,SEND,850,"DATA, attempt=1"
1780652081.9277806,ACK_RECEIVED,850,ACK
1780652081.9280057,SEND,851,"DATA, attempt=1"
1780652081.9292445,ACK_RECEIVED,851,ACK
1780652081.9293516,SEND,852,"DATA, attempt=1"
1780652081.9307852,ACK_RECEIVED,852,ACK
1780652081.9309614,SEND,853,"DATA, attempt=1"
1780652081.9319777,ACK_RECEIVED,853,ACK
1780652081.93217,SEND,854,"DATA, attempt=1"
1780652081.9332345,ACK_RECEIVED,854,ACK
1780652081.9334347,SEND,855,"DATA, attempt=1"
1780652081.9347482,ACK_RECEIVED,855,ACK
1780652081.934878,SEND,856,"DATA, attempt=1"
1780652081.9359186,ACK_RECEIVED,856,ACK
1780652081.9360628,SEND,857,"DATA, attempt=1"
1780652081.9405103,ACK_RECEIVED,857,ACK
1780652081.9437752,SEND,858,"DATA, attempt=1"
1780652081.9456422,ACK_RECEIVED,858,ACK
1780652081.9458468,SEND,859,"DATA, attempt=1"
1780652081.9468923,ACK_RECEIVED,859,ACK
1780652081.9470658,SEND,860,"DATA, attempt=1"
1780652081.9485335,ACK_RECEIVED,860,ACK
1780652081.948661,SEND,861,"DATA, attempt=1"
1780652081.9496355,ACK_RECEIVED,861,ACK
1780652081.9497921,SEND,862,"DATA, attempt=1"
1780652081.9506025,ACK_RECEIVED,862,ACK
1780652081.950708,SEND,863,"DATA, attempt=1"
1780652081.9515224,ACK_RECEIVED,863,ACK
1780652081.951683,SEND,864,"DATA, attempt=1"
1780652081.95279,ACK_RECEIVED,864,ACK
1780652081.9529436,SEND,865,"DATA, attempt=1"
1780652081.9553707,ACK_RECEIVED,865,ACK
1780652081.9555774,SEND,866,"DATA, attempt=1"
1780652081.9571693,ACK_RECEIVED,866,ACK
1780652081.9573128,SEND,867,"DATA, attempt=1"
1780652081.9581409,ACK_RECEIVED,867,ACK
1780652081.9583313,SEND,868,"DATA, attempt=1"
1780652081.959071,ACK_RECEIVED,868,ACK
1780652081.959164,SEND,869,"DATA, attempt=1"
1780652081.9598293,ACK_RECEIVED,869,ACK
1780652081.9599714,SEND,870,"DATA, attempt=1"
1780652081.9608572,ACK_RECEIVED,870,ACK
1780652081.961142,SEND,871,"DATA, attempt=1"
1780652081.9621482,ACK_RECEIVED,871,ACK
1780652081.9623022,SEND,872,"DATA, attempt=1"
1780652081.9635088,ACK_RECEIVED,872,ACK
1780652081.9636447,SEND,873,"DATA, attempt=1"
1780652081.9646165,ACK_RECEIVED,873,ACK
1780652081.9678779,SEND,874,"DATA, attempt=1"
1780652081.9695337,ACK_RECEIVED,874,ACK
1780652081.9706259,SEND,875,"DATA, attempt=1"
1780652081.9722831,ACK_RECEIVED,875,ACK
1780652081.972425,SEND,876,"DATA, attempt=1"
1780652081.9737327,ACK_RECEIVED,876,ACK
1780652081.973884,SEND,877,"DATA, attempt=1"
1780652081.9750032,ACK_RECEIVED,877,ACK
1780652081.9751444,SEND,878,"DATA, attempt=1"
1780652081.9760883,ACK_RECEIVED,878,ACK
1780652081.9762084,SEND,879,"DATA, attempt=1"
1780652081.9771035,ACK_RECEIVED,879,ACK
1780652081.9772425,SEND,880,"DATA, attempt=1"
1780652081.9781244,ACK_RECEIVED,880,ACK
1780652081.978251,SEND,881,"DATA, attempt=1"
1780652081.9790342,ACK_RECEIVED,881,ACK
1780652081.9791625,SEND,882,"DATA, attempt=1"
1780652081.9799652,ACK_RECEIVED,882,ACK
1780652081.9801383,SEND,883,"DATA, attempt=1"
1780652081.9809651,ACK_RECEIVED,883,ACK
1780652081.981081,SEND,884,"DATA, attempt=1"
1780652081.9823215,ACK_RECEIVED,884,ACK
1780652081.9825206,SEND,885,"DATA, attempt=1"
1780652081.9834027,ACK_RECEIVED,885,ACK
1780652081.983532,SEND,886,"DATA, attempt=1"
1780652081.9841485,ACK_RECEIVED,886,ACK
1780652081.9842646,SEND,887,"DATA, attempt=1"
1780652081.9849606,ACK_RECEIVED,887,ACK
1780652081.9850798,SEND,888,"DATA, attempt=1"
1780652081.9863205,ACK_RECEIVED,888,ACK
1780652081.986569,SEND,889,"DATA, attempt=1"
1780652081.9887516,ACK_RECEIVED,889,ACK
1780652081.9890165,SEND,890,"DATA, attempt=1"
1780652081.9905028,ACK_RECEIVED,890,ACK
1780652081.9906664,SEND,891,"DATA, attempt=1"
1780652081.9915524,ACK_RECEIVED,891,ACK
1780652081.9916563,SEND,892,"DATA, attempt=1"
1780652081.99263,ACK_RECEIVED,892,ACK
1780652081.9927533,SEND,893,"DATA, attempt=1"
1780652081.9935925,ACK_RECEIVED,893,ACK
1780652081.9937212,SEND,894,"DATA, attempt=1"
1780652081.9948065,ACK_RECEIVED,894,ACK
1780652081.994945,SEND,895,"DATA, attempt=1"
1780652081.9956594,ACK_RECEIVED,895,ACK
1780652081.995792,SEND,896,"DATA, attempt=1"
1780652081.996434,ACK_RECEIVED,896,ACK
1780652081.9966104,SEND,897,"DATA, attempt=1"
1780652081.9974446,ACK_RECEIVED,897,ACK
1780652081.997563,SEND,898,"DATA, attempt=1"
1780652081.9982154,ACK_RECEIVED,898,ACK
1780652081.998323,SEND,899,"DATA, attempt=1"
1780652081.9991417,ACK_RECEIVED,899,ACK
1780652081.9992974,SEND,900,"DATA, attempt=1"
1780652082.0001082,ACK_RECEIVED,900,ACK
1780652082.000271,SEND,901,"DATA, attempt=1"
1780652082.0016296,ACK_RECEIVED,901,ACK
1780652082.0017989,SEND,902,"DATA, attempt=1"
1780652082.003743,ACK_RECEIVED,902,ACK
1780652082.003951,SEND,903,"DATA, attempt=1"
1780652082.0052316,ACK_RECEIVED,903,ACK
1780652082.0054493,SEND,904,"DATA, attempt=1"
1780652082.0067835,ACK_RECEIVED,904,ACK
1780652082.0069528,SEND,905,"DATA, attempt=1"
1780652082.0083585,ACK_RECEIVED,905,ACK
1780652082.008511,SEND,906,"DATA, attempt=1"
1780652082.0092492,ACK_RECEIVED,906,ACK
1780652082.0093887,SEND,907,"DATA, attempt=1"
1780652082.0101235,ACK_RECEIVED,907,ACK
1780652082.010213,SEND,908,"DATA, attempt=1"
1780652082.011055,ACK_RECEIVED,908,ACK
1780652082.0111866,SEND,909,"DATA, attempt=1"
1780652082.0121868,ACK_RECEIVED,909,ACK
1780652082.012412,SEND,910,"DATA, attempt=1"
1780652082.0137744,ACK_RECEIVED,910,ACK
1780652082.014068,SEND,911,"DATA, attempt=1"
1780652082.0153525,ACK_RECEIVED,911,ACK
1780652082.0155027,SEND,912,"DATA, attempt=1"
1780652082.0163724,ACK_RECEIVED,912,ACK
1780652082.016562,SEND,913,"DATA, attempt=1"
1780652082.0173452,ACK_RECEIVED,913,ACK
1780652082.0175078,SEND,914,"DATA, attempt=1"
1780652082.0185559,ACK_RECEIVED,914,ACK
1780652082.0189526,SEND,915,"DATA, attempt=1"
1780652082.0211809,ACK_RECEIVED,915,ACK
1780652082.0213895,SEND,916,"DATA, attempt=1"
1780652082.022969,ACK_RECEIVED,916,ACK
1780652082.0232434,SEND,917,"DATA, attempt=1"
1780652082.0242963,ACK_RECEIVED,917,ACK
1780652082.0244238,SEND,918,"DATA, attempt=1"
1780652082.0252557,ACK_RECEIVED,918,ACK
1780652082.025367,SEND,919,"DATA, attempt=1"
1780652082.026331,ACK_RECEIVED,919,ACK
1780652082.026443,SEND,920,"DATA, attempt=1"
1780652082.0271049,ACK_RECEIVED,920,ACK
1780652082.0272439,SEND,921,"DATA, attempt=1"
1780652082.0278668,ACK_RECEIVED,921,ACK
1780652082.0279593,SEND,922,"DATA, attempt=1"
1780652082.02862,ACK_RECEIVED,922,ACK
1780652082.028706,SEND,923,"DATA, attempt=1"
1780652082.029318,ACK_RECEIVED,923,ACK
1780652082.0294445,SEND,924,"DATA, attempt=1"
1780652082.0303462,ACK_RECEIVED,924,ACK
1780652082.0305178,SEND,925,"DATA, attempt=1"
1780652082.0315073,ACK_RECEIVED,925,ACK
1780652082.031638,SEND,926,"DATA, attempt=1"
1780652082.0323405,ACK_RECEIVED,926,ACK
1780652082.0324671,SEND,927,"DATA, attempt=1"
1780652082.0331485,ACK_RECEIVED,927,ACK
1780652082.0332608,SEND,928,"DATA, attempt=1"
1780652082.0338893,ACK_RECEIVED,928,ACK
1780652082.0339835,SEND,929,"DATA, attempt=1"
1780652082.0347216,ACK_RECEIVED,929,ACK
1780652082.0348477,SEND,930,"DATA, attempt=1"
1780652082.0358195,ACK_RECEIVED,930,ACK
1780652082.035973,SEND,931,"DATA, attempt=1"
1780652082.0377886,ACK_RECEIVED,931,ACK
1780652082.0382504,SEND,932,"DATA, attempt=1"
1780652082.0398052,ACK_RECEIVED,932,ACK
1780652082.0400977,SEND,933,"DATA, attempt=1"
1780652082.041198,ACK_RECEIVED,933,ACK
1780652082.0413024,SEND,934,"DATA, attempt=1"
1780652082.0423667,ACK_RECEIVED,934,ACK
1780652082.0424907,SEND,935,"DATA, attempt=1"
1780652082.0432677,ACK_RECEIVED,935,ACK
1780652082.0434337,SEND,936,"DATA, attempt=1"
1780652082.0442579,ACK_RECEIVED,936,ACK
1780652082.0443676,SEND,937,"DATA, attempt=1"
1780652082.0456066,ACK_RECEIVED,937,ACK
1780652082.0457911,SEND,938,"DATA, attempt=1"
1780652082.0468588,ACK_RECEIVED,938,ACK
1780652082.0470445,SEND,939,"DATA, attempt=1"
1780652082.047942,ACK_RECEIVED,939,ACK
1780652082.0480576,SEND,940,"DATA, attempt=1"
1780652082.0487552,ACK_RECEIVED,940,ACK
1780652082.0488672,SEND,941,"DATA, attempt=1"
1780652082.049632,ACK_RECEIVED,941,ACK
1780652082.0497506,SEND,942,"DATA, attempt=1"
1780652082.0507069,ACK_RECEIVED,942,ACK
1780652082.0508962,SEND,943,"DATA, attempt=1"
1780652082.0526385,ACK_RECEIVED,943,ACK
1780652082.0529215,SEND,944,"DATA, attempt=1"
1780652082.054947,ACK_RECEIVED,944,ACK
1780652082.0552928,SEND,945,"DATA, attempt=1"
1780652082.0569642,ACK_RECEIVED,945,ACK
1780652082.0571325,SEND,946,"DATA, attempt=1"
1780652082.0582867,ACK_RECEIVED,946,ACK
1780652082.0584729,SEND,947,"DATA, attempt=1"
1780652082.0595074,ACK_RECEIVED,947,ACK
1780652082.0596461,SEND,948,"DATA, attempt=1"
1780652082.060478,ACK_RECEIVED,948,ACK
1780652082.0606296,SEND,949,"DATA, attempt=1"
1780652082.0614572,ACK_RECEIVED,949,ACK
1780652082.0616574,SEND,950,"DATA, attempt=1"
1780652082.0625477,ACK_RECEIVED,950,ACK
1780652082.0627265,SEND,951,"DATA, attempt=1"
1780652082.0643787,ACK_RECEIVED,951,ACK
1780652082.0645363,SEND,952,"DATA, attempt=1"
1780652082.0652041,ACK_RECEIVED,952,ACK
1780652082.0653734,SEND,953,"DATA, attempt=1"
1780652082.0661132,ACK_RECEIVED,953,ACK
1780652082.0662003,SEND,954,"DATA, attempt=1"
1780652082.0669353,ACK_RECEIVED,954,ACK
1780652082.0670295,SEND,955,"DATA, attempt=1"
1780652082.0679255,ACK_RECEIVED,955,ACK
1780652082.0680768,SEND,956,"DATA, attempt=1"
1780652082.069702,ACK_RECEIVED,956,ACK
1780652082.0699718,SEND,957,"DATA, attempt=1"
1780652082.0719297,ACK_RECEIVED,957,ACK
1780652082.072144,SEND,958,"DATA, attempt=1"
1780652082.0734346,ACK_RECEIVED,958,ACK
1780652082.0735867,SEND,959,"DATA, attempt=1"
1780652082.0746388,ACK_RECEIVED,959,ACK
1780652082.074752,SEND,960,"DATA, attempt=1"
1780652082.075466,ACK_RECEIVED,960,ACK
1780652082.0756724,SEND,961,"DATA, attempt=1"
1780652082.076386,ACK_RECEIVED,961,ACK
1780652082.076469,SEND,962,"DATA, attempt=1"
1780652082.0773346,ACK_RECEIVED,962,ACK
1780652082.0774884,SEND,963,"DATA, attempt=1"
1780652082.078205,ACK_RECEIVED,963,ACK
1780652082.0783672,SEND,964,"DATA, attempt=1"
1780652082.0792024,ACK_RECEIVED,964,ACK
1780652082.0793083,SEND,965,"DATA, attempt=1"
1780652082.0800464,ACK_RECEIVED,965,ACK
1780652082.0801466,SEND,966,"DATA, attempt=1"
1780652082.080715,ACK_RECEIVED,966,ACK
1780652082.0808437,SEND,967,"DATA, attempt=1"
1780652082.0815134,ACK_RECEIVED,967,ACK
1780652082.0816572,SEND,968,"DATA, attempt=1"
1780652082.082504,ACK_RECEIVED,968,ACK
1780652082.0826626,SEND,969,"DATA, attempt=1"
1780652082.0836334,ACK_RECEIVED,969,ACK
1780652082.083734,SEND,970,"DATA, attempt=1"
1780652082.084645,ACK_RECEIVED,970,ACK
1780652082.084782,SEND,971,"DATA, attempt=1"
1780652082.0858245,ACK_RECEIVED,971,ACK
1780652082.085986,SEND,972,"DATA, attempt=1"
1780652082.0876014,ACK_RECEIVED,972,ACK
1780652082.088021,SEND,973,"DATA, attempt=1"
1780652082.0894418,ACK_RECEIVED,973,ACK
1780652082.0896893,SEND,974,"DATA, attempt=1"
1780652082.0910997,ACK_RECEIVED,974,ACK
1780652082.091239,SEND,975,"DATA, attempt=1"
1780652082.0920386,ACK_RECEIVED,975,ACK
1780652082.0921957,SEND,976,"DATA, attempt=1"
1780652082.0928023,ACK_RECEIVED,976,ACK
1780652082.0928953,SEND,977,"DATA, attempt=1"
1780652082.0937102,ACK_RECEIVED,977,ACK
1780652082.0938716,SEND,978,"DATA, attempt=1"
1780652082.0949256,ACK_RECEIVED,978,ACK
1780652082.0950408,SEND,979,"DATA, attempt=1"
1780652082.095889,ACK_RECEIVED,979,ACK
1780652082.0960457,SEND,980,"DATA, attempt=1"
1780652082.096753,ACK_RECEIVED,980,ACK
1780652082.0968425,SEND,981,"DATA, attempt=1"
1780652082.097701,ACK_RECEIVED,981,ACK
1780652082.0978532,SEND,982,"DATA, attempt=1"
1780652082.0984359,ACK_RECEIVED,982,ACK
1780652082.0985758,SEND,983,"DATA, attempt=1"
1780652082.0991027,ACK_RECEIVED,983,ACK
1780652082.099186,SEND,984,"DATA, attempt=1"
1780652082.0997725,ACK_RECEIVED,984,ACK
1780652082.0999222,SEND,985,"DATA, attempt=1"
1780652082.1008708,ACK_RECEIVED,985,ACK
1780652082.1010196,SEND,986,"DATA, attempt=1"
1780652082.1017861,ACK_RECEIVED,986,ACK
1780652082.1019547,SEND,987,"DATA, attempt=1"
1780652082.1032388,ACK_RECEIVED,987,ACK
1780652082.1035497,SEND,988,"DATA, attempt=1"
1780652082.1046145,ACK_RECEIVED,988,ACK
1780652082.1047602,SEND,989,"DATA, attempt=1"
1780652082.1065176,ACK_RECEIVED,989,ACK
1780652082.1066937,SEND,990,"DATA, attempt=1"
1780652082.1076462,ACK_RECEIVED,990,ACK
1780652082.1077461,SEND,991,"DATA, attempt=1"
1780652082.1084442,ACK_RECEIVED,991,ACK
1780652082.1085374,SEND,992,"DATA, attempt=1"
1780652082.113361,ACK_RECEIVED,992,ACK
1780652082.113537,SEND,993,"DATA, attempt=1"
1780652082.1145473,ACK_RECEIVED,993,ACK
1780652082.1146655,SEND,994,"DATA, attempt=1"
1780652082.1153812,ACK_RECEIVED,994,ACK
1780652082.115618,SEND,995,"DATA, attempt=1"
1780652082.1163607,ACK_RECEIVED,995,ACK
1780652082.1164515,SEND,996,"DATA, attempt=1"
1780652082.11713,ACK_RECEIVED,996,ACK
1780652082.1172404,SEND,997,"DATA, attempt=1"
1780652082.1178627,ACK_RECEIVED,997,ACK
1780652082.1179776,SEND,998,"DATA, attempt=1"
1780652082.1185696,ACK_RECEIVED,998,ACK
1780652082.1187534,SEND,999,"DATA, attempt=1"
1780652082.1202304,ACK_RECEIVED,999,ACK
1780652082.1205766,SEND,1000,"DATA, attempt=1"
1780652082.1222796,ACK_RECEIVED,1000,ACK
1780652082.122528,SEND,1001,"DATA, attempt=1"
1780652082.1240892,ACK_RECEIVED,1001,ACK
1780652082.124234,SEND,1002,"DATA, attempt=1"
1780652082.1251822,ACK_RECEIVED,1002,ACK
1780652082.1253245,SEND,1003,"DATA, attempt=1"
1780652082.1260848,ACK_RECEIVED,1003,ACK
1780652082.1261668,SEND,1004,"DATA, attempt=1"
1780652082.1267736,ACK_RECEIVED,1004,ACK
1780652082.1268997,SEND,1005,"DATA, attempt=1"
1780652082.1283581,ACK_RECEIVED,1005,ACK
1780652082.1285238,SEND,1006,"DATA, attempt=1"
1780652082.129574,ACK_RECEIVED,1006,ACK
1780652082.1297166,SEND,1007,"DATA, attempt=1"
1780652082.130455,ACK_RECEIVED,1007,ACK
1780652082.13057,SEND,1008,"DATA, attempt=1"
1780652082.1310785,ACK_RECEIVED,1008,ACK
1780652082.131163,SEND,1009,"DATA, attempt=1"
1780652082.1318007,ACK_RECEIVED,1009,ACK
1780652082.132017,SEND,1010,"DATA, attempt=1"
1780652082.132764,ACK_RECEIVED,1010,ACK
1780652082.132923,SEND,1011,"DATA, attempt=1"
1780652082.133905,ACK_RECEIVED,1011,ACK
1780652082.1340585,SEND,1012,"DATA, attempt=1"
1780652082.134848,ACK_RECEIVED,1012,ACK
1780652082.1350045,SEND,1013,"DATA, attempt=1"
1780652082.136241,ACK_RECEIVED,1013,ACK
1780652082.1364813,SEND,1014,"DATA, attempt=1"
1780652082.1377783,ACK_RECEIVED,1014,ACK
1780652082.1379476,SEND,1015,"DATA, attempt=1"
1780652082.1392255,ACK_RECEIVED,1015,ACK
1780652082.1395595,SEND,1016,"DATA, attempt=1"
1780652082.140875,ACK_RECEIVED,1016,ACK
1780652082.1410854,SEND,1017,"DATA, attempt=1"
1780652082.1420383,ACK_RECEIVED,1017,ACK
1780652082.142231,SEND,1018,"DATA, attempt=1"
1780652082.1431203,ACK_RECEIVED,1018,ACK
1780652082.143434,SEND,1019,"DATA, attempt=1"
1780652082.1443682,ACK_RECEIVED,1019,ACK
1780652082.1444547,SEND,1020,"DATA, attempt=1"
1780652082.14505,ACK_RECEIVED,1020,ACK
1780652082.1451359,SEND,1021,"DATA, attempt=1"
1780652082.146066,ACK_RECEIVED,1021,ACK
1780652082.146199,SEND,1022,"DATA, attempt=1"
1780652082.1471968,ACK_RECEIVED,1022,ACK
1780652082.1474721,SEND,1023,"DATA, attempt=1"
1780652082.1483443,ACK_RECEIVED,1023,ACK
1780652082.1484432,SEND,1024,"DATA, attempt=1"
1780652082.1492925,ACK_RECEIVED,1024,ACK
1780652082.1496687,SEND,1025,"DATA, attempt=1"
1780652082.150592,ACK_RECEIVED,1025,ACK
1780652082.1507452,SEND,1026,"DATA, attempt=1"
1780652082.1517172,ACK_RECEIVED,1026,ACK
1780652082.1519012,SEND,1027,"DATA, attempt=1"
1780652082.1532304,ACK_RECEIVED,1027,ACK
1780652082.1535478,SEND,1028,"DATA, attempt=1"
1780652082.1547196,ACK_RECEIVED,1028,ACK
1780652082.1548953,SEND,1029,"DATA, attempt=1"
1780652082.156251,ACK_RECEIVED,1029,ACK
1780652082.1563928,SEND,1030,"DATA, attempt=1"
1780652082.1572723,ACK_RECEIVED,1030,ACK
1780652082.157388,SEND,1031,"DATA, attempt=1"
1780652082.158359,ACK_RECEIVED,1031,ACK
1780652082.1585655,SEND,1032,"DATA, attempt=1"
1780652082.1594906,ACK_RECEIVED,1032,ACK
1780652082.1595836,SEND,1033,"DATA, attempt=1"
1780652082.1602998,ACK_RECEIVED,1033,ACK
1780652082.160441,SEND,1034,"DATA, attempt=1"
1780652082.1612623,ACK_RECEIVED,1034,ACK
1780652082.1614902,SEND,1035,"DATA, attempt=1"
1780652082.1624792,ACK_RECEIVED,1035,ACK
1780652082.1626225,SEND,1036,"DATA, attempt=1"
1780652082.1638274,ACK_RECEIVED,1036,ACK
1780652082.1639335,SEND,1037,"DATA, attempt=1"
1780652082.1647947,ACK_RECEIVED,1037,ACK
1780652082.164888,SEND,1038,"DATA, attempt=1"
1780652082.165705,ACK_RECEIVED,1038,ACK
1780652082.1658773,SEND,1039,"DATA, attempt=1"
1780652082.1666973,ACK_RECEIVED,1039,ACK
1780652082.1669595,SEND,1040,"DATA, attempt=1"
1780652082.1678693,ACK_RECEIVED,1040,ACK
1780652082.1681077,SEND,1041,"DATA, attempt=1"
1780652082.1720846,ACK_RECEIVED,1041,ACK
1780652082.172239,SEND,1042,"DATA, attempt=1"
1780652082.1738253,ACK_RECEIVED,1042,ACK
1780652082.173978,SEND,1043,"DATA, attempt=1"
1780652082.1753104,ACK_RECEIVED,1043,ACK
1780652082.175595,SEND,1044,"DATA, attempt=1"
1780652082.1765149,ACK_RECEIVED,1044,ACK
1780652082.1767447,SEND,1045,"DATA, attempt=1"
1780652082.1777265,ACK_RECEIVED,1045,ACK
1780652082.1778893,SEND,1046,"DATA, attempt=1"
1780652082.178625,ACK_RECEIVED,1046,ACK
1780652082.1788518,SEND,1047,"DATA, attempt=1"
1780652082.179946,ACK_RECEIVED,1047,ACK
1780652082.1800947,SEND,1048,"DATA, attempt=1"
1780652082.1810699,ACK_RECEIVED,1048,ACK
1780652082.1812007,SEND,1049,"DATA, attempt=1"
1780652082.1825223,ACK_RECEIVED,1049,ACK
1780652082.1827526,SEND,1050,"DATA, attempt=1"
1780652082.1836112,ACK_RECEIVED,1050,ACK
1780652082.1837747,SEND,1051,"DATA, attempt=1"
1780652082.1847413,ACK_RECEIVED,1051,ACK
1780652082.184939,SEND,1052,"DATA, attempt=1"
1780652082.1863763,ACK_RECEIVED,1052,ACK
1780652082.1865826,SEND,1053,"DATA, attempt=1"
1780652082.1882637,ACK_RECEIVED,1053,ACK
1780652082.18859,SEND,1054,"DATA, attempt=1"
1780652082.190027,ACK_RECEIVED,1054,ACK
1780652082.1902604,SEND,1055,"DATA, attempt=1"
1780652082.1913786,ACK_RECEIVED,1055,ACK
1780652082.1915722,SEND,1056,"DATA, attempt=1"
1780652082.1926656,ACK_RECEIVED,1056,ACK
1780652082.1929116,SEND,1057,"DATA, attempt=1"
1780652082.1938975,ACK_RECEIVED,1057,ACK
1780652082.1940043,SEND,1058,"DATA, attempt=1"
1780652082.194784,ACK_RECEIVED,1058,ACK
1780652082.1949177,SEND,1059,"DATA, attempt=1"
1780652082.1959898,ACK_RECEIVED,1059,ACK
1780652082.1961534,SEND,1060,"DATA, attempt=1"
1780652082.1971505,ACK_RECEIVED,1060,ACK
1780652082.1973023,SEND,1061,"DATA, attempt=1"
1780652082.1981823,ACK_RECEIVED,1061,ACK
1780652082.1983058,SEND,1062,"DATA, attempt=1"
1780652082.1994188,ACK_RECEIVED,1062,ACK
1780652082.1995904,SEND,1063,"DATA, attempt=1"
1780652082.2006023,ACK_RECEIVED,1063,ACK
1780652082.2007022,SEND,1064,"DATA, attempt=1"
1780652082.2014906,ACK_RECEIVED,1064,ACK
1780652082.2016163,SEND,1065,"DATA, attempt=1"
1780652082.203882,ACK_RECEIVED,1065,ACK
1780652082.2040803,SEND,1066,"DATA, attempt=1"
1780652082.2056482,ACK_RECEIVED,1066,ACK
1780652082.2058392,SEND,1067,"DATA, attempt=1"
1780652082.2074423,ACK_RECEIVED,1067,ACK
1780652082.2075834,SEND,1068,"DATA, attempt=1"
1780652082.2084534,ACK_RECEIVED,1068,ACK
1780652082.2085848,SEND,1069,"DATA, attempt=1"
1780652082.2096744,ACK_RECEIVED,1069,ACK
1780652082.2098463,SEND,1070,"DATA, attempt=1"
1780652082.211062,ACK_RECEIVED,1070,ACK
1780652082.211204,SEND,1071,"DATA, attempt=1"
1780652082.2126298,ACK_RECEIVED,1071,ACK
1780652082.2128935,SEND,1072,"DATA, attempt=1"
1780652082.2138455,ACK_RECEIVED,1072,ACK
1780652082.2139552,SEND,1073,"DATA, attempt=1"
1780652082.2154667,ACK_RECEIVED,1073,ACK
1780652082.2159715,SEND,1074,"DATA, attempt=1"
1780652082.2172704,ACK_RECEIVED,1074,ACK
1780652082.2173665,SEND,1075,"DATA, attempt=1"
1780652082.2186913,ACK_RECEIVED,1075,ACK
1780652082.219114,SEND,1076,"DATA, attempt=1"
1780652082.2221003,ACK_RECEIVED,1076,ACK
1780652082.222261,SEND,1077,"DATA, attempt=1"
1780652082.2237082,ACK_RECEIVED,1077,ACK
1780652082.223874,SEND,1078,"DATA, attempt=1"
1780652082.2248597,ACK_RECEIVED,1078,ACK
1780652082.2249434,SEND,1079,"DATA, attempt=1"
1780652082.2257874,ACK_RECEIVED,1079,ACK
1780652082.225861,SEND,1080,"DATA, attempt=1"
1780652082.226651,ACK_RECEIVED,1080,ACK
1780652082.227445,SEND,1081,"DATA, attempt=1"
1780652082.2289941,ACK_RECEIVED,1081,ACK
1780652082.2291684,SEND,1082,"DATA, attempt=1"
1780652082.2300513,ACK_RECEIVED,1082,ACK
1780652082.230127,SEND,1083,"DATA, attempt=1"
1780652082.2309625,ACK_RECEIVED,1083,ACK
1780652082.231035,SEND,1084,"DATA, attempt=1"
1780652082.2317574,ACK_RECEIVED,1084,ACK
1780652082.2318761,SEND,1085,"DATA, attempt=1"
1780652082.2327921,ACK_RECEIVED,1085,ACK
1780652082.2331743,SEND,1086,"DATA, attempt=1"
1780652082.234523,ACK_RECEIVED,1086,ACK
1780652082.2346478,SEND,1087,"DATA, attempt=1"
1780652082.2368903,ACK_RECEIVED,1087,ACK
1780652082.2376745,SEND,1088,"DATA, attempt=1"
1780652082.2399573,ACK_RECEIVED,1088,ACK
1780652082.2400532,SEND,1089,"DATA, attempt=1"
1780652082.2411668,ACK_RECEIVED,1089,ACK
1780652082.2413158,SEND,1090,"DATA, attempt=1"
1780652082.2419603,ACK_RECEIVED,1090,ACK
1780652082.2422333,SEND,1091,"DATA, attempt=1"
1780652082.2430758,ACK_RECEIVED,1091,ACK
1780652082.2431896,SEND,1092,"DATA, attempt=1"
1780652082.2438004,ACK_RECEIVED,1092,ACK
1780652082.2439182,SEND,1093,"DATA, attempt=1"
1780652082.2444813,ACK_RECEIVED,1093,ACK
1780652082.2445784,SEND,1094,"DATA, attempt=1"
1780652082.2455359,ACK_RECEIVED,1094,ACK
1780652082.245936,SEND,1095,"DATA, attempt=1"
1780652082.2467937,ACK_RECEIVED,1095,ACK
1780652082.24694,SEND,1096,"DATA, attempt=1"
1780652082.2475874,ACK_RECEIVED,1096,ACK
1780652082.247686,SEND,1097,"DATA, attempt=1"
1780652082.2488241,ACK_RECEIVED,1097,ACK
1780652082.249144,SEND,1098,"DATA, attempt=1"
1780652082.2502596,ACK_RECEIVED,1098,ACK
1780652082.2503595,SEND,1099,"DATA, attempt=1"
1780652082.2509568,ACK_RECEIVED,1099,ACK
1780652082.2511256,SEND,1100,"DATA, attempt=1"
1780652082.2515538,ACK_RECEIVED,1100,ACK
1780652082.251696,SEND,1101,"DATA, attempt=1"
1780652082.2534719,ACK_RECEIVED,1101,ACK
1780652082.2535784,SEND,1102,"DATA, attempt=1"
1780652082.2562013,ACK_RECEIVED,1102,ACK
1780652082.2564218,SEND,1103,"DATA, attempt=1"
1780652082.2574143,ACK_RECEIVED,1103,ACK
1780652082.2575216,SEND,1104,"DATA, attempt=1"
1780652082.2582111,ACK_RECEIVED,1104,ACK
1780652082.2582839,SEND,1105,"DATA, attempt=1"
1780652082.2588532,ACK_RECEIVED,1105,ACK
1780652082.25893,SEND,1106,"DATA, attempt=1"
1780652082.2596357,ACK_RECEIVED,1106,ACK
1780652082.2597353,SEND,1107,"DATA, attempt=1"
1780652082.260294,ACK_RECEIVED,1107,ACK
1780652082.2604027,SEND,1108,"DATA, attempt=1"
1780652082.261323,ACK_RECEIVED,1108,ACK
1780652082.2614653,SEND,1109,"DATA, attempt=1"
1780652082.2627125,ACK_RECEIVED,1109,ACK
1780652082.262865,SEND,1110,"DATA, attempt=1"
1780652082.2634377,ACK_RECEIVED,1110,ACK
1780652082.2635417,SEND,1111,"DATA, attempt=1"
1780652082.2641761,ACK_RECEIVED,1111,ACK
1780652082.264309,SEND,1112,"DATA, attempt=1"
1780652082.265007,ACK_RECEIVED,1112,ACK
1780652082.2651243,SEND,1113,"DATA, attempt=1"
1780652082.2656565,ACK_RECEIVED,1113,ACK
1780652082.2657752,SEND,1114,"DATA, attempt=1"
1780652082.2667592,ACK_RECEIVED,1114,ACK
1780652082.2669132,SEND,1115,"DATA, attempt=1"
1780652082.2681205,ACK_RECEIVED,1115,ACK
1780652082.2683444,SEND,1116,"DATA, attempt=1"
1780652082.270245,ACK_RECEIVED,1116,ACK
1780652082.2705665,SEND,1117,"DATA, attempt=1"
1780652082.2722092,ACK_RECEIVED,1117,ACK
1780652082.272361,SEND,1118,"DATA, attempt=1"
1780652082.2735422,ACK_RECEIVED,1118,ACK
1780652082.273669,SEND,1119,"DATA, attempt=1"
1780652082.274307,ACK_RECEIVED,1119,ACK
1780652082.2744129,SEND,1120,"DATA, attempt=1"
1780652082.2753096,ACK_RECEIVED,1120,ACK
1780652082.275489,SEND,1121,"DATA, attempt=1"
1780652082.2765846,ACK_RECEIVED,1121,ACK
1780652082.2767968,SEND,1122,"DATA, attempt=1"
1780652082.2774756,ACK_RECEIVED,1122,ACK
1780652082.2776136,SEND,1123,"DATA, attempt=1"
1780652082.278494,ACK_RECEIVED,1123,ACK
1780652082.2785783,SEND,1124,"DATA, attempt=1"
1780652082.2802122,ACK_RECEIVED,1124,ACK
1780652082.280351,SEND,1125,"DATA, attempt=1"
1780652082.28116,ACK_RECEIVED,1125,ACK
1780652082.2813494,SEND,1126,"DATA, attempt=1"
1780652082.2825925,ACK_RECEIVED,1126,ACK
1780652082.2827458,SEND,1127,"DATA, attempt=1"
1780652082.2835371,ACK_RECEIVED,1127,ACK
1780652082.2836378,SEND,1128,"DATA, attempt=1"
1780652082.2842622,ACK_RECEIVED,1128,ACK
1780652082.284348,SEND,1129,"DATA, attempt=1"
1780652082.2850468,ACK_RECEIVED,1129,ACK
1780652082.2851293,SEND,1130,"DATA, attempt=1"
1780652082.287911,ACK_RECEIVED,1130,ACK
1780652082.2880683,SEND,1131,"DATA, attempt=1"
1780652082.2894795,ACK_RECEIVED,1131,ACK
1780652082.2895916,SEND,1132,"DATA, attempt=1"
1780652082.290275,ACK_RECEIVED,1132,ACK
1780652082.2903666,SEND,1133,"DATA, attempt=1"
1780652082.2909153,ACK_RECEIVED,1133,ACK
1780652082.290993,SEND,1134,"DATA, attempt=1"
1780652082.292046,ACK_RECEIVED,1134,ACK
1780652082.2921436,SEND,1135,"DATA, attempt=1"
1780652082.2926352,ACK_RECEIVED,1135,ACK
1780652082.292711,SEND,1136,"DATA, attempt=1"
1780652082.2935255,ACK_RECEIVED,1136,ACK
1780652082.2936583,SEND,1137,"DATA, attempt=1"
1780652082.2947283,ACK_RECEIVED,1137,ACK
1780652082.2948234,SEND,1138,"DATA, attempt=1"
1780652082.2954812,ACK_RECEIVED,1138,ACK
1780652082.2955725,SEND,1139,"DATA, attempt=1"
1780652082.2964618,ACK_RECEIVED,1139,ACK
1780652082.2966077,SEND,1140,"DATA, attempt=1"
1780652082.2971575,ACK_RECEIVED,1140,ACK
1780652082.297259,SEND,1141,"DATA, attempt=1"
1780652082.29784,ACK_RECEIVED,1141,ACK
1780652082.2979145,SEND,1142,"DATA, attempt=1"
1780652082.2985034,ACK_RECEIVED,1142,ACK
1780652082.2986376,SEND,1143,"DATA, attempt=1"
1780652082.2998986,ACK_RECEIVED,1143,ACK
1780652082.3001409,SEND,1144,"DATA, attempt=1"
1780652082.3007278,ACK_RECEIVED,1144,ACK
1780652082.3008127,SEND,1145,"DATA, attempt=1"
1780652082.3013587,ACK_RECEIVED,1145,ACK
1780652082.3014355,SEND,1146,"DATA, attempt=1"
1780652082.3024898,ACK_RECEIVED,1146,ACK
1780652082.3027341,SEND,1147,"DATA, attempt=1"
1780652082.3046324,ACK_RECEIVED,1147,ACK
1780652082.3047843,SEND,1148,"DATA, attempt=1"
1780652082.3064775,ACK_RECEIVED,1148,ACK
1780652082.306614,SEND,1149,"DATA, attempt=1"
1780652082.3075519,ACK_RECEIVED,1149,ACK
1780652082.307638,SEND,1150,"DATA, attempt=1"
1780652082.3081648,ACK_RECEIVED,1150,ACK
1780652082.3083038,SEND,1151,"DATA, attempt=1"
1780652082.3088284,ACK_RECEIVED,1151,ACK
1780652082.3089085,SEND,1152,"DATA, attempt=1"
1780652082.3093934,ACK_RECEIVED,1152,ACK
1780652082.3095481,SEND,1153,"DATA, attempt=1"
1780652082.3101149,ACK_RECEIVED,1153,ACK
1780652082.3101966,SEND,1154,"DATA, attempt=1"
1780652082.3107505,ACK_RECEIVED,1154,ACK
1780652082.3108535,SEND,1155,"DATA, attempt=1"
1780652082.3123977,ACK_RECEIVED,1155,ACK
1780652082.3126335,SEND,1156,"DATA, attempt=1"
1780652082.313217,ACK_RECEIVED,1156,ACK
1780652082.3133895,SEND,1157,"DATA, attempt=1"
1780652082.3139071,ACK_RECEIVED,1157,ACK
1780652082.3140607,SEND,1158,"DATA, attempt=1"
1780652082.3145378,ACK_RECEIVED,1158,ACK
1780652082.3146522,SEND,1159,"DATA, attempt=1"
1780652082.315156,ACK_RECEIVED,1159,ACK
1780652082.31526,SEND,1160,"DATA, attempt=1"
1780652082.3157356,ACK_RECEIVED,1160,ACK
1780652082.3158076,SEND,1161,"DATA, attempt=1"
1780652082.316298,ACK_RECEIVED,1161,ACK
1780652082.3163726,SEND,1162,"DATA, attempt=1"
1780652082.316889,ACK_RECEIVED,1162,ACK
1780652082.3169708,SEND,1163,"DATA, attempt=1"
1780652082.3180096,ACK_RECEIVED,1163,ACK
1780652082.3181396,SEND,1164,"DATA, attempt=1"
1780652082.3197799,ACK_RECEIVED,1164,ACK
1780652082.3203142,SEND,1165,"DATA, attempt=1"
1780652082.3220236,ACK_RECEIVED,1165,ACK
1780652082.3222911,SEND,1166,"DATA, attempt=1"
1780652082.32306,ACK_RECEIVED,1166,ACK
1780652082.3231928,SEND,1167,"DATA, attempt=1"
1780652082.32399,ACK_RECEIVED,1167,ACK
1780652082.3241198,SEND,1168,"DATA, attempt=1"
1780652082.32518,ACK_RECEIVED,1168,ACK
1780652082.3253176,SEND,1169,"DATA, attempt=1"
1780652082.3258593,ACK_RECEIVED,1169,ACK
1780652082.3260014,SEND,1170,"DATA, attempt=1"
1780652082.3266723,ACK_RECEIVED,1170,ACK
1780652082.3267734,SEND,1171,"DATA, attempt=1"
1780652082.3273163,ACK_RECEIVED,1171,ACK
1780652082.3274326,SEND,1172,"DATA, attempt=1"
1780652082.3279839,ACK_RECEIVED,1172,ACK
1780652082.328091,SEND,1173,"DATA, attempt=1"
1780652082.3286386,ACK_RECEIVED,1173,ACK
1780652082.3289025,SEND,1174,"DATA, attempt=1"
1780652082.3299131,ACK_RECEIVED,1174,ACK
1780652082.3300576,SEND,1175,"DATA, attempt=1"
1780652082.3307743,ACK_RECEIVED,1175,ACK
1780652082.3308566,SEND,1176,"DATA, attempt=1"
1780652082.3314264,ACK_RECEIVED,1176,ACK
1780652082.3315136,SEND,1177,"DATA, attempt=1"
1780652082.3321009,ACK_RECEIVED,1177,ACK
1780652082.3321822,SEND,1178,"DATA, attempt=1"
1780652082.3326464,ACK_RECEIVED,1178,ACK
1780652082.332767,SEND,1179,"DATA, attempt=1"
1780652082.333261,ACK_RECEIVED,1179,ACK
1780652082.3333356,SEND,1180,"DATA, attempt=1"
1780652082.3337631,ACK_RECEIVED,1180,ACK
1780652082.3338428,SEND,1181,"DATA, attempt=1"
1780652082.334771,ACK_RECEIVED,1181,ACK
1780652082.3350518,SEND,1182,"DATA, attempt=1"
1780652082.3368266,ACK_RECEIVED,1182,ACK
1780652082.3369293,SEND,1183,"DATA, attempt=1"
1780652082.338415,ACK_RECEIVED,1183,ACK
1780652082.3386214,SEND,1184,"DATA, attempt=1"
1780652082.339954,ACK_RECEIVED,1184,ACK
1780652082.3400497,SEND,1185,"DATA, attempt=1"
1780652082.3407114,ACK_RECEIVED,1185,ACK
1780652082.3408916,SEND,1186,"DATA, attempt=1"
1780652082.3416145,ACK_RECEIVED,1186,ACK
1780652082.3417566,SEND,1187,"DATA, attempt=1"
1780652082.3423953,ACK_RECEIVED,1187,ACK
1780652082.3424816,SEND,1188,"DATA, attempt=1"
1780652082.3431919,ACK_RECEIVED,1188,ACK
1780652082.343331,SEND,1189,"DATA, attempt=1"
1780652082.343992,ACK_RECEIVED,1189,ACK
1780652082.3440878,SEND,1190,"DATA, attempt=1"
1780652082.3450701,ACK_RECEIVED,1190,ACK
1780652082.345288,SEND,1191,"DATA, attempt=1"
1780652082.3458688,ACK_RECEIVED,1191,ACK
1780652082.3460348,SEND,1192,"DATA, attempt=1"
1780652082.3465009,ACK_RECEIVED,1192,ACK
1780652082.3465774,SEND,1193,"DATA, attempt=1"
1780652082.3477728,ACK_RECEIVED,1193,ACK
1780652082.3478796,SEND,1194,"DATA, attempt=1"
1780652082.3484561,ACK_RECEIVED,1194,ACK
1780652082.34854,SEND,1195,"DATA, attempt=1"
1780652082.349445,ACK_RECEIVED,1195,ACK
1780652082.3497021,SEND,1196,"DATA, attempt=1"
1780652082.3503554,ACK_RECEIVED,1196,ACK
1780652082.3504474,SEND,1197,"DATA, attempt=1"
1780652082.3510473,ACK_RECEIVED,1197,ACK
1780652082.3511276,SEND,1198,"DATA, attempt=1"
1780652082.3516295,ACK_RECEIVED,1198,ACK
1780652082.3517241,SEND,1199,"DATA, attempt=1"
1780652082.353365,ACK_RECEIVED,1199,ACK
1780652082.354375,SEND,1200,"DATA, attempt=1"
1780652082.3560283,ACK_RECEIVED,1200,ACK
1780652082.3561413,SEND,1201,"DATA, attempt=1"
1780652082.3567603,ACK_RECEIVED,1201,ACK
1780652082.3568943,SEND,1202,"DATA, attempt=1"
1780652082.3574598,ACK_RECEIVED,1202,ACK
1780652082.3575442,SEND,1203,"DATA, attempt=1"
1780652082.3580647,ACK_RECEIVED,1203,ACK
1780652082.3582175,SEND,1204,"DATA, attempt=1"
1780652082.3587356,ACK_RECEIVED,1204,ACK
1780652082.3590162,SEND,1205,"DATA, attempt=1"
1780652082.3601274,ACK_RECEIVED,1205,ACK
1780652082.3603609,SEND,1206,"DATA, attempt=1"
1780652082.3610373,ACK_RECEIVED,1206,ACK
1780652082.361171,SEND,1207,"DATA, attempt=1"
1780652082.3619707,ACK_RECEIVED,1207,ACK
1780652082.3620696,SEND,1208,"DATA, attempt=1"
1780652082.3625777,ACK_RECEIVED,1208,ACK
1780652082.3627312,SEND,1209,"DATA, attempt=1"
1780652082.3634229,ACK_RECEIVED,1209,ACK
1780652082.3635268,SEND,1210,"DATA, attempt=1"
1780652082.3642442,ACK_RECEIVED,1210,ACK
1780652082.3644283,SEND,1211,"DATA, attempt=1"
1780652082.3649213,ACK_RECEIVED,1211,ACK
1780652082.3650637,SEND,1212,"DATA, attempt=1"
1780652082.3655927,ACK_RECEIVED,1212,ACK
1780652082.365672,SEND,1213,"DATA, attempt=1"
1780652082.3661869,ACK_RECEIVED,1213,ACK
1780652082.3663101,SEND,1214,"DATA, attempt=1"
1780652082.3669379,ACK_RECEIVED,1214,ACK
1780652082.3670387,SEND,1215,"DATA, attempt=1"
1780652082.3683891,ACK_RECEIVED,1215,ACK
1780652082.3686466,SEND,1216,"DATA, attempt=1"
1780652082.3710384,ACK_RECEIVED,1216,ACK
1780652082.3714306,SEND,1217,"DATA, attempt=1"
1780652082.3727329,ACK_RECEIVED,1217,ACK
1780652082.3728626,SEND,1218,"DATA, attempt=1"
1780652082.3741617,ACK_RECEIVED,1218,ACK
1780652082.3742676,SEND,1219,"DATA, attempt=1"
1780652082.3748515,ACK_RECEIVED,1219,ACK
1780652082.3749883,SEND,1220,"DATA, attempt=1"
1780652082.3755574,ACK_RECEIVED,1220,ACK
1780652082.375683,SEND,1221,"DATA, attempt=1"
1780652082.3765922,ACK_RECEIVED,1221,ACK
1780652082.3767533,SEND,1222,"DATA, attempt=1"
1780652082.377554,ACK_RECEIVED,1222,ACK
1780652082.3776622,SEND,1223,"DATA, attempt=1"
1780652082.3783011,ACK_RECEIVED,1223,ACK
1780652082.378416,SEND,1224,"DATA, attempt=1"
1780652082.3791704,ACK_RECEIVED,1224,ACK
1780652082.379622,SEND,1225,"DATA, attempt=1"
1780652082.3803616,ACK_RECEIVED,1225,ACK
1780652082.3804638,SEND,1226,"DATA, attempt=1"
1780652082.381238,ACK_RECEIVED,1226,ACK
1780652082.3813288,SEND,1227,"DATA, attempt=1"
1780652082.3819327,ACK_RECEIVED,1227,ACK
1780652082.3820465,SEND,1228,"DATA, attempt=1"
1780652082.3825436,ACK_RECEIVED,1228,ACK
1780652082.3826253,SEND,1229,"DATA, attempt=1"
1780652082.3832068,ACK_RECEIVED,1229,ACK
1780652082.3832948,SEND,1230,"DATA, attempt=1"
1780652082.3837433,ACK_RECEIVED,1230,ACK
1780652082.3838203,SEND,1231,"DATA, attempt=1"
1780652082.3845916,ACK_RECEIVED,1231,ACK
1780652082.3848217,SEND,1232,"DATA, attempt=1"
1780652082.386354,ACK_RECEIVED,1232,ACK
1780652082.3866053,SEND,1233,"DATA, attempt=1"
1780652082.3887863,ACK_RECEIVED,1233,ACK
1780652082.3889942,SEND,1234,"DATA, attempt=1"
1780652082.3897088,ACK_RECEIVED,1234,ACK
1780652082.3900468,SEND,1235,"DATA, attempt=1"
1780652082.3909242,ACK_RECEIVED,1235,ACK
1780652082.3910768,SEND,1236,"DATA, attempt=1"
1780652082.3916063,ACK_RECEIVED,1236,ACK
1780652082.3916895,SEND,1237,"DATA, attempt=1"
1780652082.3927147,ACK_RECEIVED,1237,ACK
1780652082.3928216,SEND,1238,"DATA, attempt=1"
1780652082.3933742,ACK_RECEIVED,1238,ACK
1780652082.393468,SEND,1239,"DATA, attempt=1"
1780652082.393947,ACK_RECEIVED,1239,ACK
1780652082.3940744,SEND,1240,"DATA, attempt=1"
1780652082.3945482,ACK_RECEIVED,1240,ACK
1780652082.3946314,SEND,1241,"DATA, attempt=1"
1780652082.395135,ACK_RECEIVED,1241,ACK
1780652082.395206,SEND,1242,"DATA, attempt=1"
1780652082.3956513,ACK_RECEIVED,1242,ACK
1780652082.39572,SEND,1243,"DATA, attempt=1"
1780652082.3964243,ACK_RECEIVED,1243,ACK
1780652082.3969638,SEND,1244,"DATA, attempt=1"
1780652082.397808,ACK_RECEIVED,1244,ACK
1780652082.3979018,SEND,1245,"DATA, attempt=1"
1780652082.398718,ACK_RECEIVED,1245,ACK
1780652082.398905,SEND,1246,"DATA, attempt=1"
1780652082.3998601,ACK_RECEIVED,1246,ACK
1780652082.4000053,SEND,1247,"DATA, attempt=1"
1780652082.4007692,ACK_RECEIVED,1247,ACK
1780652082.400873,SEND,1248,"DATA, attempt=1"
1780652082.401677,ACK_RECEIVED,1248,ACK
1780652082.4017742,SEND,1249,"DATA, attempt=1"
1780652082.4039474,ACK_RECEIVED,1249,ACK
1780652082.4042869,SEND,1250,"DATA, attempt=1"
1780652082.4058945,ACK_RECEIVED,1250,ACK
1780652082.4060972,SEND,1251,"DATA, attempt=1"
1780652082.406869,ACK_RECEIVED,1251,ACK
1780652082.407241,SEND,1252,"DATA, attempt=1"
1780652082.4080648,ACK_RECEIVED,1252,ACK
1780652082.4081872,SEND,1253,"DATA, attempt=1"
1780652082.4088364,ACK_RECEIVED,1253,ACK
1780652082.4090075,SEND,1254,"DATA, attempt=1"
1780652082.4095027,ACK_RECEIVED,1254,ACK
1780652082.4096708,SEND,1255,"DATA, attempt=1"
1780652082.4102056,ACK_RECEIVED,1255,ACK
1780652082.4103231,SEND,1256,"DATA, attempt=1"
1780652082.4108021,ACK_RECEIVED,1256,ACK
1780652082.410878,SEND,1257,"DATA, attempt=1"
1780652082.411373,ACK_RECEIVED,1257,ACK
1780652082.4115002,SEND,1258,"DATA, attempt=1"
1780652082.4125314,ACK_RECEIVED,1258,ACK
1780652082.4126406,SEND,1259,"DATA, attempt=1"
1780652082.4144018,ACK_RECEIVED,1259,ACK
1780652082.414646,SEND,1260,"DATA, attempt=1"
1780652082.415406,ACK_RECEIVED,1260,ACK
1780652082.415491,SEND,1261,"DATA, attempt=1"
1780652082.4160993,ACK_RECEIVED,1261,ACK
1780652082.4162295,SEND,1262,"DATA, attempt=1"
1780652082.4167595,ACK_RECEIVED,1262,ACK
1780652082.416839,SEND,1263,"DATA, attempt=1"
1780652082.4173288,ACK_RECEIVED,1263,ACK
1780652082.4174502,SEND,1264,"DATA, attempt=1"
1780652082.418198,ACK_RECEIVED,1264,ACK
1780652082.4183438,SEND,1265,"DATA, attempt=1"
1780652082.4208324,ACK_RECEIVED,1265,ACK
1780652082.4209678,SEND,1266,"DATA, attempt=1"
1780652082.4223447,ACK_RECEIVED,1266,ACK
1780652082.42249,SEND,1267,"DATA, attempt=1"
1780652082.42367,ACK_RECEIVED,1267,ACK
1780652082.4238575,SEND,1268,"DATA, attempt=1"
1780652082.4245727,ACK_RECEIVED,1268,ACK
1780652082.424666,SEND,1269,"DATA, attempt=1"
1780652082.4252932,ACK_RECEIVED,1269,ACK
1780652082.4254148,SEND,1270,"DATA, attempt=1"
1780652082.4261103,ACK_RECEIVED,1270,ACK
1780652082.4263978,SEND,1271,"DATA, attempt=1"
1780652082.4271388,ACK_RECEIVED,1271,ACK
1780652082.4272332,SEND,1272,"DATA, attempt=1"
1780652082.4278855,ACK_RECEIVED,1272,ACK
1780652082.4280124,SEND,1273,"DATA, attempt=1"
1780652082.4285681,ACK_RECEIVED,1273,ACK
1780652082.4288769,SEND,1274,"DATA, attempt=1"
1780652082.4297738,ACK_RECEIVED,1274,ACK
1780652082.4299014,SEND,1275,"DATA, attempt=1"
1780652082.4305077,ACK_RECEIVED,1275,ACK
1780652082.4305913,SEND,1276,"DATA, attempt=1"
1780652082.4313548,ACK_RECEIVED,1276,ACK
1780652082.431443,SEND,1277,"DATA, attempt=1"
1780652082.4320893,ACK_RECEIVED,1277,ACK
1780652082.4321692,SEND,1278,"DATA, attempt=1"
1780652082.4326992,ACK_RECEIVED,1278,ACK
1780652082.432798,SEND,1279,"DATA, attempt=1"
1780652082.433288,ACK_RECEIVED,1279,ACK
1780652082.4333599,SEND,1280,"DATA, attempt=1"
1780652082.433855,ACK_RECEIVED,1280,ACK
1780652082.4339888,SEND,1281,"DATA, attempt=1"
1780652082.4349184,ACK_RECEIVED,1281,ACK
1780652082.4355724,SEND,1282,"DATA, attempt=1"
1780652082.4380877,ACK_RECEIVED,1282,ACK
1780652082.438216,SEND,1283,"DATA, attempt=1"
1780652082.4391997,ACK_RECEIVED,1283,ACK
1780652082.439321,SEND,1284,"DATA, attempt=1"
1780652082.4404728,ACK_RECEIVED,1284,ACK
1780652082.4405806,SEND,1285,"DATA, attempt=1"
1780652082.4413328,ACK_RECEIVED,1285,ACK
1780652082.4414341,SEND,1286,"DATA, attempt=1"
1780652082.44196,ACK_RECEIVED,1286,ACK
1780652082.4420557,SEND,1287,"DATA, attempt=1"
1780652082.4425871,ACK_RECEIVED,1287,ACK
1780652082.442691,SEND,1288,"DATA, attempt=1"
1780652082.4436238,ACK_RECEIVED,1288,ACK
1780652082.443818,SEND,1289,"DATA, attempt=1"
1780652082.444771,ACK_RECEIVED,1289,ACK
1780652082.4448779,SEND,1290,"DATA, attempt=1"
1780652082.445425,ACK_RECEIVED,1290,ACK
1780652082.4455054,SEND,1291,"DATA, attempt=1"
1780652082.446171,ACK_RECEIVED,1291,ACK
1780652082.4462597,SEND,1292,"DATA, attempt=1"
1780652082.4467432,ACK_RECEIVED,1292,ACK
1780652082.4468331,SEND,1293,"DATA, attempt=1"
1780652082.4473188,ACK_RECEIVED,1293,ACK
1780652082.4474316,SEND,1294,"DATA, attempt=1"
1780652082.4478781,ACK_RECEIVED,1294,ACK
1780652082.4480126,SEND,1295,"DATA, attempt=1"
1780652082.4484248,ACK_RECEIVED,1295,ACK
1780652082.4485507,SEND,1296,"DATA, attempt=1"
1780652082.4492922,ACK_RECEIVED,1296,ACK
1780652082.449497,SEND,1297,"DATA, attempt=1"
1780652082.4504726,ACK_RECEIVED,1297,ACK
1780652082.4505923,SEND,1298,"DATA, attempt=1"
1780652082.4511375,ACK_RECEIVED,1298,ACK
1780652082.4512317,SEND,1299,"DATA, attempt=1"
1780652082.4517076,ACK_RECEIVED,1299,ACK
1780652082.45178,SEND,1300,"DATA, attempt=1"
1780652082.453347,ACK_RECEIVED,1300,ACK
1780652082.4534774,SEND,1301,"DATA, attempt=1"
1780652082.4559414,ACK_RECEIVED,1301,ACK
1780652082.4561937,SEND,1302,"DATA, attempt=1"
1780652082.4571254,ACK_RECEIVED,1302,ACK
1780652082.4572566,SEND,1303,"DATA, attempt=1"
1780652082.4581184,ACK_RECEIVED,1303,ACK
1780652082.4582133,SEND,1304,"DATA, attempt=1"
1780652082.458821,ACK_RECEIVED,1304,ACK
1780652082.458912,SEND,1305,"DATA, attempt=1"
1780652082.4595296,ACK_RECEIVED,1305,ACK
1780652082.4596286,SEND,1306,"DATA, attempt=1"
1780652082.4604416,ACK_RECEIVED,1306,ACK
1780652082.4605434,SEND,1307,"DATA, attempt=1"
1780652082.4613056,ACK_RECEIVED,1307,ACK
1780652082.46147,SEND,1308,"DATA, attempt=1"
1780652082.462412,ACK_RECEIVED,1308,ACK
1780652082.462582,SEND,1309,"DATA, attempt=1"
1780652082.4632053,ACK_RECEIVED,1309,ACK
1780652082.4633458,SEND,1310,"DATA, attempt=1"
1780652082.4640527,ACK_RECEIVED,1310,ACK
1780652082.4641452,SEND,1311,"DATA, attempt=1"
1780652082.4646337,ACK_RECEIVED,1311,ACK
1780652082.464711,SEND,1312,"DATA, attempt=1"
1780652082.4652805,ACK_RECEIVED,1312,ACK
1780652082.4653704,SEND,1313,"DATA, attempt=1"
1780652082.4658628,ACK_RECEIVED,1313,ACK
1780652082.4659736,SEND,1314,"DATA, attempt=1"
1780652082.4671705,ACK_RECEIVED,1314,ACK
1780652082.4673767,SEND,1315,"DATA, attempt=1"
1780652082.4680622,ACK_RECEIVED,1315,ACK
1780652082.4681542,SEND,1316,"DATA, attempt=1"
1780652082.4691095,ACK_RECEIVED,1316,ACK
1780652082.4694903,SEND,1317,"DATA, attempt=1"
1780652082.4713151,ACK_RECEIVED,1317,ACK
1780652082.4714751,SEND,1318,"DATA, attempt=1"
1780652082.4731793,ACK_RECEIVED,1318,ACK
1780652082.47328,SEND,1319,"DATA, attempt=1"
1780652082.4738936,ACK_RECEIVED,1319,ACK
1780652082.474001,SEND,1320,"DATA, attempt=1"
1780652082.4744658,ACK_RECEIVED,1320,ACK
1780652082.4745436,SEND,1321,"DATA, attempt=1"
1780652082.4750705,ACK_RECEIVED,1321,ACK
1780652082.4752045,SEND,1322,"DATA, attempt=1"
1780652082.4756665,ACK_RECEIVED,1322,ACK
1780652082.4757526,SEND,1323,"DATA, attempt=1"
1780652082.47626,ACK_RECEIVED,1323,ACK
1780652082.4763343,SEND,1324,"DATA, attempt=1"
1780652082.4768426,ACK_RECEIVED,1324,ACK
1780652082.4769368,SEND,1325,"DATA, attempt=1"
1780652082.478342,ACK_RECEIVED,1325,ACK
1780652082.478941,SEND,1326,"DATA, attempt=1"
1780652082.4799345,ACK_RECEIVED,1326,ACK
1780652082.4800878,SEND,1327,"DATA, attempt=1"
1780652082.4809113,ACK_RECEIVED,1327,ACK
1780652082.4810152,SEND,1328,"DATA, attempt=1"
1780652082.4822223,ACK_RECEIVED,1328,ACK
1780652082.482338,SEND,1329,"DATA, attempt=1"
1780652082.4865403,ACK_RECEIVED,1329,ACK
1780652082.487593,SEND,1330,"DATA, attempt=1"
1780652082.4888473,ACK_RECEIVED,1330,ACK
1780652082.4889913,SEND,1331,"DATA, attempt=1"
1780652082.4895885,ACK_RECEIVED,1331,ACK
1780652082.4897182,SEND,1332,"DATA, attempt=1"
1780652082.490175,ACK_RECEIVED,1332,ACK
1780652082.4902608,SEND,1333,"DATA, attempt=1"
1780652082.4908223,ACK_RECEIVED,1333,ACK
1780652082.4909165,SEND,1334,"DATA, attempt=1"
1780652082.4914484,ACK_RECEIVED,1334,ACK
1780652082.4915197,SEND,1335,"DATA, attempt=1"
1780652082.4924796,ACK_RECEIVED,1335,ACK
1780652082.4927745,SEND,1336,"DATA, attempt=1"
1780652082.4936187,ACK_RECEIVED,1336,ACK
1780652082.4937851,SEND,1337,"DATA, attempt=1"
1780652082.4948592,ACK_RECEIVED,1337,ACK
1780652082.49497,SEND,1338,"DATA, attempt=1"
1780652082.4955106,ACK_RECEIVED,1338,ACK
1780652082.4956148,SEND,1339,"DATA, attempt=1"
1780652082.4961417,ACK_RECEIVED,1339,ACK
1780652082.4962187,SEND,1340,"DATA, attempt=1"
1780652082.4967163,ACK_RECEIVED,1340,ACK
1780652082.4967942,SEND,1341,"DATA, attempt=1"
1780652082.4973247,ACK_RECEIVED,1341,ACK
1780652082.4974005,SEND,1342,"DATA, attempt=1"
1780652082.4978745,ACK_RECEIVED,1342,ACK
1780652082.4979463,SEND,1343,"DATA, attempt=1"
1780652082.4988372,ACK_RECEIVED,1343,ACK
1780652082.499234,SEND,1344,"DATA, attempt=1"
1780652082.500067,ACK_RECEIVED,1344,ACK
1780652082.500207,SEND,1345,"DATA, attempt=1"
1780652082.5010061,ACK_RECEIVED,1345,ACK
1780652082.5011027,SEND,1346,"DATA, attempt=1"
1780652082.5016425,ACK_RECEIVED,1346,ACK
1780652082.5017774,SEND,1347,"DATA, attempt=1"
1780652082.503231,ACK_RECEIVED,1347,ACK
1780652082.5036118,SEND,1348,"DATA, attempt=1"
1780652082.5056918,ACK_RECEIVED,1348,ACK
1780652082.505807,SEND,1349,"DATA, attempt=1"
1780652082.506902,ACK_RECEIVED,1349,ACK
1780652082.5070453,SEND,1350,"DATA, attempt=1"
1780652082.507707,ACK_RECEIVED,1350,ACK
1780652082.5078678,SEND,1351,"DATA, attempt=1"
1780652082.508438,ACK_RECEIVED,1351,ACK
1780652082.5085218,SEND,1352,"DATA, attempt=1"
1780652082.5094268,ACK_RECEIVED,1352,ACK
1780652082.5095155,SEND,1353,"DATA, attempt=1"
1780652082.510078,ACK_RECEIVED,1353,ACK
1780652082.5103083,SEND,1354,"DATA, attempt=1"
1780652082.5111656,ACK_RECEIVED,1354,ACK
1780652082.5112689,SEND,1355,"DATA, attempt=1"
1780652082.5117905,ACK_RECEIVED,1355,ACK
1780652082.5118778,SEND,1356,"DATA, attempt=1"
1780652082.5130022,ACK_RECEIVED,1356,ACK
1780652082.5131469,SEND,1357,"DATA, attempt=1"
1780652082.5138206,ACK_RECEIVED,1357,ACK
1780652082.513914,SEND,1358,"DATA, attempt=1"
1780652082.5144355,ACK_RECEIVED,1358,ACK
1780652082.514545,SEND,1359,"DATA, attempt=1"
1780652082.5153182,ACK_RECEIVED,1359,ACK
1780652082.5154881,SEND,1360,"DATA, attempt=1"
1780652082.5159788,ACK_RECEIVED,1360,ACK
1780652082.5161355,SEND,1361,"DATA, attempt=1"
1780652082.5166056,ACK_RECEIVED,1361,ACK
1780652082.5166798,SEND,1362,"DATA, attempt=1"
1780652082.5172143,ACK_RECEIVED,1362,ACK
1780652082.5173218,SEND,1363,"DATA, attempt=1"
1780652082.5177898,ACK_RECEIVED,1363,ACK
1780652082.5178576,SEND,1364,"DATA, attempt=1"
1780652082.5194616,ACK_RECEIVED,1364,ACK
1780652082.5197074,SEND,1365,"DATA, attempt=1"
1780652082.5217724,ACK_RECEIVED,1365,ACK
1780652082.5219958,SEND,1366,"DATA, attempt=1"
1780652082.5576591,ACK_RECEIVED,1366,ACK
1780652082.5579894,SEND,1367,"DATA, attempt=1"
1780652082.5773828,ACK_RECEIVED,1367,ACK
1780652082.5777936,SEND,1368,"DATA, attempt=1"
1780652082.5789158,ACK_RECEIVED,1368,ACK
1780652082.5791135,SEND,1369,"DATA, attempt=1"
1780652082.579969,ACK_RECEIVED,1369,ACK
1780652082.5801005,SEND,1370,"DATA, attempt=1"
1780652082.5807428,ACK_RECEIVED,1370,ACK
1780652082.580829,SEND,1371,"DATA, attempt=1"
1780652082.5814757,ACK_RECEIVED,1371,ACK
1780652082.581634,SEND,1372,"DATA, attempt=1"
1780652082.5823116,ACK_RECEIVED,1372,ACK
1780652082.5824325,SEND,1373,"DATA, attempt=1"
1780652082.5835261,ACK_RECEIVED,1373,ACK
1780652082.5836768,SEND,1374,"DATA, attempt=1"
1780652082.5844762,ACK_RECEIVED,1374,ACK
1780652082.5846066,SEND,1375,"DATA, attempt=1"
1780652082.5853775,ACK_RECEIVED,1375,ACK
1780652082.585486,SEND,1376,"DATA, attempt=1"
1780652082.5861282,ACK_RECEIVED,1376,ACK
1780652082.586237,SEND,1377,"DATA, attempt=1"
1780652082.5872548,ACK_RECEIVED,1377,ACK
1780652082.5874236,SEND,1378,"DATA, attempt=1"
1780652082.5889773,ACK_RECEIVED,1378,ACK
1780652082.5891306,SEND,1379,"DATA, attempt=1"
1780652082.5910072,ACK_RECEIVED,1379,ACK
1780652082.591125,SEND,1380,"DATA, attempt=1"
1780652082.59187,ACK_RECEIVED,1380,ACK
1780652082.5919952,SEND,1381,"DATA, attempt=1"
1780652082.592636,ACK_RECEIVED,1381,ACK
1780652082.5927541,SEND,1382,"DATA, attempt=1"
1780652082.5933414,ACK_RECEIVED,1382,ACK
1780652082.5934224,SEND,1383,"DATA, attempt=1"
1780652082.5940416,ACK_RECEIVED,1383,ACK
1780652082.5941422,SEND,1384,"DATA, attempt=1"
1780652082.5949974,ACK_RECEIVED,1384,ACK
1780652082.5951781,SEND,1385,"DATA, attempt=1"
1780652082.596265,ACK_RECEIVED,1385,ACK
1780652082.5963857,SEND,1386,"DATA, attempt=1"
1780652082.597207,ACK_RECEIVED,1386,ACK
1780652082.5972946,SEND,1387,"DATA, attempt=1"
1780652082.597909,ACK_RECEIVED,1387,ACK
1780652082.5979853,SEND,1388,"DATA, attempt=1"
1780652082.5986128,ACK_RECEIVED,1388,ACK
1780652082.5987816,SEND,1389,"DATA, attempt=1"
1780652082.5994515,ACK_RECEIVED,1389,ACK
1780652082.5995219,SEND,1390,"DATA, attempt=1"
1780652082.600222,ACK_RECEIVED,1390,ACK
1780652082.600356,SEND,1391,"DATA, attempt=1"
1780652082.6014082,ACK_RECEIVED,1391,ACK
1780652082.6015055,SEND,1392,"DATA, attempt=1"
1780652082.6024973,ACK_RECEIVED,1392,ACK
1780652082.6026714,SEND,1393,"DATA, attempt=1"
1780652082.603991,ACK_RECEIVED,1393,ACK
1780652082.6041412,SEND,1394,"DATA, attempt=1"
1780652082.6051211,ACK_RECEIVED,1394,ACK
1780652082.605266,SEND,1395,"DATA, attempt=1"
1780652082.6074238,ACK_RECEIVED,1395,ACK
1780652082.6076543,SEND,1396,"DATA, attempt=1"
1780652082.6085076,ACK_RECEIVED,1396,ACK
1780652082.6087215,SEND,1397,"DATA, attempt=1"
1780652082.609511,ACK_RECEIVED,1397,ACK
1780652082.6096215,SEND,1398,"DATA, attempt=1"
1780652082.6103022,ACK_RECEIVED,1398,ACK
1780652082.61038,SEND,1399,"DATA, attempt=1"
1780652082.6110282,ACK_RECEIVED,1399,ACK
1780652082.6111147,SEND,1400,"DATA, attempt=1"
1780652082.611866,ACK_RECEIVED,1400,ACK
1780652082.6120808,SEND,1401,"DATA, attempt=1"
1780652082.612992,ACK_RECEIVED,1401,ACK
1780652082.6130736,SEND,1402,"DATA, attempt=1"
1780652082.614021,ACK_RECEIVED,1402,ACK
1780652082.6142879,SEND,1403,"DATA, attempt=1"
1780652082.6152046,ACK_RECEIVED,1403,ACK
1780652082.6152864,SEND,1404,"DATA, attempt=1"
1780652082.6159756,ACK_RECEIVED,1404,ACK
1780652082.6160662,SEND,1405,"DATA, attempt=1"
1780652082.6168704,ACK_RECEIVED,1405,ACK
1780652082.617,SEND,1406,"DATA, attempt=1"
1780652082.617776,ACK_RECEIVED,1406,ACK
1780652082.6178827,SEND,1407,"DATA, attempt=1"
1780652082.6188993,ACK_RECEIVED,1407,ACK
1780652082.6190262,SEND,1408,"DATA, attempt=1"
1780652082.6202803,ACK_RECEIVED,1408,ACK
1780652082.6205215,SEND,1409,"DATA, attempt=1"
1780652082.6219869,ACK_RECEIVED,1409,ACK
1780652082.622209,SEND,1410,"DATA, attempt=1"
1780652082.6232433,ACK_RECEIVED,1410,ACK
1780652082.6235259,SEND,1411,"DATA, attempt=1"
1780652082.6247945,ACK_RECEIVED,1411,ACK
1780652082.6249323,SEND,1412,"DATA, attempt=1"
1780652082.6256456,ACK_RECEIVED,1412,ACK
1780652082.6258008,SEND,1413,"DATA, attempt=1"
1780652082.6269283,ACK_RECEIVED,1413,ACK
1780652082.6270893,SEND,1414,"DATA, attempt=1"
1780652082.6279287,ACK_RECEIVED,1414,ACK
1780652082.6280324,SEND,1415,"DATA, attempt=1"
1780652082.6287405,ACK_RECEIVED,1415,ACK
1780652082.628864,SEND,1416,"DATA, attempt=1"
1780652082.6295235,ACK_RECEIVED,1416,ACK
1780652082.6297338,SEND,1417,"DATA, attempt=1"
1780652082.630961,ACK_RECEIVED,1417,ACK
1780652082.631119,SEND,1418,"DATA, attempt=1"
1780652082.6319282,ACK_RECEIVED,1418,ACK
1780652082.6320472,SEND,1419,"DATA, attempt=1"
1780652082.633294,ACK_RECEIVED,1419,ACK
1780652082.6334267,SEND,1420,"DATA, attempt=1"
1780652082.634437,ACK_RECEIVED,1420,ACK
1780652082.6345558,SEND,1421,"DATA, attempt=1"
1780652082.635701,ACK_RECEIVED,1421,ACK
1780652082.635829,SEND,1422,"DATA, attempt=1"
1780652082.6375396,ACK_RECEIVED,1422,ACK
1780652082.6377292,SEND,1423,"DATA, attempt=1"
1780652082.63957,ACK_RECEIVED,1423,ACK
1780652082.6398525,SEND,1424,"DATA, attempt=1"
1780652082.641393,ACK_RECEIVED,1424,ACK
1780652082.6415474,SEND,1425,"DATA, attempt=1"
1780652082.6424253,ACK_RECEIVED,1425,ACK
1780652082.6425328,SEND,1426,"DATA, attempt=1"
1780652082.643552,ACK_RECEIVED,1426,ACK
1780652082.6437545,SEND,1427,"DATA, attempt=1"
1780652082.6449797,ACK_RECEIVED,1427,ACK
1780652082.645119,SEND,1428,"DATA, attempt=1"
1780652082.6459308,ACK_RECEIVED,1428,ACK
1780652082.6460497,SEND,1429,"DATA, attempt=1"
1780652082.646803,ACK_RECEIVED,1429,ACK
1780652082.6469862,SEND,1430,"DATA, attempt=1"
1780652082.64769,ACK_RECEIVED,1430,ACK
1780652082.6478333,SEND,1431,"DATA, attempt=1"
1780652082.6487505,ACK_RECEIVED,1431,ACK
1780652082.6488597,SEND,1432,"DATA, attempt=1"
1780652082.6495523,ACK_RECEIVED,1432,ACK
1780652082.6496673,SEND,1433,"DATA, attempt=1"
1780652082.6504328,ACK_RECEIVED,1433,ACK
1780652082.6505735,SEND,1434,"DATA, attempt=1"
1780652082.6511734,ACK_RECEIVED,1434,ACK
1780652082.651284,SEND,1435,"DATA, attempt=1"
1780652082.6518118,ACK_RECEIVED,1435,ACK
1780652082.6519668,SEND,1436,"DATA, attempt=1"
1780652082.6527882,ACK_RECEIVED,1436,ACK
1780652082.6529284,SEND,1437,"DATA, attempt=1"
1780652082.655012,ACK_RECEIVED,1437,ACK
1780652082.6552343,SEND,1438,"DATA, attempt=1"
1780652082.6567094,ACK_RECEIVED,1438,ACK
1780652082.656857,SEND,1439,"DATA, attempt=1"
1780652082.6581228,ACK_RECEIVED,1439,ACK
1780652082.6582918,SEND,1440,"DATA, attempt=1"
1780652082.6614342,ACK_RECEIVED,1440,ACK
1780652082.6615932,SEND,1441,"DATA, attempt=1"
1780652082.6627278,ACK_RECEIVED,1441,ACK
1780652082.663105,SEND,1442,"DATA, attempt=1"
1780652082.6641896,ACK_RECEIVED,1442,ACK
1780652082.6643252,SEND,1443,"DATA, attempt=1"
1780652082.6651316,ACK_RECEIVED,1443,ACK
1780652082.6652708,SEND,1444,"DATA, attempt=1"
1780652082.6660235,ACK_RECEIVED,1444,ACK
1780652082.6661196,SEND,1445,"DATA, attempt=1"
1780652082.6669657,ACK_RECEIVED,1445,ACK
1780652082.6670592,SEND,1446,"DATA, attempt=1"
1780652082.6676705,ACK_RECEIVED,1446,ACK
1780652082.6677878,SEND,1447,"DATA, attempt=1"
1780652082.6690607,ACK_RECEIVED,1447,ACK
1780652082.6692593,SEND,1448,"DATA, attempt=1"
1780652082.6703856,ACK_RECEIVED,1448,ACK
1780652082.6705284,SEND,1449,"DATA, attempt=1"
1780652082.6720235,ACK_RECEIVED,1449,ACK
1780652082.6722212,SEND,1450,"DATA, attempt=1"
1780652082.6733282,ACK_RECEIVED,1450,ACK
1780652082.673491,SEND,1451,"DATA, attempt=1"
1780652082.6744664,ACK_RECEIVED,1451,ACK
1780652082.67464,SEND,1452,"DATA, attempt=1"
1780652082.675458,ACK_RECEIVED,1452,ACK
1780652082.6755934,SEND,1453,"DATA, attempt=1"
1780652082.6763117,ACK_RECEIVED,1453,ACK
1780652082.6764233,SEND,1454,"DATA, attempt=1"
1780652082.6771562,ACK_RECEIVED,1454,ACK
1780652082.6773372,SEND,1455,"DATA, attempt=1"
1780652082.678078,ACK_RECEIVED,1455,ACK
1780652082.6781924,SEND,1456,"DATA, attempt=1"
1780652082.6788208,ACK_RECEIVED,1456,ACK
1780652082.6789453,SEND,1457,"DATA, attempt=1"
1780652082.6797788,ACK_RECEIVED,1457,ACK
1780652082.67995,SEND,1458,"DATA, attempt=1"
1780652082.68078,ACK_RECEIVED,1458,ACK
1780652082.6808634,SEND,1459,"DATA, attempt=1"
1780652082.6816804,ACK_RECEIVED,1459,ACK
1780652082.681889,SEND,1460,"DATA, attempt=1"
1780652082.6826513,ACK_RECEIVED,1460,ACK
1780652082.68277,SEND,1461,"DATA, attempt=1"
1780652082.6836221,ACK_RECEIVED,1461,ACK
1780652082.683733,SEND,1462,"DATA, attempt=1"
1780652082.6844194,ACK_RECEIVED,1462,ACK
1780652082.6845102,SEND,1463,"DATA, attempt=1"
1780652082.6853375,ACK_RECEIVED,1463,ACK
1780652082.68552,SEND,1464,"DATA, attempt=1"
1780652082.6864023,ACK_RECEIVED,1464,ACK
1780652082.6865573,SEND,1465,"DATA, attempt=1"
1780652082.6878288,ACK_RECEIVED,1465,ACK
1780652082.6881042,SEND,1466,"DATA, attempt=1"
1780652082.6892896,ACK_RECEIVED,1466,ACK
1780652082.6895146,SEND,1467,"DATA, attempt=1"
1780652082.690358,ACK_RECEIVED,1467,ACK
1780652082.6904712,SEND,1468,"DATA, attempt=1"
1780652082.6911283,ACK_RECEIVED,1468,ACK
1780652082.6912217,SEND,1469,"DATA, attempt=1"
1780652082.6920679,ACK_RECEIVED,1469,ACK
1780652082.6921618,SEND,1470,"DATA, attempt=1"
1780652082.692802,ACK_RECEIVED,1470,ACK
1780652082.6929226,SEND,1471,"DATA, attempt=1"
1780652082.693746,ACK_RECEIVED,1471,ACK
1780652082.6939592,SEND,1472,"DATA, attempt=1"
1780652082.6947625,ACK_RECEIVED,1472,ACK
1780652082.69495,SEND,1473,"DATA, attempt=1"
1780652082.6959271,ACK_RECEIVED,1473,ACK
1780652082.696059,SEND,1474,"DATA, attempt=1"
1780652082.697073,ACK_RECEIVED,1474,ACK
1780652082.6971881,SEND,1475,"DATA, attempt=1"
1780652082.697937,ACK_RECEIVED,1475,ACK
1780652082.6980433,SEND,1476,"DATA, attempt=1"
1780652082.6987884,ACK_RECEIVED,1476,ACK
1780652082.6988947,SEND,1477,"DATA, attempt=1"
1780652082.6996362,ACK_RECEIVED,1477,ACK
1780652082.6997094,SEND,1478,"DATA, attempt=1"
1780652082.7005222,ACK_RECEIVED,1478,ACK
1780652082.7006345,SEND,1479,"DATA, attempt=1"
1780652082.7015343,ACK_RECEIVED,1479,ACK
1780652082.7016332,SEND,1480,"DATA, attempt=1"
1780652082.702685,ACK_RECEIVED,1480,ACK
1780652082.7027943,SEND,1481,"DATA, attempt=1"
1780652082.7038414,ACK_RECEIVED,1481,ACK
1780652082.7039964,SEND,1482,"DATA, attempt=1"
1780652082.7051356,ACK_RECEIVED,1482,ACK
1780652082.7053409,SEND,1483,"DATA, attempt=1"
1780652082.7072253,ACK_RECEIVED,1483,ACK
1780652082.7073572,SEND,1484,"DATA, attempt=1"
1780652082.7082186,ACK_RECEIVED,1484,ACK
1780652082.7083635,SEND,1485,"DATA, attempt=1"
1780652082.7092052,ACK_RECEIVED,1485,ACK
1780652082.7093108,SEND,1486,"DATA, attempt=1"
1780652082.709927,ACK_RECEIVED,1486,ACK
1780652082.7100282,SEND,1487,"DATA, attempt=1"
1780652082.7110517,ACK_RECEIVED,1487,ACK
1780652082.7112336,SEND,1488,"DATA, attempt=1"
1780652082.7119842,ACK_RECEIVED,1488,ACK
1780652082.7122486,SEND,1489,"DATA, attempt=1"
1780652082.7129495,ACK_RECEIVED,1489,ACK
1780652082.7130587,SEND,1490,"DATA, attempt=1"
1780652082.7138736,ACK_RECEIVED,1490,ACK
1780652082.714002,SEND,1491,"DATA, attempt=1"
1780652082.7148795,ACK_RECEIVED,1491,ACK
1780652082.714997,SEND,1492,"DATA, attempt=1"
1780652082.7158062,ACK_RECEIVED,1492,ACK
1780652082.7159688,SEND,1493,"DATA, attempt=1"
1780652082.7166908,ACK_RECEIVED,1493,ACK
1780652082.7167976,SEND,1494,"DATA, attempt=1"
1780652082.7174628,ACK_RECEIVED,1494,ACK
1780652082.717535,SEND,1495,"DATA, attempt=1"
1780652082.718046,ACK_RECEIVED,1495,ACK
1780652082.7181218,SEND,1496,"DATA, attempt=1"
1780652082.71889,ACK_RECEIVED,1496,ACK
1780652082.7189918,SEND,1497,"DATA, attempt=1"
1780652082.7203393,ACK_RECEIVED,1497,ACK
1780652082.720574,SEND,1498,"DATA, attempt=1"
1780652082.7221208,ACK_RECEIVED,1498,ACK
1780652082.7223566,SEND,1499,"DATA, attempt=1"
1780652082.7238371,ACK_RECEIVED,1499,ACK
1780652082.724024,SEND,1500,"DATA, attempt=1"
1780652082.7248328,ACK_RECEIVED,1500,ACK
1780652082.724925,SEND,1501,"DATA, attempt=1"
1780652082.7257874,ACK_RECEIVED,1501,ACK
1780652082.7259042,SEND,1502,"DATA, attempt=1"
1780652082.7267685,ACK_RECEIVED,1502,ACK
1780652082.7270515,SEND,1503,"DATA, attempt=1"
1780652082.727749,ACK_RECEIVED,1503,ACK
1780652082.7278457,SEND,1504,"DATA, attempt=1"
1780652082.7286026,ACK_RECEIVED,1504,ACK
1780652082.7286901,SEND,1505,"DATA, attempt=1"
1780652082.7293918,ACK_RECEIVED,1505,ACK
1780652082.729473,SEND,1506,"DATA, attempt=1"
1780652082.7301955,ACK_RECEIVED,1506,ACK
1780652082.7304904,SEND,1507,"DATA, attempt=1"
1780652082.7314277,ACK_RECEIVED,1507,ACK
1780652082.7315598,SEND,1508,"DATA, attempt=1"
1780652082.7325492,ACK_RECEIVED,1508,ACK
1780652082.732667,SEND,1509,"DATA, attempt=1"
1780652082.7333896,ACK_RECEIVED,1509,ACK
1780652082.7335281,SEND,1510,"DATA, attempt=1"
1780652082.7343996,ACK_RECEIVED,1510,ACK
1780652082.7345998,SEND,1511,"DATA, attempt=1"
1780652082.7354794,ACK_RECEIVED,1511,ACK
1780652082.735686,SEND,1512,"DATA, attempt=1"
1780652082.7372835,ACK_RECEIVED,1512,ACK
1780652082.737495,SEND,1513,"DATA, attempt=1"
1780652082.7392268,ACK_RECEIVED,1513,ACK
1780652082.7393641,SEND,1514,"DATA, attempt=1"
1780652082.7407756,ACK_RECEIVED,1514,ACK
1780652082.7409122,SEND,1515,"DATA, attempt=1"
1780652082.7417455,ACK_RECEIVED,1515,ACK
1780652082.7418747,SEND,1516,"DATA, attempt=1"
1780652082.7427573,ACK_RECEIVED,1516,ACK
1780652082.742895,SEND,1517,"DATA, attempt=1"
1780652082.743804,ACK_RECEIVED,1517,ACK
1780652082.7439046,SEND,1518,"DATA, attempt=1"
1780652082.7446,ACK_RECEIVED,1518,ACK
1780652082.744698,SEND,1519,"DATA, attempt=1"
1780652082.7453418,ACK_RECEIVED,1519,ACK
1780652082.745433,SEND,1520,"DATA, attempt=1"
1780652082.7462666,ACK_RECEIVED,1520,ACK
1780652082.7463818,SEND,1521,"DATA, attempt=1"
1780652082.7472126,ACK_RECEIVED,1521,ACK
1780652082.7473254,SEND,1522,"DATA, attempt=1"
1780652082.7481904,ACK_RECEIVED,1522,ACK
1780652082.7483401,SEND,1523,"DATA, attempt=1"
1780652082.7490819,ACK_RECEIVED,1523,ACK
1780652082.7492042,SEND,1524,"DATA, attempt=1"
1780652082.749897,ACK_RECEIVED,1524,ACK
1780652082.7500226,SEND,1525,"DATA, attempt=1"
1780652082.7507994,ACK_RECEIVED,1525,ACK
1780652082.7508864,SEND,1526,"DATA, attempt=1"
1780652082.7517078,ACK_RECEIVED,1526,ACK
1780652082.751791,SEND,1527,"DATA, attempt=1"
1780652082.7526052,ACK_RECEIVED,1527,ACK
1780652082.7527297,SEND,1528,"DATA, attempt=1"
1780652082.7541628,ACK_RECEIVED,1528,ACK
1780652082.7542949,SEND,1529,"DATA, attempt=1"
1780652082.755869,ACK_RECEIVED,1529,ACK
1780652082.7560062,SEND,1530,"DATA, attempt=1"
1780652082.7571926,ACK_RECEIVED,1530,ACK
1780652082.7573156,SEND,1531,"DATA, attempt=1"
1780652082.7581806,ACK_RECEIVED,1531,ACK
1780652082.7583647,SEND,1532,"DATA, attempt=1"
1780652082.7593057,ACK_RECEIVED,1532,ACK
1780652082.7594237,SEND,1533,"DATA, attempt=1"
1780652082.7601645,ACK_RECEIVED,1533,ACK
1780652082.7602818,SEND,1534,"DATA, attempt=1"
1780652082.7609365,ACK_RECEIVED,1534,ACK
1780652082.7610314,SEND,1535,"DATA, attempt=1"
1780652082.7616525,ACK_RECEIVED,1535,ACK
1780652082.7617366,SEND,1536,"DATA, attempt=1"
1780652082.76235,ACK_RECEIVED,1536,ACK
1780652082.7625148,SEND,1537,"DATA, attempt=1"
1780652082.7634768,ACK_RECEIVED,1537,ACK
1780652082.7636125,SEND,1538,"DATA, attempt=1"
1780652082.7646484,ACK_RECEIVED,1538,ACK
1780652082.764757,SEND,1539,"DATA, attempt=1"
1780652082.765785,ACK_RECEIVED,1539,ACK
1780652082.7659266,SEND,1540,"DATA, attempt=1"
1780652082.7667315,ACK_RECEIVED,1540,ACK
1780652082.7668533,SEND,1541,"DATA, attempt=1"
1780652082.767638,ACK_RECEIVED,1541,ACK
1780652082.767714,SEND,1542,"DATA, attempt=1"
1780652082.7684517,ACK_RECEIVED,1542,ACK
1780652082.7685769,SEND,1543,"DATA, attempt=1"
1780652082.7695305,ACK_RECEIVED,1543,ACK
1780652082.7696698,SEND,1544,"DATA, attempt=1"
1780652082.7713673,ACK_RECEIVED,1544,ACK
1780652082.7715285,SEND,1545,"DATA, attempt=1"
1780652082.772815,ACK_RECEIVED,1545,ACK
1780652082.77296,SEND,1546,"DATA, attempt=1"
1780652082.774105,ACK_RECEIVED,1546,ACK
1780652082.7742453,SEND,1547,"DATA, attempt=1"
1780652082.7748978,ACK_RECEIVED,1547,ACK
1780652082.7752337,SEND,1548,"DATA, attempt=1"
1780652082.776253,ACK_RECEIVED,1548,ACK
1780652082.7765152,SEND,1549,"DATA, attempt=1"
1780652082.7775273,ACK_RECEIVED,1549,ACK
1780652082.7776465,SEND,1550,"DATA, attempt=1"
1780652082.7784653,ACK_RECEIVED,1550,ACK
1780652082.7785869,SEND,1551,"DATA, attempt=1"
1780652082.7793207,ACK_RECEIVED,1551,ACK
1780652082.7794244,SEND,1552,"DATA, attempt=1"
1780652082.7802856,ACK_RECEIVED,1552,ACK
1780652082.780443,SEND,1553,"DATA, attempt=1"
1780652082.7812023,ACK_RECEIVED,1553,ACK
1780652082.7813058,SEND,1554,"DATA, attempt=1"
1780652082.7821841,ACK_RECEIVED,1554,ACK
1780652082.7824097,SEND,1555,"DATA, attempt=1"
1780652082.7834752,ACK_RECEIVED,1555,ACK
1780652082.7835863,SEND,1556,"DATA, attempt=1"
1780652082.7846692,ACK_RECEIVED,1556,ACK
1780652082.7848694,SEND,1557,"DATA, attempt=1"
1780652082.7859416,ACK_RECEIVED,1557,ACK
1780652082.7860498,SEND,1558,"DATA, attempt=1"
1780652082.7869766,ACK_RECEIVED,1558,ACK
1780652082.787141,SEND,1559,"DATA, attempt=1"
1780652082.7885854,ACK_RECEIVED,1559,ACK
1780652082.7888212,SEND,1560,"DATA, attempt=1"
1780652082.7906966,ACK_RECEIVED,1560,ACK
1780652082.790827,SEND,1561,"DATA, attempt=1"
1780652082.7918017,ACK_RECEIVED,1561,ACK
1780652082.7919345,SEND,1562,"DATA, attempt=1"
1780652082.7929657,ACK_RECEIVED,1562,ACK
1780652082.7932827,SEND,1563,"DATA, attempt=1"
1780652082.7938995,ACK_RECEIVED,1563,ACK
1780652082.793979,SEND,1564,"DATA, attempt=1"
1780652082.7947638,ACK_RECEIVED,1564,ACK
1780652082.7948833,SEND,1565,"DATA, attempt=1"
1780652082.7958903,ACK_RECEIVED,1565,ACK
1780652082.7960877,SEND,1566,"DATA, attempt=1"
1780652082.7970922,ACK_RECEIVED,1566,ACK
1780652082.7972398,SEND,1567,"DATA, attempt=1"
1780652082.7981713,ACK_RECEIVED,1567,ACK
1780652082.7983396,SEND,1568,"DATA, attempt=1"
1780652082.798982,ACK_RECEIVED,1568,ACK
1780652082.799089,SEND,1569,"DATA, attempt=1"
1780652082.7998211,ACK_RECEIVED,1569,ACK
1780652082.7999513,SEND,1570,"DATA, attempt=1"
1780652082.8007498,ACK_RECEIVED,1570,ACK
1780652082.8008668,SEND,1571,"DATA, attempt=1"
1780652082.8017495,ACK_RECEIVED,1571,ACK
1780652082.8018541,SEND,1572,"DATA, attempt=1"
1780652082.803069,ACK_RECEIVED,1572,ACK
1780652082.8032997,SEND,1573,"DATA, attempt=1"
1780652082.804827,ACK_RECEIVED,1573,ACK
1780652082.8049543,SEND,1574,"DATA, attempt=1"
1780652082.8069174,ACK_RECEIVED,1574,ACK
1780652082.8070455,SEND,1575,"DATA, attempt=1"
1780652082.8079464,ACK_RECEIVED,1575,ACK
1780652082.8080416,SEND,1576,"DATA, attempt=1"
1780652082.8089101,ACK_RECEIVED,1576,ACK
1780652082.8091004,SEND,1577,"DATA, attempt=1"
1780652082.8101,ACK_RECEIVED,1577,ACK
1780652082.8102262,SEND,1578,"DATA, attempt=1"
1780652082.8109348,ACK_RECEIVED,1578,ACK
1780652082.8110497,SEND,1579,"DATA, attempt=1"
1780652082.8117285,ACK_RECEIVED,1579,ACK
1780652082.8118489,SEND,1580,"DATA, attempt=1"
1780652082.8128364,ACK_RECEIVED,1580,ACK
1780652082.8129559,SEND,1581,"DATA, attempt=1"
1780652082.813887,ACK_RECEIVED,1581,ACK
1780652082.814015,SEND,1582,"DATA, attempt=1"
1780652082.8151953,ACK_RECEIVED,1582,ACK
1780652082.8152952,SEND,1583,"DATA, attempt=1"
1780652082.815897,ACK_RECEIVED,1583,ACK
1780652082.8159988,SEND,1584,"DATA, attempt=1"
1780652082.816711,ACK_RECEIVED,1584,ACK
1780652082.816839,SEND,1585,"DATA, attempt=1"
1780652082.8177588,ACK_RECEIVED,1585,ACK
1780652082.8178823,SEND,1586,"DATA, attempt=1"
1780652082.8186383,ACK_RECEIVED,1586,ACK
1780652082.818767,SEND,1587,"DATA, attempt=1"
1780652082.8198404,ACK_RECEIVED,1587,ACK
1780652082.8200438,SEND,1588,"DATA, attempt=1"
1780652082.8221822,ACK_RECEIVED,1588,ACK
1780652082.822352,SEND,1589,"DATA, attempt=1"
1780652082.8239148,ACK_RECEIVED,1589,ACK
1780652082.8241096,SEND,1590,"DATA, attempt=1"
1780652082.825095,ACK_RECEIVED,1590,ACK
1780652082.8252125,SEND,1591,"DATA, attempt=1"
1780652082.8258693,ACK_RECEIVED,1591,ACK
1780652082.8259733,SEND,1592,"DATA, attempt=1"
1780652082.8266153,ACK_RECEIVED,1592,ACK
1780652082.82673,SEND,1593,"DATA, attempt=1"
1780652082.8277984,ACK_RECEIVED,1593,ACK
1780652082.82797,SEND,1594,"DATA, attempt=1"
1780652082.8287516,ACK_RECEIVED,1594,ACK
1780652082.8288589,SEND,1595,"DATA, attempt=1"
1780652082.829676,ACK_RECEIVED,1595,ACK
1780652082.829903,SEND,1596,"DATA, attempt=1"
1780652082.830622,ACK_RECEIVED,1596,ACK
1780652082.8307378,SEND,1597,"DATA, attempt=1"
1780652082.8315349,ACK_RECEIVED,1597,ACK
1780652082.8316183,SEND,1598,"DATA, attempt=1"
1780652082.832749,ACK_RECEIVED,1598,ACK
1780652082.8328617,SEND,1599,"DATA, attempt=1"
1780652082.8337948,ACK_RECEIVED,1599,ACK
1780652082.8339384,SEND,1600,"DATA, attempt=1"
1780652082.8345158,ACK_RECEIVED,1600,ACK
1780652082.8346102,SEND,1601,"DATA, attempt=1"
1780652082.8353422,ACK_RECEIVED,1601,ACK
1780652082.835498,SEND,1602,"DATA, attempt=1"
1780652082.83632,ACK_RECEIVED,1602,ACK
1780652082.8364697,SEND,1603,"DATA, attempt=1"
1780652082.8373628,ACK_RECEIVED,1603,ACK
1780652082.837497,SEND,1604,"DATA, attempt=1"
1780652082.838187,ACK_RECEIVED,1604,ACK
1780652082.8382833,SEND,1605,"DATA, attempt=1"
1780652082.8394406,ACK_RECEIVED,1605,ACK
1780652082.8396497,SEND,1606,"DATA, attempt=1"
1780652082.8416553,ACK_RECEIVED,1606,ACK
1780652082.8418624,SEND,1607,"DATA, attempt=1"
1780652082.8431213,ACK_RECEIVED,1607,ACK
1780652082.8436956,SEND,1608,"DATA, attempt=1"
1780652082.8448799,ACK_RECEIVED,1608,ACK
1780652082.8449633,SEND,1609,"DATA, attempt=1"
1780652082.8458767,ACK_RECEIVED,1609,ACK
1780652082.846319,SEND,1610,"DATA, attempt=1"
1780652082.84782,ACK_RECEIVED,1610,ACK
1780652082.8479223,SEND,1611,"DATA, attempt=1"
1780652082.848901,ACK_RECEIVED,1611,ACK
1780652082.8492599,SEND,1612,"DATA, attempt=1"
1780652082.8501823,ACK_RECEIVED,1612,ACK
1780652082.8503172,SEND,1613,"DATA, attempt=1"
1780652082.851228,ACK_RECEIVED,1613,ACK
1780652082.8514104,SEND,1614,"DATA, attempt=1"
1780652082.8552456,ACK_RECEIVED,1614,ACK
1780652082.8558424,SEND,1615,"DATA, attempt=1"
1780652082.8572013,ACK_RECEIVED,1615,ACK
1780652082.857331,SEND,1616,"DATA, attempt=1"
1780652082.8581963,ACK_RECEIVED,1616,ACK
1780652082.85831,SEND,1617,"DATA, attempt=1"
1780652082.8591805,ACK_RECEIVED,1617,ACK
1780652082.8592553,SEND,1618,"DATA, attempt=1"
1780652082.8600752,ACK_RECEIVED,1618,ACK
1780652082.8601503,SEND,1619,"DATA, attempt=1"
1780652082.8609397,ACK_RECEIVED,1619,ACK
1780652082.8614645,SEND,1620,"DATA, attempt=1"
1780652082.8629525,ACK_RECEIVED,1620,ACK
1780652082.8631332,SEND,1621,"DATA, attempt=1"
1780652082.8640347,ACK_RECEIVED,1621,ACK
1780652082.8642347,SEND,1622,"DATA, attempt=1"
1780652082.8648696,ACK_RECEIVED,1622,ACK
1780652082.865075,SEND,1623,"DATA, attempt=1"
1780652082.8659732,ACK_RECEIVED,1623,ACK
1780652082.866045,SEND,1624,"DATA, attempt=1"
1780652082.866954,ACK_RECEIVED,1624,ACK
1780652082.8672764,SEND,1625,"DATA, attempt=1"
1780652082.868616,ACK_RECEIVED,1625,ACK
1780652082.8688722,SEND,1626,"DATA, attempt=1"
1780652082.8705966,ACK_RECEIVED,1626,ACK
1780652082.8707676,SEND,1627,"DATA, attempt=1"
1780652082.8725493,ACK_RECEIVED,1627,ACK
1780652082.872934,SEND,1628,"DATA, attempt=1"
1780652082.8746822,ACK_RECEIVED,1628,ACK
1780652082.874828,SEND,1629,"DATA, attempt=1"
1780652082.8761373,ACK_RECEIVED,1629,ACK
1780652082.876288,SEND,1630,"DATA, attempt=1"
1780652082.877262,ACK_RECEIVED,1630,ACK
1780652082.8774633,SEND,1631,"DATA, attempt=1"
1780652082.8783748,ACK_RECEIVED,1631,ACK
1780652082.8785112,SEND,1632,"DATA, attempt=1"
1780652082.879291,ACK_RECEIVED,1632,ACK
1780652082.879419,SEND,1633,"DATA, attempt=1"
1780652082.8800876,ACK_RECEIVED,1633,ACK
1780652082.8801715,SEND,1634,"DATA, attempt=1"
1780652082.8807862,ACK_RECEIVED,1634,ACK
1780652082.8809211,SEND,1635,"DATA, attempt=1"
1780652082.8819685,ACK_RECEIVED,1635,ACK
1780652082.882132,SEND,1636,"DATA, attempt=1"
1780652082.883266,ACK_RECEIVED,1636,ACK
1780652082.8834789,SEND,1637,"DATA, attempt=1"
1780652082.884801,ACK_RECEIVED,1637,ACK
1780652082.8849294,SEND,1638,"DATA, attempt=1"
1780652082.8860164,ACK_RECEIVED,1638,ACK
1780652082.8861194,SEND,1639,"DATA, attempt=1"
1780652082.8881016,ACK_RECEIVED,1639,ACK
1780652082.888389,SEND,1640,"DATA, attempt=1"
1780652082.8906252,ACK_RECEIVED,1640,ACK
1780652082.8907616,SEND,1641,"DATA, attempt=1"
1780652082.8919427,ACK_RECEIVED,1641,ACK
1780652082.8920646,SEND,1642,"DATA, attempt=1"
1780652082.8926713,ACK_RECEIVED,1642,ACK
1780652082.8928156,SEND,1643,"DATA, attempt=1"
1780652082.893328,ACK_RECEIVED,1643,ACK
1780652082.8934193,SEND,1644,"DATA, attempt=1"
1780652082.8939927,ACK_RECEIVED,1644,ACK
1780652082.8941054,SEND,1645,"DATA, attempt=1"
1780652082.8946466,ACK_RECEIVED,1645,ACK
1780652082.8947206,SEND,1646,"DATA, attempt=1"
1780652082.8960621,ACK_RECEIVED,1646,ACK
1780652082.8962715,SEND,1647,"DATA, attempt=1"
1780652082.8971307,ACK_RECEIVED,1647,ACK
1780652082.8972442,SEND,1648,"DATA, attempt=1"
1780652082.897977,ACK_RECEIVED,1648,ACK
1780652082.8980794,SEND,1649,"DATA, attempt=1"
1780652082.8990092,ACK_RECEIVED,1649,ACK
1780652082.8991024,SEND,1650,"DATA, attempt=1"
1780652082.8996754,ACK_RECEIVED,1650,ACK
1780652082.8997562,SEND,1651,"DATA, attempt=1"
1780652082.9003067,ACK_RECEIVED,1651,ACK
1780652082.9004393,SEND,1652,"DATA, attempt=1"
1780652082.9010227,ACK_RECEIVED,1652,ACK
1780652082.9011095,SEND,1653,"DATA, attempt=1"
1780652082.9022703,ACK_RECEIVED,1653,ACK
1780652082.9026875,SEND,1654,"DATA, attempt=1"
1780652082.9041593,ACK_RECEIVED,1654,ACK
1780652082.904349,SEND,1655,"DATA, attempt=1"
1780652082.905813,ACK_RECEIVED,1655,ACK
1780652082.9060342,SEND,1656,"DATA, attempt=1"
1780652082.9070494,ACK_RECEIVED,1656,ACK
1780652082.9071472,SEND,1657,"DATA, attempt=1"
1780652082.9177163,ACK_RECEIVED,1657,ACK
1780652082.9178674,SEND,1658,"DATA, attempt=1"
1780652082.918689,ACK_RECEIVED,1658,ACK
1780652082.9188,SEND,1659,"DATA, attempt=1"
1780652082.919883,ACK_RECEIVED,1659,ACK
1780652082.9200802,SEND,1660,"DATA, attempt=1"
1780652082.92162,ACK_RECEIVED,1660,ACK
1780652082.9217381,SEND,1661,"DATA, attempt=1"
1780652082.9228036,ACK_RECEIVED,1661,ACK
1780652082.9229922,SEND,1662,"DATA, attempt=1"
1780652082.9240751,ACK_RECEIVED,1662,ACK
1780652082.92424,SEND,1663,"DATA, attempt=1"
1780652082.9249148,ACK_RECEIVED,1663,ACK
1780652082.9250982,SEND,1664,"DATA, attempt=1"
1780652082.9257245,ACK_RECEIVED,1664,ACK
1780652082.925948,SEND,1665,"DATA, attempt=1"
1780652082.926583,ACK_RECEIVED,1665,ACK
1780652082.9266996,SEND,1666,"DATA, attempt=1"
1780652082.9272678,ACK_RECEIVED,1666,ACK
1780652082.92737,SEND,1667,"DATA, attempt=1"
1780652082.9278576,ACK_RECEIVED,1667,ACK
1780652082.9279938,SEND,1668,"DATA, attempt=1"
1780652082.9288356,ACK_RECEIVED,1668,ACK
1780652082.9289865,SEND,1669,"DATA, attempt=1"
1780652082.9303002,ACK_RECEIVED,1669,ACK
1780652082.9304392,SEND,1670,"DATA, attempt=1"
1780652082.9309738,ACK_RECEIVED,1670,ACK
1780652082.931131,SEND,1671,"DATA, attempt=1"
1780652082.931684,ACK_RECEIVED,1671,ACK
1780652082.931821,SEND,1672,"DATA, attempt=1"
1780652082.9324799,ACK_RECEIVED,1672,ACK
1780652082.932564,SEND,1673,"DATA, attempt=1"
1780652082.9336133,ACK_RECEIVED,1673,ACK
1780652082.9337234,SEND,1674,"DATA, attempt=1"
1780652082.934485,ACK_RECEIVED,1674,ACK
1780652082.9346457,SEND,1675,"DATA, attempt=1"
1780652082.9358454,ACK_RECEIVED,1675,ACK
1780652082.9359848,SEND,1676,"DATA, attempt=1"
1780652082.9376426,ACK_RECEIVED,1676,ACK
1780652082.9377775,SEND,1677,"DATA, attempt=1"
1780652082.9399867,ACK_RECEIVED,1677,ACK
1780652082.9400947,SEND,1678,"DATA, attempt=1"
1780652082.940712,ACK_RECEIVED,1678,ACK
1780652082.9408143,SEND,1679,"DATA, attempt=1"
1780652082.9417892,ACK_RECEIVED,1679,ACK
1780652082.941926,SEND,1680,"DATA, attempt=1"
1780652082.9428515,ACK_RECEIVED,1680,ACK
1780652082.9432466,SEND,1681,"DATA, attempt=1"
1780652082.9443913,ACK_RECEIVED,1681,ACK
1780652082.9446259,SEND,1682,"DATA, attempt=1"
1780652082.9455147,ACK_RECEIVED,1682,ACK
1780652082.9456534,SEND,1683,"DATA, attempt=1"
1780652082.9463446,ACK_RECEIVED,1683,ACK
1780652082.9464571,SEND,1684,"DATA, attempt=1"
1780652082.9479017,ACK_RECEIVED,1684,ACK
1780652082.9481108,SEND,1685,"DATA, attempt=1"
1780652082.9491854,ACK_RECEIVED,1685,ACK
1780652082.949291,SEND,1686,"DATA, attempt=1"
1780652082.949817,ACK_RECEIVED,1686,ACK
1780652082.9499557,SEND,1687,"DATA, attempt=1"
1780652082.950523,ACK_RECEIVED,1687,ACK
1780652082.950602,SEND,1688,"DATA, attempt=1"
1780652082.951075,ACK_RECEIVED,1688,ACK
1780652082.9512064,SEND,1689,"DATA, attempt=1"
1780652082.951761,ACK_RECEIVED,1689,ACK
1780652082.9526541,SEND,1690,"DATA, attempt=1"
1780652082.9548073,ACK_RECEIVED,1690,ACK
1780652082.9550745,SEND,1691,"DATA, attempt=1"
1780652082.956545,ACK_RECEIVED,1691,ACK
1780652082.9566753,SEND,1692,"DATA, attempt=1"
1780652082.9578292,ACK_RECEIVED,1692,ACK
1780652082.9579668,SEND,1693,"DATA, attempt=1"
1780652082.959093,ACK_RECEIVED,1693,ACK
1780652082.9592493,SEND,1694,"DATA, attempt=1"
1780652082.9598382,ACK_RECEIVED,1694,ACK
1780652082.9599276,SEND,1695,"DATA, attempt=1"
1780652082.9609962,ACK_RECEIVED,1695,ACK
1780652082.961126,SEND,1696,"DATA, attempt=1"
1780652082.961805,ACK_RECEIVED,1696,ACK
1780652082.9618783,SEND,1697,"DATA, attempt=1"
1780652082.9624581,ACK_RECEIVED,1697,ACK
1780652082.9625475,SEND,1698,"DATA, attempt=1"
1780652082.963056,ACK_RECEIVED,1698,ACK
1780652082.9631345,SEND,1699,"DATA, attempt=1"
1780652082.963589,ACK_RECEIVED,1699,ACK
1780652082.9637034,SEND,1700,"DATA, attempt=1"
1780652082.9641845,ACK_RECEIVED,1700,ACK
1780652082.9642715,SEND,1701,"DATA, attempt=1"
1780652082.9648955,ACK_RECEIVED,1701,ACK
1780652082.9652271,SEND,1702,"DATA, attempt=1"
1780652082.966211,ACK_RECEIVED,1702,ACK
1780652082.9664571,SEND,1703,"DATA, attempt=1"
1780652082.96736,ACK_RECEIVED,1703,ACK
1780652082.967476,SEND,1704,"DATA, attempt=1"
1780652082.9681296,ACK_RECEIVED,1704,ACK
1780652082.968249,SEND,1705,"DATA, attempt=1"
1780652082.9698439,ACK_RECEIVED,1705,ACK
1780652082.9704247,SEND,1706,"DATA, attempt=1"
1780652082.9726126,ACK_RECEIVED,1706,ACK
1780652082.9727685,SEND,1707,"DATA, attempt=1"
1780652082.973961,ACK_RECEIVED,1707,ACK
1780652082.9741085,SEND,1708,"DATA, attempt=1"
1780652082.9750035,ACK_RECEIVED,1708,ACK
1780652082.9751291,SEND,1709,"DATA, attempt=1"
1780652082.976137,ACK_RECEIVED,1709,ACK
1780652082.9762704,SEND,1710,"DATA, attempt=1"
1780652082.9770043,ACK_RECEIVED,1710,ACK
1780652082.9771388,SEND,1711,"DATA, attempt=1"
1780652082.9777026,ACK_RECEIVED,1711,ACK
1780652082.9777796,SEND,1712,"DATA, attempt=1"
1780652082.9783201,ACK_RECEIVED,1712,ACK
1780652082.9784088,SEND,1713,"DATA, attempt=1"
1780652082.978959,ACK_RECEIVED,1713,ACK
1780652082.9790409,SEND,1714,"DATA, attempt=1"
1780652082.9798021,ACK_RECEIVED,1714,ACK
1780652082.9803014,SEND,1715,"DATA, attempt=1"
1780652082.9813356,ACK_RECEIVED,1715,ACK
1780652082.9814482,SEND,1716,"DATA, attempt=1"
1780652082.9820569,ACK_RECEIVED,1716,ACK
1780652082.9821947,SEND,1717,"DATA, attempt=1"
1780652082.9829345,ACK_RECEIVED,1717,ACK
1780652082.9830208,SEND,1718,"DATA, attempt=1"
1780652082.983522,ACK_RECEIVED,1718,ACK
1780652082.9836607,SEND,1719,"DATA, attempt=1"
1780652082.9841652,ACK_RECEIVED,1719,ACK
1780652082.9842505,SEND,1720,"DATA, attempt=1"
1780652082.9847426,ACK_RECEIVED,1720,ACK
1780652082.9848156,SEND,1721,"DATA, attempt=1"
1780652082.9867234,ACK_RECEIVED,1721,ACK
1780652082.9869032,SEND,1722,"DATA, attempt=1"
1780652082.9888196,ACK_RECEIVED,1722,ACK
1780652082.989013,SEND,1723,"DATA, attempt=1"
1780652082.9899971,ACK_RECEIVED,1723,ACK
1780652082.9901059,SEND,1724,"DATA, attempt=1"
1780652082.9909923,ACK_RECEIVED,1724,ACK
1780652082.9910874,SEND,1725,"DATA, attempt=1"
1780652082.9917877,ACK_RECEIVED,1725,ACK
1780652082.9918902,SEND,1726,"DATA, attempt=1"
1780652082.99306,ACK_RECEIVED,1726,ACK
1780652082.9932923,SEND,1727,"DATA, attempt=1"
1780652082.9938374,ACK_RECEIVED,1727,ACK
1780652082.9939272,SEND,1728,"DATA, attempt=1"
1780652082.9944274,ACK_RECEIVED,1728,ACK
1780652082.994587,SEND,1729,"DATA, attempt=1"
1780652082.9957585,ACK_RECEIVED,1729,ACK
1780652082.9959283,SEND,1730,"DATA, attempt=1"
1780652082.9966142,ACK_RECEIVED,1730,ACK
1780652082.9967656,SEND,1731,"DATA, attempt=1"
1780652082.9973993,ACK_RECEIVED,1731,ACK
1780652082.9974842,SEND,1732,"DATA, attempt=1"
1780652082.9982862,ACK_RECEIVED,1732,ACK
1780652082.998458,SEND,1733,"DATA, attempt=1"
1780652082.9993415,ACK_RECEIVED,1733,ACK
1780652082.9994738,SEND,1734,"DATA, attempt=1"
1780652082.9999814,ACK_RECEIVED,1734,ACK
1780652083.000122,SEND,1735,"DATA, attempt=1"
1780652083.0006099,ACK_RECEIVED,1735,ACK
1780652083.0007262,SEND,1736,"DATA, attempt=1"
1780652083.0022104,ACK_RECEIVED,1736,ACK
1780652083.002344,SEND,1737,"DATA, attempt=1"
1780652083.0051336,ACK_RECEIVED,1737,ACK
1780652083.0052862,SEND,1738,"DATA, attempt=1"
1780652083.0067837,ACK_RECEIVED,1738,ACK
1780652083.0069802,SEND,1739,"DATA, attempt=1"
1780652083.0075843,ACK_RECEIVED,1739,ACK
1780652083.007671,SEND,1740,"DATA, attempt=1"
1780652083.00823,ACK_RECEIVED,1740,ACK
1780652083.0083582,SEND,1741,"DATA, attempt=1"
1780652083.0089629,ACK_RECEIVED,1741,ACK
1780652083.0090787,SEND,1742,"DATA, attempt=1"
1780652083.0098305,ACK_RECEIVED,1742,ACK
1780652083.0099149,SEND,1743,"DATA, attempt=1"
1780652083.0139697,ACK_RECEIVED,1743,ACK
1780652083.0141475,SEND,1744,"DATA, attempt=1"
1780652083.0156476,ACK_RECEIVED,1744,ACK
1780652083.0157895,SEND,1745,"DATA, attempt=1"
1780652083.0165486,ACK_RECEIVED,1745,ACK
1780652083.0166812,SEND,1746,"DATA, attempt=1"
1780652083.0173953,ACK_RECEIVED,1746,ACK
1780652083.0175068,SEND,1747,"DATA, attempt=1"
1780652083.0179698,ACK_RECEIVED,1747,ACK
1780652083.0180495,SEND,1748,"DATA, attempt=1"
1780652083.0192847,ACK_RECEIVED,1748,ACK
1780652083.0198367,SEND,1749,"DATA, attempt=1"
1780652083.0225177,ACK_RECEIVED,1749,ACK
1780652083.0226479,SEND,1750,"DATA, attempt=1"
1780652083.02365,ACK_RECEIVED,1750,ACK
1780652083.023792,SEND,1751,"DATA, attempt=1"
1780652083.0245323,ACK_RECEIVED,1751,ACK
1780652083.0246298,SEND,1752,"DATA, attempt=1"
1780652083.0255027,ACK_RECEIVED,1752,ACK
1780652083.0256245,SEND,1753,"DATA, attempt=1"
1780652083.0261679,ACK_RECEIVED,1753,ACK
1780652083.0262575,SEND,1754,"DATA, attempt=1"
1780652083.026763,ACK_RECEIVED,1754,ACK
1780652083.0268555,SEND,1755,"DATA, attempt=1"
1780652083.0272894,ACK_RECEIVED,1755,ACK
1780652083.027406,SEND,1756,"DATA, attempt=1"
1780652083.0278666,ACK_RECEIVED,1756,ACK
1780652083.0280187,SEND,1757,"DATA, attempt=1"
1780652083.0285509,ACK_RECEIVED,1757,ACK
1780652083.0286338,SEND,1758,"DATA, attempt=1"
1780652083.0302098,ACK_RECEIVED,1758,ACK
1780652083.0304816,SEND,1759,"DATA, attempt=1"
1780652083.0315893,ACK_RECEIVED,1759,ACK
1780652083.0317028,SEND,1760,"DATA, attempt=1"
1780652083.0325146,ACK_RECEIVED,1760,ACK
1780652083.0327132,SEND,1761,"DATA, attempt=1"
1780652083.033525,ACK_RECEIVED,1761,ACK
1780652083.0336182,SEND,1762,"DATA, attempt=1"
1780652083.0345147,ACK_RECEIVED,1762,ACK
1780652083.0346918,SEND,1763,"DATA, attempt=1"
1780652083.036636,ACK_RECEIVED,1763,ACK
1780652083.036834,SEND,1764,"DATA, attempt=1"
1780652083.039155,ACK_RECEIVED,1764,ACK
1780652083.039389,SEND,1765,"DATA, attempt=1"
1780652083.040191,ACK_RECEIVED,1765,ACK
1780652083.0403826,SEND,1766,"DATA, attempt=1"
1780652083.0410428,ACK_RECEIVED,1766,ACK
1780652083.0412483,SEND,1767,"DATA, attempt=1"
1780652083.0422332,ACK_RECEIVED,1767,ACK
1780652083.042448,SEND,1768,"DATA, attempt=1"
1780652083.043889,ACK_RECEIVED,1768,ACK
1780652083.0440052,SEND,1769,"DATA, attempt=1"
1780652083.045007,ACK_RECEIVED,1769,ACK
1780652083.0451899,SEND,1770,"DATA, attempt=1"
1780652083.0461884,ACK_RECEIVED,1770,ACK
1780652083.0463076,SEND,1771,"DATA, attempt=1"
1780652083.0470514,ACK_RECEIVED,1771,ACK
1780652083.047143,SEND,1772,"DATA, attempt=1"
1780652083.047755,ACK_RECEIVED,1772,ACK
1780652083.047834,SEND,1773,"DATA, attempt=1"
1780652083.0484493,ACK_RECEIVED,1773,ACK
1780652083.0485332,SEND,1774,"DATA, attempt=1"
1780652083.0493488,ACK_RECEIVED,1774,ACK
1780652083.0495067,SEND,1775,"DATA, attempt=1"
1780652083.0503614,ACK_RECEIVED,1775,ACK
1780652083.050517,SEND,1776,"DATA, attempt=1"
1780652083.0510898,ACK_RECEIVED,1776,ACK
1780652083.0511637,SEND,1777,"DATA, attempt=1"
1780652083.0517554,ACK_RECEIVED,1777,ACK
1780652083.052094,SEND,1778,"DATA, attempt=1"
1780652083.0533755,ACK_RECEIVED,1778,ACK
1780652083.0536864,SEND,1779,"DATA, attempt=1"
1780652083.0553725,ACK_RECEIVED,1779,ACK
1780652083.055615,SEND,1780,"DATA, attempt=1"
1780652083.0566583,ACK_RECEIVED,1780,ACK
1780652083.056836,SEND,1781,"DATA, attempt=1"
1780652083.057493,ACK_RECEIVED,1781,ACK
1780652083.0576146,SEND,1782,"DATA, attempt=1"
1780652083.0581317,ACK_RECEIVED,1782,ACK
1780652083.0582323,SEND,1783,"DATA, attempt=1"
1780652083.0587423,ACK_RECEIVED,1783,ACK
1780652083.0588386,SEND,1784,"DATA, attempt=1"
1780652083.0593271,ACK_RECEIVED,1784,ACK
1780652083.059438,SEND,1785,"DATA, attempt=1"
1780652083.0599437,ACK_RECEIVED,1785,ACK
1780652083.060033,SEND,1786,"DATA, attempt=1"
1780652083.0608535,ACK_RECEIVED,1786,ACK
1780652083.0609632,SEND,1787,"DATA, attempt=1"
1780652083.0621238,ACK_RECEIVED,1787,ACK
1780652083.0622194,SEND,1788,"DATA, attempt=1"
1780652083.0629253,ACK_RECEIVED,1788,ACK
1780652083.0630028,SEND,1789,"DATA, attempt=1"
1780652083.0636008,ACK_RECEIVED,1789,ACK
1780652083.0637333,SEND,1790,"DATA, attempt=1"
1780652083.064258,ACK_RECEIVED,1790,ACK
1780652083.0643516,SEND,1791,"DATA, attempt=1"
1780652083.0650275,ACK_RECEIVED,1791,ACK
1780652083.065126,SEND,1792,"DATA, attempt=1"
1780652083.065605,ACK_RECEIVED,1792,ACK
1780652083.0657415,SEND,1793,"DATA, attempt=1"
1780652083.0669403,ACK_RECEIVED,1793,ACK
1780652083.0670896,SEND,1794,"DATA, attempt=1"
1780652083.06831,ACK_RECEIVED,1794,ACK
1780652083.0686083,SEND,1795,"DATA, attempt=1"
1780652083.0702214,ACK_RECEIVED,1795,ACK
1780652083.07044,SEND,1796,"DATA, attempt=1"
1780652083.0719304,ACK_RECEIVED,1796,ACK
1780652083.0722368,SEND,1797,"DATA, attempt=1"
1780652083.0738049,ACK_RECEIVED,1797,ACK
1780652083.073935,SEND,1798,"DATA, attempt=1"
1780652083.0745752,ACK_RECEIVED,1798,ACK
1780652083.0746694,SEND,1799,"DATA, attempt=1"
1780652083.075357,ACK_RECEIVED,1799,ACK
1780652083.075567,SEND,1800,"DATA, attempt=1"
1780652083.0764515,ACK_RECEIVED,1800,ACK
1780652083.0765839,SEND,1801,"DATA, attempt=1"
1780652083.0770996,ACK_RECEIVED,1801,ACK
1780652083.077186,SEND,1802,"DATA, attempt=1"
1780652083.0776472,ACK_RECEIVED,1802,ACK
1780652083.0777843,SEND,1803,"DATA, attempt=1"
1780652083.0785153,ACK_RECEIVED,1803,ACK
1780652083.079242,SEND,1804,"DATA, attempt=1"
1780652083.08001,ACK_RECEIVED,1804,ACK
1780652083.0801055,SEND,1805,"DATA, attempt=1"
1780652083.080669,ACK_RECEIVED,1805,ACK
1780652083.0807827,SEND,1806,"DATA, attempt=1"
1780652083.0812418,ACK_RECEIVED,1806,ACK
1780652083.0813677,SEND,1807,"DATA, attempt=1"
1780652083.081995,ACK_RECEIVED,1807,ACK
1780652083.082154,SEND,1808,"DATA, attempt=1"
1780652083.0826087,ACK_RECEIVED,1808,ACK
1780652083.0826845,SEND,1809,"DATA, attempt=1"
1780652083.0834844,ACK_RECEIVED,1809,ACK
1780652083.0836186,SEND,1810,"DATA, attempt=1"
1780652083.084249,ACK_RECEIVED,1810,ACK
1780652083.0843167,SEND,1811,"DATA, attempt=1"
1780652083.0849004,ACK_RECEIVED,1811,ACK
1780652083.0850053,SEND,1812,"DATA, attempt=1"
1780652083.0867941,ACK_RECEIVED,1812,ACK
1780652083.0874317,SEND,1813,"DATA, attempt=1"
1780652083.088719,ACK_RECEIVED,1813,ACK
1780652083.0890894,SEND,1814,"DATA, attempt=1"
1780652083.090245,ACK_RECEIVED,1814,ACK
1780652083.090365,SEND,1815,"DATA, attempt=1"
1780652083.09104,ACK_RECEIVED,1815,ACK
1780652083.091182,SEND,1816,"DATA, attempt=1"
1780652083.091695,ACK_RECEIVED,1816,ACK
1780652083.091816,SEND,1817,"DATA, attempt=1"
1780652083.0929494,ACK_RECEIVED,1817,ACK
1780652083.0930595,SEND,1818,"DATA, attempt=1"
1780652083.0936162,ACK_RECEIVED,1818,ACK
1780652083.093785,SEND,1819,"DATA, attempt=1"
1780652083.094507,ACK_RECEIVED,1819,ACK
1780652083.0946057,SEND,1820,"DATA, attempt=1"
1780652083.095152,ACK_RECEIVED,1820,ACK
1780652083.0952454,SEND,1821,"DATA, attempt=1"
1780652083.0957773,ACK_RECEIVED,1821,ACK
1780652083.0958793,SEND,1822,"DATA, attempt=1"
1780652083.0963538,ACK_RECEIVED,1822,ACK
1780652083.0964458,SEND,1823,"DATA, attempt=1"
1780652083.0968673,ACK_RECEIVED,1823,ACK
1780652083.0969477,SEND,1824,"DATA, attempt=1"
1780652083.097462,ACK_RECEIVED,1824,ACK
1780652083.097566,SEND,1825,"DATA, attempt=1"
1780652083.0986962,ACK_RECEIVED,1825,ACK
1780652083.0988445,SEND,1826,"DATA, attempt=1"
1780652083.0997915,ACK_RECEIVED,1826,ACK
1780652083.0998902,SEND,1827,"DATA, attempt=1"
1780652083.1004574,ACK_RECEIVED,1827,ACK
1780652083.1005533,SEND,1828,"DATA, attempt=1"
1780652083.1010995,ACK_RECEIVED,1828,ACK
1780652083.1011825,SEND,1829,"DATA, attempt=1"
1780652083.1017818,ACK_RECEIVED,1829,ACK
1780652083.1021304,SEND,1830,"DATA, attempt=1"
1780652083.104932,ACK_RECEIVED,1830,ACK
1780652083.105274,SEND,1831,"DATA, attempt=1"
1780652083.1060786,ACK_RECEIVED,1831,ACK
1780652083.1063468,SEND,1832,"DATA, attempt=1"
1780652083.1068718,ACK_RECEIVED,1832,ACK
1780652083.107153,SEND,1833,"DATA, attempt=1"
1780652083.1077251,ACK_RECEIVED,1833,ACK
1780652083.1079133,SEND,1834,"DATA, attempt=1"
1780652083.1083717,ACK_RECEIVED,1834,ACK
1780652083.108585,SEND,1835,"DATA, attempt=1"
1780652083.1090467,ACK_RECEIVED,1835,ACK
1780652083.1092718,SEND,1836,"DATA, attempt=1"
1780652083.1097171,ACK_RECEIVED,1836,ACK
1780652083.1099522,SEND,1837,"DATA, attempt=1"
1780652083.1108916,ACK_RECEIVED,1837,ACK
1780652083.111602,SEND,1838,"DATA, attempt=1"
1780652083.1123462,ACK_RECEIVED,1838,ACK
1780652083.112603,SEND,1839,"DATA, attempt=1"
1780652083.1134627,ACK_RECEIVED,1839,ACK
1780652083.1138716,SEND,1840,"DATA, attempt=1"
1780652083.1147273,ACK_RECEIVED,1840,ACK
1780652083.1151662,SEND,1841,"DATA, attempt=1"
1780652083.115998,ACK_RECEIVED,1841,ACK
1780652083.1164474,SEND,1842,"DATA, attempt=1"
1780652083.117161,ACK_RECEIVED,1842,ACK
1780652083.1175232,SEND,1843,"DATA, attempt=1"
1780652083.118564,ACK_RECEIVED,1843,ACK
1780652083.119163,SEND,1844,"DATA, attempt=1"
1780652083.1215966,ACK_RECEIVED,1844,ACK
1780652083.1221497,SEND,1845,"DATA, attempt=1"
1780652083.1236775,ACK_RECEIVED,1845,ACK
1780652083.1239982,SEND,1846,"DATA, attempt=1"
1780652083.1249902,ACK_RECEIVED,1846,ACK
1780652083.1252284,SEND,1847,"DATA, attempt=1"
1780652083.12591,ACK_RECEIVED,1847,ACK
1780652083.1261895,SEND,1848,"DATA, attempt=1"
1780652083.1267958,ACK_RECEIVED,1848,ACK
1780652083.127138,SEND,1849,"DATA, attempt=1"
1780652083.1281824,ACK_RECEIVED,1849,ACK
1780652083.1284974,SEND,1850,"DATA, attempt=1"
1780652083.129098,ACK_RECEIVED,1850,ACK
1780652083.1294038,SEND,1851,"DATA, attempt=1"
1780652083.1300998,ACK_RECEIVED,1851,ACK
1780652083.1303413,SEND,1852,"DATA, attempt=1"
1780652083.1313245,ACK_RECEIVED,1852,ACK
1780652083.131623,SEND,1853,"DATA, attempt=1"
1780652083.1328363,ACK_RECEIVED,1853,ACK
1780652083.1332512,SEND,1854,"DATA, attempt=1"
1780652083.1340013,ACK_RECEIVED,1854,ACK
1780652083.1343205,SEND,1855,"DATA, attempt=1"
1780652083.1350024,ACK_RECEIVED,1855,ACK
1780652083.1355689,SEND,1856,"DATA, attempt=1"
1780652083.1374383,ACK_RECEIVED,1856,ACK
1780652083.13784,SEND,1857,"DATA, attempt=1"
1780652083.1750538,ACK_RECEIVED,1857,ACK
1780652083.1756673,SEND,1858,"DATA, attempt=1"
1780652083.176949,ACK_RECEIVED,1858,ACK
1780652083.1773682,SEND,1859,"DATA, attempt=1"
1780652083.1792755,ACK_RECEIVED,1859,ACK
1780652083.1796544,SEND,1860,"DATA, attempt=1"
1780652083.1807852,ACK_RECEIVED,1860,ACK
1780652083.1811223,SEND,1861,"DATA, attempt=1"
1780652083.1823533,ACK_RECEIVED,1861,ACK
1780652083.182652,SEND,1862,"DATA, attempt=1"
1780652083.1836526,ACK_RECEIVED,1862,ACK
1780652083.183947,SEND,1863,"DATA, attempt=1"
1780652083.1850471,ACK_RECEIVED,1863,ACK
1780652083.1858194,SEND,1864,"DATA, attempt=1"
1780652083.1876593,ACK_RECEIVED,1864,ACK
1780652083.1879997,SEND,1865,"DATA, attempt=1"
1780652083.189066,ACK_RECEIVED,1865,ACK
1780652083.1929975,SEND,1866,"DATA, attempt=1"
1780652083.1955638,ACK_RECEIVED,1866,ACK
1780652083.1960838,SEND,1867,"DATA, attempt=1"
1780652083.197512,ACK_RECEIVED,1867,ACK
1780652083.197915,SEND,1868,"DATA, attempt=1"
1780652083.1991498,ACK_RECEIVED,1868,ACK
1780652083.1994686,SEND,1869,"DATA, attempt=1"
1780652083.2001834,ACK_RECEIVED,1869,ACK
1780652083.2004387,SEND,1870,"DATA, attempt=1"
1780652083.201482,ACK_RECEIVED,1870,ACK
1780652083.201848,SEND,1871,"DATA, attempt=1"
1780652083.2032573,ACK_RECEIVED,1871,ACK
1780652083.203621,SEND,1872,"DATA, attempt=1"
1780652083.2051795,ACK_RECEIVED,1872,ACK
1780652083.2056348,SEND,1873,"DATA, attempt=1"
1780652083.2077289,ACK_RECEIVED,1873,ACK
1780652083.208072,SEND,1874,"DATA, attempt=1"
1780652083.2090447,ACK_RECEIVED,1874,ACK
1780652083.2093356,SEND,1875,"DATA, attempt=1"
1780652083.210104,ACK_RECEIVED,1875,ACK
1780652083.2103312,SEND,1876,"DATA, attempt=1"
1780652083.211047,ACK_RECEIVED,1876,ACK
1780652083.2113636,SEND,1877,"DATA, attempt=1"
1780652083.2123363,ACK_RECEIVED,1877,ACK
1780652083.2125854,SEND,1878,"DATA, attempt=1"
1780652083.2138793,ACK_RECEIVED,1878,ACK
1780652083.2141764,SEND,1879,"DATA, attempt=1"
1780652083.2150974,ACK_RECEIVED,1879,ACK
1780652083.2155666,SEND,1880,"DATA, attempt=1"
1780652083.216295,ACK_RECEIVED,1880,ACK
1780652083.2165024,SEND,1881,"DATA, attempt=1"
1780652083.217262,ACK_RECEIVED,1881,ACK
1780652083.2174988,SEND,1882,"DATA, attempt=1"
1780652083.21827,ACK_RECEIVED,1882,ACK
1780652083.2185621,SEND,1883,"DATA, attempt=1"
1780652083.2192616,ACK_RECEIVED,1883,ACK
1780652083.219613,SEND,1884,"DATA, attempt=1"
1780652083.2211509,ACK_RECEIVED,1884,ACK
1780652083.221511,SEND,1885,"DATA, attempt=1"
1780652083.2228448,ACK_RECEIVED,1885,ACK
1780652083.2233272,SEND,1886,"DATA, attempt=1"
1780652083.2241287,ACK_RECEIVED,1886,ACK
1780652083.2243965,SEND,1887,"DATA, attempt=1"
1780652083.2252417,ACK_RECEIVED,1887,ACK
1780652083.2256134,SEND,1888,"DATA, attempt=1"
1780652083.2264404,ACK_RECEIVED,1888,ACK
1780652083.2266955,SEND,1889,"DATA, attempt=1"
1780652083.2274654,ACK_RECEIVED,1889,ACK
1780652083.2276995,SEND,1890,"DATA, attempt=1"
1780652083.228377,ACK_RECEIVED,1890,ACK
1780652083.2286735,SEND,1891,"DATA, attempt=1"
1780652083.2292545,ACK_RECEIVED,1891,ACK
1780652083.2295132,SEND,1892,"DATA, attempt=1"
1780652083.2302825,ACK_RECEIVED,1892,ACK
1780652083.2306292,SEND,1893,"DATA, attempt=1"
1780652083.231642,ACK_RECEIVED,1893,ACK
1780652083.2319796,SEND,1894,"DATA, attempt=1"
1780652083.2328987,ACK_RECEIVED,1894,ACK
1780652083.2331364,SEND,1895,"DATA, attempt=1"
1780652083.2340171,ACK_RECEIVED,1895,ACK
1780652083.2343447,SEND,1896,"DATA, attempt=1"
1780652083.235121,ACK_RECEIVED,1896,ACK
1780652083.2354925,SEND,1897,"DATA, attempt=1"
1780652083.2366915,ACK_RECEIVED,1897,ACK
1780652083.237145,SEND,1898,"DATA, attempt=1"
1780652083.2384899,ACK_RECEIVED,1898,ACK
1780652083.239058,SEND,1899,"DATA, attempt=1"
1780652083.240463,ACK_RECEIVED,1899,ACK
1780652083.240855,SEND,1900,"DATA, attempt=1"
1780652083.2416894,ACK_RECEIVED,1900,ACK
1780652083.241915,SEND,1901,"DATA, attempt=1"
1780652083.2427192,ACK_RECEIVED,1901,ACK
1780652083.2429807,SEND,1902,"DATA, attempt=1"
1780652083.24373,ACK_RECEIVED,1902,ACK
1780652083.2439864,SEND,1903,"DATA, attempt=1"
1780652083.2448542,ACK_RECEIVED,1903,ACK
1780652083.245128,SEND,1904,"DATA, attempt=1"
1780652083.2459614,ACK_RECEIVED,1904,ACK
1780652083.2462988,SEND,1905,"DATA, attempt=1"
1780652083.2471888,ACK_RECEIVED,1905,ACK
1780652083.2475002,SEND,1906,"DATA, attempt=1"
1780652083.2483249,ACK_RECEIVED,1906,ACK
1780652083.248582,SEND,1907,"DATA, attempt=1"
1780652083.2492769,ACK_RECEIVED,1907,ACK
1780652083.2495692,SEND,1908,"DATA, attempt=1"
1780652083.2502294,ACK_RECEIVED,1908,ACK
1780652083.250586,SEND,1909,"DATA, attempt=1"
1780652083.251314,ACK_RECEIVED,1909,ACK
1780652083.2515643,SEND,1910,"DATA, attempt=1"
1780652083.2530987,ACK_RECEIVED,1910,ACK
1780652083.2534945,SEND,1911,"DATA, attempt=1"
1780652083.2549474,ACK_RECEIVED,1911,ACK
1780652083.2554708,SEND,1912,"DATA, attempt=1"
1780652083.2571032,ACK_RECEIVED,1912,ACK
1780652083.2574785,SEND,1913,"DATA, attempt=1"
1780652083.2585697,ACK_RECEIVED,1913,ACK
1780652083.2588782,SEND,1914,"DATA, attempt=1"
1780652083.259937,ACK_RECEIVED,1914,ACK
1780652083.2603054,SEND,1915,"DATA, attempt=1"
1780652083.2610385,ACK_RECEIVED,1915,ACK
1780652083.261348,SEND,1916,"DATA, attempt=1"
1780652083.2623544,ACK_RECEIVED,1916,ACK
1780652083.2626786,SEND,1917,"DATA, attempt=1"
1780652083.2637239,ACK_RECEIVED,1917,ACK
1780652083.2639756,SEND,1918,"DATA, attempt=1"
1780652083.2648141,ACK_RECEIVED,1918,ACK
1780652083.2651918,SEND,1919,"DATA, attempt=1"
1780652083.2661874,ACK_RECEIVED,1919,ACK
1780652083.2664943,SEND,1920,"DATA, attempt=1"
1780652083.2674077,ACK_RECEIVED,1920,ACK
1780652083.2678337,SEND,1921,"DATA, attempt=1"
1780652083.2690547,ACK_RECEIVED,1921,ACK
1780652083.2693865,SEND,1922,"DATA, attempt=1"
1780652083.2706227,ACK_RECEIVED,1922,ACK
1780652083.2710383,SEND,1923,"DATA, attempt=1"
1780652083.2726817,ACK_RECEIVED,1923,ACK
1780652083.2730198,SEND,1924,"DATA, attempt=1"
1780652083.2742934,ACK_RECEIVED,1924,ACK
1780652083.274671,SEND,1925,"DATA, attempt=1"
1780652083.2755926,ACK_RECEIVED,1925,ACK
1780652083.2758832,SEND,1926,"DATA, attempt=1"
1780652083.2769146,ACK_RECEIVED,1926,ACK
1780652083.2772393,SEND,1927,"DATA, attempt=1"
1780652083.2782733,ACK_RECEIVED,1927,ACK
1780652083.2786646,SEND,1928,"DATA, attempt=1"
1780652083.2798011,ACK_RECEIVED,1928,ACK
1780652083.2801807,SEND,1929,"DATA, attempt=1"
1780652083.2814631,ACK_RECEIVED,1929,ACK
1780652083.2817888,SEND,1930,"DATA, attempt=1"
1780652083.2828853,ACK_RECEIVED,1930,ACK
1780652083.283215,SEND,1931,"DATA, attempt=1"
1780652083.2841415,ACK_RECEIVED,1931,ACK
1780652083.2843645,SEND,1932,"DATA, attempt=1"
1780652083.2852838,ACK_RECEIVED,1932,ACK
1780652083.285574,SEND,1933,"DATA, attempt=1"
1780652083.2866518,ACK_RECEIVED,1933,ACK
1780652083.2870352,SEND,1934,"DATA, attempt=1"
1780652083.2883842,ACK_RECEIVED,1934,ACK
1780652083.288846,SEND,1935,"DATA, attempt=1"
1780652083.2900946,ACK_RECEIVED,1935,ACK
1780652083.2905655,SEND,1936,"DATA, attempt=1"
1780652083.29145,ACK_RECEIVED,1936,ACK
1780652083.291873,SEND,1937,"DATA, attempt=1"
1780652083.2930112,ACK_RECEIVED,1937,ACK
1780652083.2932687,SEND,1938,"DATA, attempt=1"
1780652083.2940426,ACK_RECEIVED,1938,ACK
1780652083.2942915,SEND,1939,"DATA, attempt=1"
1780652083.2950199,ACK_RECEIVED,1939,ACK
1780652083.2953153,SEND,1940,"DATA, attempt=1"
1780652083.29598,ACK_RECEIVED,1940,ACK
1780652083.2961974,SEND,1941,"DATA, attempt=1"
1780652083.2970428,ACK_RECEIVED,1941,ACK
1780652083.2973075,SEND,1942,"DATA, attempt=1"
1780652083.2982838,ACK_RECEIVED,1942,ACK
1780652083.2985964,SEND,1943,"DATA, attempt=1"
1780652083.299561,ACK_RECEIVED,1943,ACK
1780652083.2998435,SEND,1944,"DATA, attempt=1"
1780652083.3007386,ACK_RECEIVED,1944,ACK
1780652083.300985,SEND,1945,"DATA, attempt=1"
1780652083.3017359,ACK_RECEIVED,1945,ACK
1780652083.3020787,SEND,1946,"DATA, attempt=1"
1780652083.3032863,ACK_RECEIVED,1946,ACK
1780652083.3036811,SEND,1947,"DATA, attempt=1"
1780652083.3054466,ACK_RECEIVED,1947,ACK
1780652083.3059287,SEND,1948,"DATA, attempt=1"
1780652083.3074095,ACK_RECEIVED,1948,ACK
1780652083.3077748,SEND,1949,"DATA, attempt=1"
1780652083.3088582,ACK_RECEIVED,1949,ACK
1780652083.3091962,SEND,1950,"DATA, attempt=1"
1780652083.310251,ACK_RECEIVED,1950,ACK
1780652083.3106806,SEND,1951,"DATA, attempt=1"
1780652083.311731,ACK_RECEIVED,1951,ACK
1780652083.3120892,SEND,1952,"DATA, attempt=1"
1780652083.313008,ACK_RECEIVED,1952,ACK
1780652083.3133698,SEND,1953,"DATA, attempt=1"
1780652083.3144038,ACK_RECEIVED,1953,ACK
1780652083.314704,SEND,1954,"DATA, attempt=1"
1780652083.3155892,ACK_RECEIVED,1954,ACK
1780652083.315962,SEND,1955,"DATA, attempt=1"
1780652083.3168132,ACK_RECEIVED,1955,ACK
1780652083.317037,SEND,1956,"DATA, attempt=1"
1780652083.317978,ACK_RECEIVED,1956,ACK
1780652083.3183117,SEND,1957,"DATA, attempt=1"
1780652083.319627,ACK_RECEIVED,1957,ACK
1780652083.3199942,SEND,1958,"DATA, attempt=1"
1780652083.3213787,ACK_RECEIVED,1958,ACK
1780652083.3218439,SEND,1959,"DATA, attempt=1"
1780652083.32338,ACK_RECEIVED,1959,ACK
1780652083.3237898,SEND,1960,"DATA, attempt=1"
1780652083.3250017,ACK_RECEIVED,1960,ACK
1780652083.3253312,SEND,1961,"DATA, attempt=1"
1780652083.3263123,ACK_RECEIVED,1961,ACK
1780652083.3267763,SEND,1962,"DATA, attempt=1"
1780652083.327819,ACK_RECEIVED,1962,ACK
1780652083.3282413,SEND,1963,"DATA, attempt=1"
1780652083.3291967,ACK_RECEIVED,1963,ACK
1780652083.3296144,SEND,1964,"DATA, attempt=1"
1780652083.3308513,ACK_RECEIVED,1964,ACK
1780652083.331167,SEND,1965,"DATA, attempt=1"
1780652083.332172,ACK_RECEIVED,1965,ACK
1780652083.3324745,SEND,1966,"DATA, attempt=1"
1780652083.3333294,ACK_RECEIVED,1966,ACK
1780652083.333629,SEND,1967,"DATA, attempt=1"
1780652083.334546,ACK_RECEIVED,1967,ACK
1780652083.3349516,SEND,1968,"DATA, attempt=1"
1780652083.3365448,ACK_RECEIVED,1968,ACK
1780652083.3369987,SEND,1969,"DATA, attempt=1"
1780652083.3387485,ACK_RECEIVED,1969,ACK
1780652083.3393407,SEND,1970,"DATA, attempt=1"
1780652083.3408716,ACK_RECEIVED,1970,ACK
1780652083.3414068,SEND,1971,"DATA, attempt=1"
1780652083.3426206,ACK_RECEIVED,1971,ACK
1780652083.3431106,SEND,1972,"DATA, attempt=1"
1780652083.3440263,ACK_RECEIVED,1972,ACK
1780652083.3444827,SEND,1973,"DATA, attempt=1"
1780652083.3457575,ACK_RECEIVED,1973,ACK
1780652083.3461134,SEND,1974,"DATA, attempt=1"
1780652083.3472981,ACK_RECEIVED,1974,ACK
1780652083.3477657,SEND,1975,"DATA, attempt=1"
1780652083.3487208,ACK_RECEIVED,1975,ACK
1780652083.3490102,SEND,1976,"DATA, attempt=1"
1780652083.350078,ACK_RECEIVED,1976,ACK
1780652083.3505201,SEND,1977,"DATA, attempt=1"
1780652083.3516822,ACK_RECEIVED,1977,ACK
1780652083.3520749,SEND,1978,"DATA, attempt=1"
1780652083.353472,ACK_RECEIVED,1978,ACK
1780652083.353869,SEND,1979,"DATA, attempt=1"
1780652083.355496,ACK_RECEIVED,1979,ACK
1780652083.356128,SEND,1980,"DATA, attempt=1"
1780652083.3575037,ACK_RECEIVED,1980,ACK
1780652083.357913,SEND,1981,"DATA, attempt=1"
1780652083.3592234,ACK_RECEIVED,1981,ACK
1780652083.359676,SEND,1982,"DATA, attempt=1"
1780652083.360604,ACK_RECEIVED,1982,ACK
1780652083.3608973,SEND,1983,"DATA, attempt=1"
1780652083.3617828,ACK_RECEIVED,1983,ACK
1780652083.3621302,SEND,1984,"DATA, attempt=1"
1780652083.3629344,ACK_RECEIVED,1984,ACK
1780652083.36318,SEND,1985,"DATA, attempt=1"
1780652083.3642235,ACK_RECEIVED,1985,ACK
1780652083.3645225,SEND,1986,"DATA, attempt=1"
1780652083.3657014,ACK_RECEIVED,1986,ACK
1780652083.3660266,SEND,1987,"DATA, attempt=1"
1780652083.3671443,ACK_RECEIVED,1987,ACK
1780652083.367568,SEND,1988,"DATA, attempt=1"
1780652083.3688407,ACK_RECEIVED,1988,ACK
1780652083.3691428,SEND,1989,"DATA, attempt=1"
1780652083.3706434,ACK_RECEIVED,1989,ACK
1780652083.3710299,SEND,1990,"DATA, attempt=1"
1780652083.372832,ACK_RECEIVED,1990,ACK
1780652083.3731594,SEND,1991,"DATA, attempt=1"
1780652083.3743637,ACK_RECEIVED,1991,ACK
1780652083.374719,SEND,1992,"DATA, attempt=1"
1780652083.3758578,ACK_RECEIVED,1992,ACK
1780652083.3762004,SEND,1993,"DATA, attempt=1"
1780652083.377158,ACK_RECEIVED,1993,ACK
1780652083.377557,SEND,1994,"DATA, attempt=1"
1780652083.3785934,ACK_RECEIVED,1994,ACK
1780652083.3789299,SEND,1995,"DATA, attempt=1"
1780652083.3799417,ACK_RECEIVED,1995,ACK
1780652083.3802805,SEND,1996,"DATA, attempt=1"
1780652083.381382,ACK_RECEIVED,1996,ACK
1780652083.3816874,SEND,1997,"DATA, attempt=1"
1780652083.382671,ACK_RECEIVED,1997,ACK
1780652083.3829267,SEND,1998,"DATA, attempt=1"
1780652083.3838596,ACK_RECEIVED,1998,ACK
1780652083.3841856,SEND,1999,"DATA, attempt=1"
1780652083.3851213,ACK_RECEIVED,1999,ACK
1780652083.3855557,SEND,2000,"DATA, attempt=1"
1780652083.3867807,ACK_RECEIVED,2000,ACK
1780652083.387145,SEND,2001,"DATA, attempt=1"
1780652083.3887856,ACK_RECEIVED,2001,ACK
1780652083.389204,SEND,2002,"DATA, attempt=1"
1780652083.3908627,ACK_RECEIVED,2002,ACK
1780652083.391239,SEND,2003,"DATA, attempt=1"
1780652083.3924072,ACK_RECEIVED,2003,ACK
1780652083.3928921,SEND,2004,"DATA, attempt=1"
1780652083.3939106,ACK_RECEIVED,2004,ACK
1780652083.3943315,SEND,2005,"DATA, attempt=1"
1780652083.3952959,ACK_RECEIVED,2005,ACK
1780652083.3956556,SEND,2006,"DATA, attempt=1"
1780652083.3966248,ACK_RECEIVED,2006,ACK
1780652083.3969548,SEND,2007,"DATA, attempt=1"
1780652083.398834,ACK_RECEIVED,2007,ACK
1780652083.399217,SEND,2008,"DATA, attempt=1"
1780652083.4002874,ACK_RECEIVED,2008,ACK
1780652083.4007168,SEND,2009,"DATA, attempt=1"
1780652083.401936,ACK_RECEIVED,2009,ACK
1780652083.4022534,SEND,2010,"DATA, attempt=1"
1780652083.4036546,ACK_RECEIVED,2010,ACK
1780652083.404451,SEND,2011,"DATA, attempt=1"
1780652083.4059217,ACK_RECEIVED,2011,ACK
1780652083.406373,SEND,2012,"DATA, attempt=1"
1780652083.4075732,ACK_RECEIVED,2012,ACK
1780652083.4079068,SEND,2013,"DATA, attempt=1"
1780652083.409034,ACK_RECEIVED,2013,ACK
1780652083.409496,SEND,2014,"DATA, attempt=1"
1780652083.4107008,ACK_RECEIVED,2014,ACK
1780652083.4109695,SEND,2015,"DATA, attempt=1"
1780652083.4120498,ACK_RECEIVED,2015,ACK
1780652083.4124334,SEND,2016,"DATA, attempt=1"
1780652083.4136162,ACK_RECEIVED,2016,ACK
1780652083.4139724,SEND,2017,"DATA, attempt=1"
1780652083.414916,ACK_RECEIVED,2017,ACK
1780652083.4150388,SEND,2018,"DATA, attempt=1"
1780652083.4161851,ACK_RECEIVED,2018,ACK
1780652083.4164755,SEND,2019,"DATA, attempt=1"
1780652083.4173827,ACK_RECEIVED,2019,ACK
1780652083.4176686,SEND,2020,"DATA, attempt=1"
1780652083.4185376,ACK_RECEIVED,2020,ACK
1780652083.41877,SEND,2021,"DATA, attempt=1"
1780652083.4199977,ACK_RECEIVED,2021,ACK
1780652083.420287,SEND,2022,"DATA, attempt=1"
1780652083.4219658,ACK_RECEIVED,2022,ACK
1780652083.422468,SEND,2023,"DATA, attempt=1"
1780652083.423978,ACK_RECEIVED,2023,ACK
1780652083.4242318,SEND,2024,"DATA, attempt=1"
1780652083.425365,ACK_RECEIVED,2024,ACK
1780652083.4256833,SEND,2025,"DATA, attempt=1"
1780652083.4268465,ACK_RECEIVED,2025,ACK
1780652083.427066,SEND,2026,"DATA, attempt=1"
1780652083.428151,ACK_RECEIVED,2026,ACK
1780652083.4283319,SEND,2027,"DATA, attempt=1"
1780652083.4290473,ACK_RECEIVED,2027,ACK
1780652083.4293103,SEND,2028,"DATA, attempt=1"
1780652083.4303596,ACK_RECEIVED,2028,ACK
1780652083.4307575,SEND,2029,"DATA, attempt=1"
1780652083.431846,ACK_RECEIVED,2029,ACK
1780652083.432043,SEND,2030,"DATA, attempt=1"
1780652083.4330728,ACK_RECEIVED,2030,ACK
1780652083.4333487,SEND,2031,"DATA, attempt=1"
1780652083.4346912,ACK_RECEIVED,2031,ACK
1780652083.4350443,SEND,2032,"DATA, attempt=1"
1780652083.4363997,ACK_RECEIVED,2032,ACK
1780652083.436575,SEND,2033,"DATA, attempt=1"
1780652083.438264,ACK_RECEIVED,2033,ACK
1780652083.438651,SEND,2034,"DATA, attempt=1"
1780652083.4402015,ACK_RECEIVED,2034,ACK
1780652083.4405968,SEND,2035,"DATA, attempt=1"
1780652083.4418488,ACK_RECEIVED,2035,ACK
1780652083.4420073,SEND,2036,"DATA, attempt=1"
1780652083.4430773,ACK_RECEIVED,2036,ACK
1780652083.4433181,SEND,2037,"DATA, attempt=1"
1780652083.4442937,ACK_RECEIVED,2037,ACK
1780652083.4444017,SEND,2038,"DATA, attempt=1"
1780652083.4452431,ACK_RECEIVED,2038,ACK
1780652083.4453957,SEND,2039,"DATA, attempt=1"
1780652083.4462016,ACK_RECEIVED,2039,ACK
1780652083.4463887,SEND,2040,"DATA, attempt=1"
1780652083.4476175,ACK_RECEIVED,2040,ACK
1780652083.4478827,SEND,2041,"DATA, attempt=1"
1780652083.4489276,ACK_RECEIVED,2041,ACK
1780652083.4493153,SEND,2042,"DATA, attempt=1"
1780652083.4504666,ACK_RECEIVED,2042,ACK
1780652083.4506748,SEND,2043,"DATA, attempt=1"
1780652083.451998,ACK_RECEIVED,2043,ACK
1780652083.4521303,SEND,2044,"DATA, attempt=1"
1780652083.4532182,ACK_RECEIVED,2044,ACK
1780652083.4533975,SEND,2045,"DATA, attempt=1"
1780652083.4548934,ACK_RECEIVED,2045,ACK
1780652083.455448,SEND,2046,"DATA, attempt=1"
1780652083.4571548,ACK_RECEIVED,2046,ACK
1780652083.457476,SEND,2047,"DATA, attempt=1"
1780652083.4587474,ACK_RECEIVED,2047,ACK
1780652083.4589307,SEND,2048,"DATA, attempt=1"
1780652083.4601703,ACK_RECEIVED,2048,ACK
1780652083.4605582,SEND,2049,"DATA, attempt=1"
1780652083.4618468,ACK_RECEIVED,2049,ACK
1780652083.462004,SEND,2050,"DATA, attempt=1"
1780652083.4629703,ACK_RECEIVED,2050,ACK
1780652083.4632912,SEND,2051,"DATA, attempt=1"
1780652083.4642477,ACK_RECEIVED,2051,ACK
1780652083.4644585,SEND,2052,"DATA, attempt=1"
1780652083.4654393,ACK_RECEIVED,2052,ACK
1780652083.4656448,SEND,2053,"DATA, attempt=1"
1780652083.466623,ACK_RECEIVED,2053,ACK
1780652083.4668055,SEND,2054,"DATA, attempt=1"
1780652083.4680371,ACK_RECEIVED,2054,ACK
1780652083.468161,SEND,2055,"DATA, attempt=1"
1780652083.4694567,ACK_RECEIVED,2055,ACK
1780652083.469677,SEND,2056,"DATA, attempt=1"
1780652083.4716299,ACK_RECEIVED,2056,ACK
1780652083.4719808,SEND,2057,"DATA, attempt=1"
1780652083.4741244,ACK_RECEIVED,2057,ACK
1780652083.4743383,SEND,2058,"DATA, attempt=1"
1780652083.4755533,ACK_RECEIVED,2058,ACK
1780652083.4756985,SEND,2059,"DATA, attempt=1"
1780652083.476481,ACK_RECEIVED,2059,ACK
1780652083.4766114,SEND,2060,"DATA, attempt=1"
1780652083.477318,ACK_RECEIVED,2060,ACK
1780652083.477528,SEND,2061,"DATA, attempt=1"
1780652083.4782274,ACK_RECEIVED,2061,ACK
1780652083.4784307,SEND,2062,"DATA, attempt=1"
1780652083.479124,ACK_RECEIVED,2062,ACK
1780652083.4792361,SEND,2063,"DATA, attempt=1"
1780652083.480723,ACK_RECEIVED,2063,ACK
1780652083.4808686,SEND,2064,"DATA, attempt=1"
1780652083.4816158,ACK_RECEIVED,2064,ACK
1780652083.4817774,SEND,2065,"DATA, attempt=1"
1780652083.4826076,ACK_RECEIVED,2065,ACK
1780652083.4828281,SEND,2066,"DATA, attempt=1"
1780652083.483894,ACK_RECEIVED,2066,ACK
1780652083.4843745,SEND,2067,"DATA, attempt=1"
1780652083.484966,ACK_RECEIVED,2067,ACK
1780652083.4852915,SEND,2068,"DATA, attempt=1"
1780652083.4869106,ACK_RECEIVED,2068,ACK
1780652083.4872174,SEND,2069,"DATA, attempt=1"
1780652083.489208,ACK_RECEIVED,2069,ACK
1780652083.4893913,SEND,2070,"DATA, attempt=1"
1780652083.4911084,ACK_RECEIVED,2070,ACK
1780652083.4913523,SEND,2071,"DATA, attempt=1"
1780652083.4924953,ACK_RECEIVED,2071,ACK
1780652083.492739,SEND,2072,"DATA, attempt=1"
1780652083.4939723,ACK_RECEIVED,2072,ACK
1780652083.4941993,SEND,2073,"DATA, attempt=1"
1780652083.4950714,ACK_RECEIVED,2073,ACK
1780652083.4951878,SEND,2074,"DATA, attempt=1"
1780652083.4961188,ACK_RECEIVED,2074,ACK
1780652083.4962244,SEND,2075,"DATA, attempt=1"
1780652083.4970052,ACK_RECEIVED,2075,ACK
1780652083.497157,SEND,2076,"DATA, attempt=1"
1780652083.4984212,ACK_RECEIVED,2076,ACK
1780652083.4986477,SEND,2077,"DATA, attempt=1"
1780652083.4996948,ACK_RECEIVED,2077,ACK
1780652083.499788,SEND,2078,"DATA, attempt=1"
1780652083.5003583,ACK_RECEIVED,2078,ACK
1780652083.5005033,SEND,2079,"DATA, attempt=1"
1780652083.5010247,ACK_RECEIVED,2079,ACK
1780652083.5011303,SEND,2080,"DATA, attempt=1"
1780652083.5016727,ACK_RECEIVED,2080,ACK
1780652083.5021994,SEND,2081,"DATA, attempt=1"
1780652083.5044355,ACK_RECEIVED,2081,ACK
1780652083.5047073,SEND,2082,"DATA, attempt=1"
1780652083.5062413,ACK_RECEIVED,2082,ACK
1780652083.5063455,SEND,2083,"DATA, attempt=1"
1780652083.507123,ACK_RECEIVED,2083,ACK
1780652083.5072207,SEND,2084,"DATA, attempt=1"
1780652083.5078049,ACK_RECEIVED,2084,ACK
1780652083.5079465,SEND,2085,"DATA, attempt=1"
1780652083.5085685,ACK_RECEIVED,2085,ACK
1780652083.5087252,SEND,2086,"DATA, attempt=1"
1780652083.50921,ACK_RECEIVED,2086,ACK
1780652083.509404,SEND,2087,"DATA, attempt=1"
1780652083.5099676,ACK_RECEIVED,2087,ACK
1780652083.5100505,SEND,2088,"DATA, attempt=1"
1780652083.5114596,ACK_RECEIVED,2088,ACK
1780652083.511557,SEND,2089,"DATA, attempt=1"
1780652083.5123446,ACK_RECEIVED,2089,ACK
1780652083.5124981,SEND,2090,"DATA, attempt=1"
1780652083.5131576,ACK_RECEIVED,2090,ACK
1780652083.5135028,SEND,2091,"DATA, attempt=1"
1780652083.5141218,ACK_RECEIVED,2091,ACK
1780652083.5143945,SEND,2092,"DATA, attempt=1"
1780652083.5150278,ACK_RECEIVED,2092,ACK
1780652083.5151722,SEND,2093,"DATA, attempt=1"
1780652083.5162568,ACK_RECEIVED,2093,ACK
1780652083.5165062,SEND,2094,"DATA, attempt=1"
1780652083.5178175,ACK_RECEIVED,2094,ACK
1780652083.5179439,SEND,2095,"DATA, attempt=1"
1780652083.5193505,ACK_RECEIVED,2095,ACK
1780652083.5196247,SEND,2096,"DATA, attempt=1"
1780652083.5217333,ACK_RECEIVED,2096,ACK
1780652083.5221322,SEND,2097,"DATA, attempt=1"
1780652083.5240936,ACK_RECEIVED,2097,ACK
1780652083.5243032,SEND,2098,"DATA, attempt=1"
1780652083.5250807,ACK_RECEIVED,2098,ACK
1780652083.5252063,SEND,2099,"DATA, attempt=1"
1780652083.5259473,ACK_RECEIVED,2099,ACK
1780652083.5260408,SEND,2100,"DATA, attempt=1"
1780652083.5266666,ACK_RECEIVED,2100,ACK
1780652083.5268314,SEND,2101,"DATA, attempt=1"
1780652083.528025,ACK_RECEIVED,2101,ACK
1780652083.5282779,SEND,2102,"DATA, attempt=1"
1780652083.5288794,ACK_RECEIVED,2102,ACK
1780652083.528984,SEND,2103,"DATA, attempt=1"
1780652083.5298254,ACK_RECEIVED,2103,ACK
1780652083.5300353,SEND,2104,"DATA, attempt=1"
1780652083.5306993,ACK_RECEIVED,2104,ACK
1780652083.5307908,SEND,2105,"DATA, attempt=1"
1780652083.5313144,ACK_RECEIVED,2105,ACK
1780652083.5315275,SEND,2106,"DATA, attempt=1"
1780652083.5321012,ACK_RECEIVED,2106,ACK
1780652083.5322757,SEND,2107,"DATA, attempt=1"
1780652083.5331998,ACK_RECEIVED,2107,ACK
1780652083.5334036,SEND,2108,"DATA, attempt=1"
1780652083.5339935,ACK_RECEIVED,2108,ACK
1780652083.5340986,SEND,2109,"DATA, attempt=1"
1780652083.5346563,ACK_RECEIVED,2109,ACK
1780652083.5348134,SEND,2110,"DATA, attempt=1"
1780652083.5357873,ACK_RECEIVED,2110,ACK
1780652083.5361168,SEND,2111,"DATA, attempt=1"
1780652083.537535,ACK_RECEIVED,2111,ACK
1780652083.5378664,SEND,2112,"DATA, attempt=1"
1780652083.5395958,ACK_RECEIVED,2112,ACK
1780652083.5397265,SEND,2113,"DATA, attempt=1"
1780652083.5404835,ACK_RECEIVED,2113,ACK
1780652083.5406106,SEND,2114,"DATA, attempt=1"
1780652083.5413043,ACK_RECEIVED,2114,ACK
1780652083.5414171,SEND,2115,"DATA, attempt=1"
1780652083.5419948,ACK_RECEIVED,2115,ACK
1780652083.5421515,SEND,2116,"DATA, attempt=1"
1780652083.5427723,ACK_RECEIVED,2116,ACK
1780652083.54295,SEND,2117,"DATA, attempt=1"
1780652083.5438862,ACK_RECEIVED,2117,ACK
1780652083.543994,SEND,2118,"DATA, attempt=1"
1780652083.544571,ACK_RECEIVED,2118,ACK
1780652083.5446985,SEND,2119,"DATA, attempt=1"
1780652083.5452642,ACK_RECEIVED,2119,ACK
1780652083.5453436,SEND,2120,"DATA, attempt=1"
1780652083.5458107,ACK_RECEIVED,2120,ACK
1780652083.5459805,SEND,2121,"DATA, attempt=1"
1780652083.546773,ACK_RECEIVED,2121,ACK
1780652083.5471175,SEND,2122,"DATA, attempt=1"
1780652083.5477421,ACK_RECEIVED,2122,ACK
1780652083.5478284,SEND,2123,"DATA, attempt=1"
1780652083.5486846,ACK_RECEIVED,2123,ACK
1780652083.548919,SEND,2124,"DATA, attempt=1"
1780652083.549441,ACK_RECEIVED,2124,ACK
1780652083.5495265,SEND,2125,"DATA, attempt=1"
1780652083.5501153,ACK_RECEIVED,2125,ACK
1780652083.5502748,SEND,2126,"DATA, attempt=1"
1780652083.5507598,ACK_RECEIVED,2126,ACK
1780652083.5509562,SEND,2127,"DATA, attempt=1"
1780652083.5514953,ACK_RECEIVED,2127,ACK
1780652083.551582,SEND,2128,"DATA, attempt=1"
1780652083.5529048,ACK_RECEIVED,2128,ACK
1780652083.5534492,SEND,2129,"DATA, attempt=1"
1780652083.555246,ACK_RECEIVED,2129,ACK
1780652083.55537,SEND,2130,"DATA, attempt=1"
1780652083.556448,ACK_RECEIVED,2130,ACK
1780652083.5566173,SEND,2131,"DATA, attempt=1"
1780652083.5571537,ACK_RECEIVED,2131,ACK
1780652083.5573494,SEND,2132,"DATA, attempt=1"
1780652083.5579278,ACK_RECEIVED,2132,ACK
1780652083.5580075,SEND,2133,"DATA, attempt=1"
1780652083.5590847,ACK_RECEIVED,2133,ACK
1780652083.5591867,SEND,2134,"DATA, attempt=1"
1780652083.5600483,ACK_RECEIVED,2134,ACK
1780652083.5601656,SEND,2135,"DATA, attempt=1"
1780652083.5607984,ACK_RECEIVED,2135,ACK
1780652083.5609822,SEND,2136,"DATA, attempt=1"
1780652083.56154,ACK_RECEIVED,2136,ACK
1780652083.561711,SEND,2137,"DATA, attempt=1"
1780652083.562307,ACK_RECEIVED,2137,ACK
1780652083.5623865,SEND,2138,"DATA, attempt=1"
1780652083.5628917,ACK_RECEIVED,2138,ACK
1780652083.5629706,SEND,2139,"DATA, attempt=1"
1780652083.5634937,ACK_RECEIVED,2139,ACK
1780652083.5636077,SEND,2140,"DATA, attempt=1"
1780652083.5647886,ACK_RECEIVED,2140,ACK
1780652083.5652003,SEND,2141,"DATA, attempt=1"
1780652083.566001,ACK_RECEIVED,2141,ACK
1780652083.5661757,SEND,2142,"DATA, attempt=1"
1780652083.5666683,ACK_RECEIVED,2142,ACK
1780652083.5668044,SEND,2143,"DATA, attempt=1"
1780652083.5673664,ACK_RECEIVED,2143,ACK
1780652083.5674512,SEND,2144,"DATA, attempt=1"
1780652083.567908,ACK_RECEIVED,2144,ACK
1780652083.568011,SEND,2145,"DATA, attempt=1"
1780652083.568714,ACK_RECEIVED,2145,ACK
1780652083.5689473,SEND,2146,"DATA, attempt=1"
1780652083.5704994,ACK_RECEIVED,2146,ACK
1780652083.5712566,SEND,2147,"DATA, attempt=1"
1780652083.5728781,ACK_RECEIVED,2147,ACK
1780652083.5729876,SEND,2148,"DATA, attempt=1"
1780652083.5738263,ACK_RECEIVED,2148,ACK
1780652083.5739696,SEND,2149,"DATA, attempt=1"
1780652083.5747068,ACK_RECEIVED,2149,ACK
1780652083.5749118,SEND,2150,"DATA, attempt=1"
1780652083.5755885,ACK_RECEIVED,2150,ACK
1780652083.5760067,SEND,2151,"DATA, attempt=1"
1780652083.5768745,ACK_RECEIVED,2151,ACK
1780652083.577091,SEND,2152,"DATA, attempt=1"
1780652083.5776458,ACK_RECEIVED,2152,ACK
1780652083.5777438,SEND,2153,"DATA, attempt=1"
1780652083.5797393,ACK_RECEIVED,2153,ACK
1780652083.5798361,SEND,2154,"DATA, attempt=1"
1780652083.580414,ACK_RECEIVED,2154,ACK
1780652083.5804958,SEND,2155,"DATA, attempt=1"
1780652083.5809758,ACK_RECEIVED,2155,ACK
1780652083.5812101,SEND,2156,"DATA, attempt=1"
1780652083.581816,ACK_RECEIVED,2156,ACK
1780652083.5822139,SEND,2157,"DATA, attempt=1"
1780652083.582945,ACK_RECEIVED,2157,ACK
1780652083.5830953,SEND,2158,"DATA, attempt=1"
1780652083.5841098,ACK_RECEIVED,2158,ACK
1780652083.5842755,SEND,2159,"DATA, attempt=1"
1780652083.5853755,ACK_RECEIVED,2159,ACK
1780652083.585811,SEND,2160,"DATA, attempt=1"
1780652083.587425,ACK_RECEIVED,2160,ACK
1780652083.5877633,SEND,2161,"DATA, attempt=1"
1780652083.589355,ACK_RECEIVED,2161,ACK
1780652083.589741,SEND,2162,"DATA, attempt=1"
1780652083.5911396,ACK_RECEIVED,2162,ACK
1780652083.5914295,SEND,2163,"DATA, attempt=1"
1780652083.592147,ACK_RECEIVED,2163,ACK
1780652083.5922925,SEND,2164,"DATA, attempt=1"
1780652083.5935183,ACK_RECEIVED,2164,ACK
1780652083.5936778,SEND,2165,"DATA, attempt=1"
1780652083.5943978,ACK_RECEIVED,2165,ACK
1780652083.5945582,SEND,2166,"DATA, attempt=1"
1780652083.5951564,ACK_RECEIVED,2166,ACK
1780652083.5953622,SEND,2167,"DATA, attempt=1"
1780652083.595913,ACK_RECEIVED,2167,ACK
1780652083.5960152,SEND,2168,"DATA, attempt=1"
1780652083.5965302,ACK_RECEIVED,2168,ACK
1780652083.596603,SEND,2169,"DATA, attempt=1"
1780652083.5970988,ACK_RECEIVED,2169,ACK
1780652083.597219,SEND,2170,"DATA, attempt=1"
1780652083.5982907,ACK_RECEIVED,2170,ACK
1780652083.598508,SEND,2171,"DATA, attempt=1"
1780652083.5993624,ACK_RECEIVED,2171,ACK
1780652083.5995479,SEND,2172,"DATA, attempt=1"
1780652083.6001728,ACK_RECEIVED,2172,ACK
1780652083.6003203,SEND,2173,"DATA, attempt=1"
1780652083.6009321,ACK_RECEIVED,2173,ACK
1780652083.6010134,SEND,2174,"DATA, attempt=1"
1780652083.6015158,ACK_RECEIVED,2174,ACK
1780652083.6017594,SEND,2175,"DATA, attempt=1"
1780652083.602851,ACK_RECEIVED,2175,ACK
1780652083.6032534,SEND,2176,"DATA, attempt=1"
1780652083.6052763,ACK_RECEIVED,2176,ACK
1780652083.6059148,SEND,2177,"DATA, attempt=1"
1780652083.6070738,ACK_RECEIVED,2177,ACK
1780652083.6071744,SEND,2178,"DATA, attempt=1"
1780652083.607928,ACK_RECEIVED,2178,ACK
1780652083.6080415,SEND,2179,"DATA, attempt=1"
1780652083.608737,ACK_RECEIVED,2179,ACK
1780652083.6088402,SEND,2180,"DATA, attempt=1"
1780652083.6095445,ACK_RECEIVED,2180,ACK
1780652083.6097016,SEND,2181,"DATA, attempt=1"
1780652083.6107266,ACK_RECEIVED,2181,ACK
1780652083.6109848,SEND,2182,"DATA, attempt=1"
1780652083.6118371,ACK_RECEIVED,2182,ACK
1780652083.611974,SEND,2183,"DATA, attempt=1"
1780652083.6126842,ACK_RECEIVED,2183,ACK
1780652083.6127841,SEND,2184,"DATA, attempt=1"
1780652083.613504,ACK_RECEIVED,2184,ACK
1780652083.613626,SEND,2185,"DATA, attempt=1"
1780652083.6144452,ACK_RECEIVED,2185,ACK
1780652083.6147358,SEND,2186,"DATA, attempt=1"
1780652083.6154022,ACK_RECEIVED,2186,ACK
1780652083.615725,SEND,2187,"DATA, attempt=1"
1780652083.6169677,ACK_RECEIVED,2187,ACK
1780652083.6171184,SEND,2188,"DATA, attempt=1"
1780652083.6178248,ACK_RECEIVED,2188,ACK
1780652083.6179235,SEND,2189,"DATA, attempt=1"
1780652083.6189585,ACK_RECEIVED,2189,ACK
1780652083.6190877,SEND,2190,"DATA, attempt=1"
1780652083.62035,ACK_RECEIVED,2190,ACK
1780652083.6206293,SEND,2191,"DATA, attempt=1"
1780652083.6218245,ACK_RECEIVED,2191,ACK
1780652083.6221404,SEND,2192,"DATA, attempt=1"
1780652083.6237025,ACK_RECEIVED,2192,ACK
1780652083.6238976,SEND,2193,"DATA, attempt=1"
1780652083.6247683,ACK_RECEIVED,2193,ACK
1780652083.6248891,SEND,2194,"DATA, attempt=1"
1780652083.6255205,ACK_RECEIVED,2194,ACK
1780652083.6256409,SEND,2195,"DATA, attempt=1"
1780652083.626432,ACK_RECEIVED,2195,ACK
1780652083.626602,SEND,2196,"DATA, attempt=1"
1780652083.6274478,ACK_RECEIVED,2196,ACK
1780652083.6276796,SEND,2197,"DATA, attempt=1"
1780652083.628966,ACK_RECEIVED,2197,ACK
1780652083.6291296,SEND,2198,"DATA, attempt=1"
1780652083.6308775,ACK_RECEIVED,2198,ACK
1780652083.631721,SEND,2199,"DATA, attempt=1"
1780652083.633149,ACK_RECEIVED,2199,ACK
1780652083.6332283,SEND,2200,"DATA, attempt=1"
1780652083.6338549,ACK_RECEIVED,2200,ACK
1780652083.6340098,SEND,2201,"DATA, attempt=1"
1780652083.6349065,ACK_RECEIVED,2201,ACK
1780652083.6355605,SEND,2202,"DATA, attempt=1"
1780652083.6376438,ACK_RECEIVED,2202,ACK
1780652083.6378124,SEND,2203,"DATA, attempt=1"
1780652083.639049,ACK_RECEIVED,2203,ACK
1780652083.6393175,SEND,2204,"DATA, attempt=1"
1780652083.6404157,ACK_RECEIVED,2204,ACK
1780652083.6405861,SEND,2205,"DATA, attempt=1"
1780652083.6415768,ACK_RECEIVED,2205,ACK
1780652083.6417744,SEND,2206,"DATA, attempt=1"
1780652083.6425943,ACK_RECEIVED,2206,ACK
1780652083.6427648,SEND,2207,"DATA, attempt=1"
1780652083.6433506,ACK_RECEIVED,2207,ACK
1780652083.6434453,SEND,2208,"DATA, attempt=1"
1780652083.6442294,ACK_RECEIVED,2208,ACK
1780652083.6443388,SEND,2209,"DATA, attempt=1"
1780652083.645086,ACK_RECEIVED,2209,ACK
1780652083.645188,SEND,2210,"DATA, attempt=1"
1780652083.6459978,ACK_RECEIVED,2210,ACK
1780652083.6461387,SEND,2211,"DATA, attempt=1"
1780652083.6474302,ACK_RECEIVED,2211,ACK
1780652083.6476996,SEND,2212,"DATA, attempt=1"
1780652083.6483727,ACK_RECEIVED,2212,ACK
1780652083.6484823,SEND,2213,"DATA, attempt=1"
1780652083.6491914,ACK_RECEIVED,2213,ACK
1780652083.6492772,SEND,2214,"DATA, attempt=1"
1780652083.650021,ACK_RECEIVED,2214,ACK
1780652083.65013,SEND,2215,"DATA, attempt=1"
1780652083.6507897,ACK_RECEIVED,2215,ACK
1780652083.6509826,SEND,2216,"DATA, attempt=1"
1780652083.652114,ACK_RECEIVED,2216,ACK
1780652083.6523533,SEND,2217,"DATA, attempt=1"
1780652083.6541376,ACK_RECEIVED,2217,ACK
1780652083.6543427,SEND,2218,"DATA, attempt=1"
1780652083.655805,ACK_RECEIVED,2218,ACK
1780652083.6559634,SEND,2219,"DATA, attempt=1"
1780652083.6576304,ACK_RECEIVED,2219,ACK
1780652083.657831,SEND,2220,"DATA, attempt=1"
1780652083.6587143,ACK_RECEIVED,2220,ACK
1780652083.658943,SEND,2221,"DATA, attempt=1"
1780652083.6600852,ACK_RECEIVED,2221,ACK
1780652083.6603174,SEND,2222,"DATA, attempt=1"
1780652083.6610973,ACK_RECEIVED,2222,ACK
1780652083.6612232,SEND,2223,"DATA, attempt=1"
1780652083.662377,ACK_RECEIVED,2223,ACK
1780652083.6625416,SEND,2224,"DATA, attempt=1"
1780652083.6631582,ACK_RECEIVED,2224,ACK
1780652083.6632614,SEND,2225,"DATA, attempt=1"
1780652083.6638143,ACK_RECEIVED,2225,ACK
1780652083.664038,SEND,2226,"DATA, attempt=1"
1780652083.6645586,ACK_RECEIVED,2226,ACK
1780652083.664728,SEND,2227,"DATA, attempt=1"
1780652083.665379,ACK_RECEIVED,2227,ACK
1780652083.6657157,SEND,2228,"DATA, attempt=1"
1780652083.6667466,ACK_RECEIVED,2228,ACK
1780652083.6668859,SEND,2229,"DATA, attempt=1"
1780652083.6674485,ACK_RECEIVED,2229,ACK
1780652083.6676068,SEND,2230,"DATA, attempt=1"
1780652083.6680741,ACK_RECEIVED,2230,ACK
1780652083.6682696,SEND,2231,"DATA, attempt=1"
1780652083.6691911,ACK_RECEIVED,2231,ACK
1780652083.6694198,SEND,2232,"DATA, attempt=1"
1780652083.670791,ACK_RECEIVED,2232,ACK
1780652083.671337,SEND,2233,"DATA, attempt=1"
1780652083.6731913,ACK_RECEIVED,2233,ACK
1780652083.673292,SEND,2234,"DATA, attempt=1"
1780652083.673868,ACK_RECEIVED,2234,ACK
1780652083.6739693,SEND,2235,"DATA, attempt=1"
1780652083.6747618,ACK_RECEIVED,2235,ACK
1780652083.6749275,SEND,2236,"DATA, attempt=1"
1780652083.6754804,ACK_RECEIVED,2236,ACK
1780652083.675653,SEND,2237,"DATA, attempt=1"
1780652083.6764748,ACK_RECEIVED,2237,ACK
1780652083.6766021,SEND,2238,"DATA, attempt=1"
1780652083.6770844,ACK_RECEIVED,2238,ACK
1780652083.677197,SEND,2239,"DATA, attempt=1"
1780652083.6776574,ACK_RECEIVED,2239,ACK
1780652083.6777313,SEND,2240,"DATA, attempt=1"
1780652083.6786213,ACK_RECEIVED,2240,ACK
1780652083.6787915,SEND,2241,"DATA, attempt=1"
1780652083.679413,ACK_RECEIVED,2241,ACK
1780652083.6795697,SEND,2242,"DATA, attempt=1"
1780652083.680106,ACK_RECEIVED,2242,ACK
1780652083.680194,SEND,2243,"DATA, attempt=1"
1780652083.680714,ACK_RECEIVED,2243,ACK
1780652083.6808362,SEND,2244,"DATA, attempt=1"
1780652083.6812713,ACK_RECEIVED,2244,ACK
1780652083.6813784,SEND,2245,"DATA, attempt=1"
1780652083.6819143,ACK_RECEIVED,2245,ACK
1780652083.6820695,SEND,2246,"DATA, attempt=1"
1780652083.6827364,ACK_RECEIVED,2246,ACK
1780652083.6829145,SEND,2247,"DATA, attempt=1"
1780652083.6834884,ACK_RECEIVED,2247,ACK
1780652083.6835656,SEND,2248,"DATA, attempt=1"
1780652083.6844625,ACK_RECEIVED,2248,ACK
1780652083.6846654,SEND,2249,"DATA, attempt=1"
1780652083.6855254,ACK_RECEIVED,2249,ACK
1780652083.6856592,SEND,2250,"DATA, attempt=1"
1780652083.6866343,ACK_RECEIVED,2250,ACK
1780652083.6868944,SEND,2251,"DATA, attempt=1"
1780652083.6884258,ACK_RECEIVED,2251,ACK
1780652083.6887105,SEND,2252,"DATA, attempt=1"
1780652083.6901672,ACK_RECEIVED,2252,ACK
1780652083.6902952,SEND,2253,"DATA, attempt=1"
1780652083.6911232,ACK_RECEIVED,2253,ACK
1780652083.6912289,SEND,2254,"DATA, attempt=1"
1780652083.6917224,ACK_RECEIVED,2254,ACK
1780652083.6918013,SEND,2255,"DATA, attempt=1"
1780652083.6925175,ACK_RECEIVED,2255,ACK
1780652083.6927056,SEND,2256,"DATA, attempt=1"
1780652083.6931899,ACK_RECEIVED,2256,ACK
1780652083.693351,SEND,2257,"DATA, attempt=1"
1780652083.6938086,ACK_RECEIVED,2257,ACK
1780652083.6938848,SEND,2258,"DATA, attempt=1"
1780652083.6943433,ACK_RECEIVED,2258,ACK
1780652083.694428,SEND,2259,"DATA, attempt=1"
1780652083.6949487,ACK_RECEIVED,2259,ACK
1780652083.695062,SEND,2260,"DATA, attempt=1"
1780652083.6957731,ACK_RECEIVED,2260,ACK
1780652083.6962364,SEND,2261,"DATA, attempt=1"
1780652083.6968448,ACK_RECEIVED,2261,ACK
1780652083.6970706,SEND,2262,"DATA, attempt=1"
1780652083.6977565,ACK_RECEIVED,2262,ACK
1780652083.6978443,SEND,2263,"DATA, attempt=1"
1780652083.6989243,ACK_RECEIVED,2263,ACK
1780652083.6990354,SEND,2264,"DATA, attempt=1"
1780652083.6997466,ACK_RECEIVED,2264,ACK
1780652083.6998384,SEND,2265,"DATA, attempt=1"
1780652083.7003663,ACK_RECEIVED,2265,ACK
1780652083.70054,SEND,2266,"DATA, attempt=1"
1780652083.7010655,ACK_RECEIVED,2266,ACK
1780652083.701225,SEND,2267,"DATA, attempt=1"
1780652083.7023747,ACK_RECEIVED,2267,ACK
1780652083.7034862,SEND,2268,"DATA, attempt=1"
1780652083.7048566,ACK_RECEIVED,2268,ACK
1780652083.705032,SEND,2269,"DATA, attempt=1"
1780652083.7063584,ACK_RECEIVED,2269,ACK
1780652083.7064648,SEND,2270,"DATA, attempt=1"
1780652083.7074957,ACK_RECEIVED,2270,ACK
1780652083.707898,SEND,2271,"DATA, attempt=1"
1780652083.7090158,ACK_RECEIVED,2271,ACK
1780652083.7091959,SEND,2272,"DATA, attempt=1"
1780652083.7099714,ACK_RECEIVED,2272,ACK
1780652083.7102137,SEND,2273,"DATA, attempt=1"
1780652083.710861,ACK_RECEIVED,2273,ACK
1780652083.711023,SEND,2274,"DATA, attempt=1"
1780652083.7116547,ACK_RECEIVED,2274,ACK
1780652083.711815,SEND,2275,"DATA, attempt=1"
1780652083.712392,ACK_RECEIVED,2275,ACK
1780652083.712633,SEND,2276,"DATA, attempt=1"
1780652083.7131815,ACK_RECEIVED,2276,ACK
1780652083.7134638,SEND,2277,"DATA, attempt=1"
1780652083.7145247,ACK_RECEIVED,2277,ACK
1780652083.7147372,SEND,2278,"DATA, attempt=1"
1780652083.7159314,ACK_RECEIVED,2278,ACK
1780652083.7161374,SEND,2279,"DATA, attempt=1"
1780652083.717119,ACK_RECEIVED,2279,ACK
1780652083.717244,SEND,2280,"DATA, attempt=1"
1780652083.7178721,ACK_RECEIVED,2280,ACK
1780652083.7180347,SEND,2281,"DATA, attempt=1"
1780652083.7193005,ACK_RECEIVED,2281,ACK
1780652083.7195146,SEND,2282,"DATA, attempt=1"
1780652083.720618,ACK_RECEIVED,2282,ACK
1780652083.7208548,SEND,2283,"DATA, attempt=1"
1780652083.7228773,ACK_RECEIVED,2283,ACK
1780652083.7230494,SEND,2284,"DATA, attempt=1"
1780652083.7244182,ACK_RECEIVED,2284,ACK
1780652083.7245884,SEND,2285,"DATA, attempt=1"
1780652083.7256134,ACK_RECEIVED,2285,ACK
1780652083.7258368,SEND,2286,"DATA, attempt=1"
1780652083.7269366,ACK_RECEIVED,2286,ACK
1780652083.7271078,SEND,2287,"DATA, attempt=1"
1780652083.7276897,ACK_RECEIVED,2287,ACK
1780652083.7278967,SEND,2288,"DATA, attempt=1"
1780652083.7289317,ACK_RECEIVED,2288,ACK
1780652083.729022,SEND,2289,"DATA, attempt=1"
1780652083.729575,ACK_RECEIVED,2289,ACK
1780652083.7296615,SEND,2290,"DATA, attempt=1"
1780652083.7302005,ACK_RECEIVED,2290,ACK
1780652083.730355,SEND,2291,"DATA, attempt=1"
1780652083.730907,ACK_RECEIVED,2291,ACK
1780652083.7311275,SEND,2292,"DATA, attempt=1"
1780652083.731659,ACK_RECEIVED,2292,ACK
1780652083.7317474,SEND,2293,"DATA, attempt=1"
1780652083.7323694,ACK_RECEIVED,2293,ACK
1780652083.7324917,SEND,2294,"DATA, attempt=1"
1780652083.7330868,ACK_RECEIVED,2294,ACK
1780652083.733186,SEND,2295,"DATA, attempt=1"
1780652083.7336447,ACK_RECEIVED,2295,ACK
1780652083.733853,SEND,2296,"DATA, attempt=1"
1780652083.7346516,ACK_RECEIVED,2296,ACK
1780652083.734867,SEND,2297,"DATA, attempt=1"
1780652083.7361023,ACK_RECEIVED,2297,ACK
1780652083.7367477,SEND,2298,"DATA, attempt=1"
1780652083.7382362,ACK_RECEIVED,2298,ACK
1780652083.7385383,SEND,2299,"DATA, attempt=1"
1780652083.739432,ACK_RECEIVED,2299,ACK
1780652083.7395432,SEND,2300,"DATA, attempt=1"
1780652083.7402637,ACK_RECEIVED,2300,ACK
1780652083.7405803,SEND,2301,"DATA, attempt=1"
1780652083.7414644,ACK_RECEIVED,2301,ACK
1780652083.741808,SEND,2302,"DATA, attempt=1"
1780652083.7425718,ACK_RECEIVED,2302,ACK
1780652083.7428198,SEND,2303,"DATA, attempt=1"
1780652083.7435162,ACK_RECEIVED,2303,ACK
1780652083.7435973,SEND,2304,"DATA, attempt=1"
1780652083.7442856,ACK_RECEIVED,2304,ACK
1780652083.7444637,SEND,2305,"DATA, attempt=1"
1780652083.744964,ACK_RECEIVED,2305,ACK
1780652083.7451534,SEND,2306,"DATA, attempt=1"
1780652083.7461774,ACK_RECEIVED,2306,ACK
1780652083.7463417,SEND,2307,"DATA, attempt=1"
1780652083.7468681,ACK_RECEIVED,2307,ACK
1780652083.7469718,SEND,2308,"DATA, attempt=1"
1780652083.747418,ACK_RECEIVED,2308,ACK
1780652083.7474906,SEND,2309,"DATA, attempt=1"
1780652083.7480085,ACK_RECEIVED,2309,ACK
1780652083.7480924,SEND,2310,"DATA, attempt=1"
1780652083.7488298,ACK_RECEIVED,2310,ACK
1780652083.7490053,SEND,2311,"DATA, attempt=1"
1780652083.7495408,ACK_RECEIVED,2311,ACK
1780652083.7496977,SEND,2312,"DATA, attempt=1"
1780652083.75014,ACK_RECEIVED,2312,ACK
1780652083.7502131,SEND,2313,"DATA, attempt=1"
1780652083.7508695,ACK_RECEIVED,2313,ACK
1780652083.750958,SEND,2314,"DATA, attempt=1"
1780652083.751827,ACK_RECEIVED,2314,ACK
1780652083.7520082,SEND,2315,"DATA, attempt=1"
1780652083.7528603,ACK_RECEIVED,2315,ACK
1780652083.7535946,SEND,2316,"DATA, attempt=1"
1780652083.7553642,ACK_RECEIVED,2316,ACK
1780652083.755837,SEND,2317,"DATA, attempt=1"
1780652083.7565584,ACK_RECEIVED,2317,ACK
1780652083.7566562,SEND,2318,"DATA, attempt=1"
1780652083.7575896,ACK_RECEIVED,2318,ACK
1780652083.7576845,SEND,2319,"DATA, attempt=1"
1780652083.758276,ACK_RECEIVED,2319,ACK
1780652083.7583637,SEND,2320,"DATA, attempt=1"
1780652083.7589505,ACK_RECEIVED,2320,ACK
1780652083.7590888,SEND,2321,"DATA, attempt=1"
1780652083.7597313,ACK_RECEIVED,2321,ACK
1780652083.7599022,SEND,2322,"DATA, attempt=1"
1780652083.760582,ACK_RECEIVED,2322,ACK
1780652083.7606895,SEND,2323,"DATA, attempt=1"
1780652083.761615,ACK_RECEIVED,2323,ACK
1780652083.7617974,SEND,2324,"DATA, attempt=1"
1780652083.7624266,ACK_RECEIVED,2324,ACK
1780652083.762513,SEND,2325,"DATA, attempt=1"
1780652083.76317,ACK_RECEIVED,2325,ACK
1780652083.7633858,SEND,2326,"DATA, attempt=1"
1780652083.76407,ACK_RECEIVED,2326,ACK
1780652083.7643814,SEND,2327,"DATA, attempt=1"
1780652083.7650473,ACK_RECEIVED,2327,ACK
1780652083.765225,SEND,2328,"DATA, attempt=1"
1780652083.766075,ACK_RECEIVED,2328,ACK
1780652083.766179,SEND,2329,"DATA, attempt=1"
1780652083.767158,ACK_RECEIVED,2329,ACK
1780652083.7672806,SEND,2330,"DATA, attempt=1"
1780652083.7683918,ACK_RECEIVED,2330,ACK
1780652083.7686384,SEND,2331,"DATA, attempt=1"
1780652083.7693965,ACK_RECEIVED,2331,ACK
1780652083.769706,SEND,2332,"DATA, attempt=1"
1780652083.7708704,ACK_RECEIVED,2332,ACK
1780652083.7710547,SEND,2333,"DATA, attempt=1"
1780652083.7727842,ACK_RECEIVED,2333,ACK
1780652083.7730446,SEND,2334,"DATA, attempt=1"
1780652083.7746294,ACK_RECEIVED,2334,ACK
1780652083.7748177,SEND,2335,"DATA, attempt=1"
1780652083.7757363,ACK_RECEIVED,2335,ACK
1780652083.7759068,SEND,2336,"DATA, attempt=1"
1780652083.776716,ACK_RECEIVED,2336,ACK
1780652083.7769055,SEND,2337,"DATA, attempt=1"
1780652083.7778752,ACK_RECEIVED,2337,ACK
1780652083.7779782,SEND,2338,"DATA, attempt=1"
1780652083.778694,ACK_RECEIVED,2338,ACK
1780652083.7787998,SEND,2339,"DATA, attempt=1"
1780652083.7801042,ACK_RECEIVED,2339,ACK
1780652083.780191,SEND,2340,"DATA, attempt=1"
1780652083.7811654,ACK_RECEIVED,2340,ACK
1780652083.7816112,SEND,2341,"DATA, attempt=1"
1780652083.7827833,ACK_RECEIVED,2341,ACK
1780652083.7830622,SEND,2342,"DATA, attempt=1"
1780652083.7840466,ACK_RECEIVED,2342,ACK
1780652083.7841287,SEND,2343,"DATA, attempt=1"
1780652083.7878847,ACK_RECEIVED,2343,ACK
1780652083.7880878,SEND,2344,"DATA, attempt=1"
1780652083.7899146,ACK_RECEIVED,2344,ACK
1780652083.7900424,SEND,2345,"DATA, attempt=1"
1780652083.7912092,ACK_RECEIVED,2345,ACK
1780652083.7913508,SEND,2346,"DATA, attempt=1"
1780652083.7922356,ACK_RECEIVED,2346,ACK
1780652083.7924452,SEND,2347,"DATA, attempt=1"
1780652083.7932122,ACK_RECEIVED,2347,ACK
1780652083.7939088,SEND,2348,"DATA, attempt=1"
1780652083.795501,ACK_RECEIVED,2348,ACK
1780652083.795854,SEND,2349,"DATA, attempt=1"
1780652083.796814,ACK_RECEIVED,2349,ACK
1780652083.7968907,SEND,2350,"DATA, attempt=1"
1780652083.7977326,ACK_RECEIVED,2350,ACK
1780652083.7978785,SEND,2351,"DATA, attempt=1"
1780652083.7987313,ACK_RECEIVED,2351,ACK
1780652083.7989964,SEND,2352,"DATA, attempt=1"
1780652083.8010833,ACK_RECEIVED,2352,ACK
1780652083.8011894,SEND,2353,"DATA, attempt=1"
1780652083.802131,ACK_RECEIVED,2353,ACK
1780652083.8024817,SEND,2354,"DATA, attempt=1"
1780652083.804358,ACK_RECEIVED,2354,ACK
1780652083.804559,SEND,2355,"DATA, attempt=1"
1780652083.806332,ACK_RECEIVED,2355,ACK
1780652083.8065696,SEND,2356,"DATA, attempt=1"
1780652083.8075507,ACK_RECEIVED,2356,ACK
1780652083.8077679,SEND,2357,"DATA, attempt=1"
1780652083.8083801,ACK_RECEIVED,2357,ACK
1780652083.8084707,SEND,2358,"DATA, attempt=1"
1780652083.8089893,ACK_RECEIVED,2358,ACK
1780652083.8091166,SEND,2359,"DATA, attempt=1"
1780652083.8095868,ACK_RECEIVED,2359,ACK
1780652083.809664,SEND,2360,"DATA, attempt=1"
1780652083.8101256,ACK_RECEIVED,2360,ACK
1780652083.810264,SEND,2361,"DATA, attempt=1"
1780652083.810856,ACK_RECEIVED,2361,ACK
1780652083.8110654,SEND,2362,"DATA, attempt=1"
1780652083.8115852,ACK_RECEIVED,2362,ACK
1780652083.8116617,SEND,2363,"DATA, attempt=1"
1780652083.8131368,ACK_RECEIVED,2363,ACK
1780652083.8132634,SEND,2364,"DATA, attempt=1"
1780652083.8218577,ACK_RECEIVED,2364,ACK
1780652083.8237524,SEND,2365,"DATA, attempt=1"
1780652083.8255394,ACK_RECEIVED,2365,ACK
1780652083.8258548,SEND,2366,"DATA, attempt=1"
1780652083.8275564,ACK_RECEIVED,2366,ACK
1780652083.8282669,SEND,2367,"DATA, attempt=1"
1780652083.8522215,ACK_RECEIVED,2367,ACK
1780652083.8539045,SEND,2368,"DATA, attempt=1"
1780652083.8559823,ACK_RECEIVED,2368,ACK
1780652083.8562431,SEND,2369,"DATA, attempt=1"
1780652083.8579946,ACK_RECEIVED,2369,ACK
1780652083.8582604,SEND,2370,"DATA, attempt=1"
1780652083.8594766,ACK_RECEIVED,2370,ACK
1780652083.859675,SEND,2371,"DATA, attempt=1"
1780652083.8607113,ACK_RECEIVED,2371,ACK
1780652083.861163,SEND,2372,"DATA, attempt=1"
1780652083.8622959,ACK_RECEIVED,2372,ACK
1780652083.862521,SEND,2373,"DATA, attempt=1"
1780652083.8634417,ACK_RECEIVED,2373,ACK
1780652083.8635693,SEND,2374,"DATA, attempt=1"
1780652083.864753,ACK_RECEIVED,2374,ACK
1780652083.8649063,SEND,2375,"DATA, attempt=1"
1780652083.8659313,ACK_RECEIVED,2375,ACK
1780652083.8661296,SEND,2376,"DATA, attempt=1"
1780652083.8706465,ACK_RECEIVED,2376,ACK
1780652083.8735774,SEND,2377,"DATA, attempt=1"
1780652083.8758345,ACK_RECEIVED,2377,ACK
1780652083.876288,SEND,2378,"DATA, attempt=1"
1780652083.8775704,ACK_RECEIVED,2378,ACK
1780652083.877749,SEND,2379,"DATA, attempt=1"
1780652083.878822,ACK_RECEIVED,2379,ACK
1780652083.8790827,SEND,2380,"DATA, attempt=1"
1780652083.8801339,ACK_RECEIVED,2380,ACK
1780652083.880344,SEND,2381,"DATA, attempt=1"
1780652083.8810863,ACK_RECEIVED,2381,ACK
1780652083.881283,SEND,2382,"DATA, attempt=1"
1780652083.8824072,ACK_RECEIVED,2382,ACK
1780652083.8826013,SEND,2383,"DATA, attempt=1"
1780652083.8837194,ACK_RECEIVED,2383,ACK
1780652083.8838744,SEND,2384,"DATA, attempt=1"
1780652083.8846962,ACK_RECEIVED,2384,ACK
1780652083.8848104,SEND,2385,"DATA, attempt=1"
1780652083.8858056,ACK_RECEIVED,2385,ACK
1780652083.8860142,SEND,2386,"DATA, attempt=1"
1780652083.8876343,ACK_RECEIVED,2386,ACK
1780652083.8880877,SEND,2387,"DATA, attempt=1"
1780652083.8894274,ACK_RECEIVED,2387,ACK
1780652083.889612,SEND,2388,"DATA, attempt=1"
1780652083.8909996,ACK_RECEIVED,2388,ACK
1780652083.8911915,SEND,2389,"DATA, attempt=1"
1780652083.8924527,ACK_RECEIVED,2389,ACK
1780652083.8926442,SEND,2390,"DATA, attempt=1"
1780652083.893659,ACK_RECEIVED,2390,ACK
1780652083.8938613,SEND,2391,"DATA, attempt=1"
1780652083.8946779,ACK_RECEIVED,2391,ACK
1780652083.8949773,SEND,2392,"DATA, attempt=1"
1780652083.895885,ACK_RECEIVED,2392,ACK
1780652083.8960788,SEND,2393,"DATA, attempt=1"
1780652083.8969305,ACK_RECEIVED,2393,ACK
1780652083.8970323,SEND,2394,"DATA, attempt=1"
1780652083.8980265,ACK_RECEIVED,2394,ACK
1780652083.898135,SEND,2395,"DATA, attempt=1"
1780652083.898955,ACK_RECEIVED,2395,ACK
1780652083.8992164,SEND,2396,"DATA, attempt=1"
1780652083.9001238,ACK_RECEIVED,2396,ACK
1780652083.9003778,SEND,2397,"DATA, attempt=1"
1780652083.9015248,ACK_RECEIVED,2397,ACK
1780652083.9016826,SEND,2398,"DATA, attempt=1"
1780652083.9024377,ACK_RECEIVED,2398,ACK
1780652083.9025788,SEND,2399,"DATA, attempt=1"
1780652083.90396,ACK_RECEIVED,2399,ACK
1780652083.904178,SEND,2400,"DATA, attempt=1"
1780652083.9053543,ACK_RECEIVED,2400,ACK
1780652083.9056575,SEND,2401,"DATA, attempt=1"
1780652083.907111,ACK_RECEIVED,2401,ACK
1780652083.9073012,SEND,2402,"DATA, attempt=1"
1780652083.9080367,ACK_RECEIVED,2402,ACK
1780652083.9081616,SEND,2403,"DATA, attempt=1"
1780652083.9088173,ACK_RECEIVED,2403,ACK
1780652083.9090085,SEND,2404,"DATA, attempt=1"
1780652083.9099593,ACK_RECEIVED,2404,ACK
1780652083.9100695,SEND,2405,"DATA, attempt=1"
1780652083.9111128,ACK_RECEIVED,2405,ACK
1780652083.9112923,SEND,2406,"DATA, attempt=1"
1780652083.9121022,ACK_RECEIVED,2406,ACK
1780652083.9122798,SEND,2407,"DATA, attempt=1"
1780652083.9130778,ACK_RECEIVED,2407,ACK
1780652083.9132001,SEND,2408,"DATA, attempt=1"
1780652083.9142272,ACK_RECEIVED,2408,ACK
1780652083.9144564,SEND,2409,"DATA, attempt=1"
1780652083.9155817,ACK_RECEIVED,2409,ACK
1780652083.9156885,SEND,2410,"DATA, attempt=1"
1780652083.9166276,ACK_RECEIVED,2410,ACK
1780652083.9168751,SEND,2411,"DATA, attempt=1"
1780652083.9178617,ACK_RECEIVED,2411,ACK
1780652083.9180474,SEND,2412,"DATA, attempt=1"
1780652083.9191272,ACK_RECEIVED,2412,ACK
1780652083.9192438,SEND,2413,"DATA, attempt=1"
1780652083.9206958,ACK_RECEIVED,2413,ACK
1780652083.920831,SEND,2414,"DATA, attempt=1"
1780652083.9224048,ACK_RECEIVED,2414,ACK
1780652083.9225605,SEND,2415,"DATA, attempt=1"
1780652083.92409,ACK_RECEIVED,2415,ACK
1780652083.9243848,SEND,2416,"DATA, attempt=1"
1780652083.9253619,ACK_RECEIVED,2416,ACK
1780652083.9256623,SEND,2417,"DATA, attempt=1"
1780652083.943041,ACK_RECEIVED,2417,ACK
1780652083.9432697,SEND,2418,"DATA, attempt=1"
1780652083.944504,ACK_RECEIVED,2418,ACK
1780652083.9446251,SEND,2419,"DATA, attempt=1"
1780652083.9456246,ACK_RECEIVED,2419,ACK
1780652083.9457476,SEND,2420,"DATA, attempt=1"
1780652083.946601,ACK_RECEIVED,2420,ACK
1780652083.9467747,SEND,2421,"DATA, attempt=1"
1780652083.9477327,ACK_RECEIVED,2421,ACK
1780652083.9479418,SEND,2422,"DATA, attempt=1"
1780652083.9494228,ACK_RECEIVED,2422,ACK
1780652083.949641,SEND,2423,"DATA, attempt=1"
1780652083.9508858,ACK_RECEIVED,2423,ACK
1780652083.9511828,SEND,2424,"DATA, attempt=1"
1780652083.9522269,ACK_RECEIVED,2424,ACK
1780652083.952393,SEND,2425,"DATA, attempt=1"
1780652083.953651,ACK_RECEIVED,2425,ACK
1780652083.954179,SEND,2426,"DATA, attempt=1"
1780652083.9561744,ACK_RECEIVED,2426,ACK
1780652083.9565365,SEND,2427,"DATA, attempt=1"
1780652083.957689,ACK_RECEIVED,2427,ACK
1780652083.9578319,SEND,2428,"DATA, attempt=1"
1780652083.958552,ACK_RECEIVED,2428,ACK
1780652083.9586759,SEND,2429,"DATA, attempt=1"
1780652083.9596686,ACK_RECEIVED,2429,ACK
1780652083.9599223,SEND,2430,"DATA, attempt=1"
1780652083.9609418,ACK_RECEIVED,2430,ACK
1780652083.96116,SEND,2431,"DATA, attempt=1"
1780652083.9623256,ACK_RECEIVED,2431,ACK
1780652083.9625378,SEND,2432,"DATA, attempt=1"
1780652083.9635596,ACK_RECEIVED,2432,ACK
1780652083.9636972,SEND,2433,"DATA, attempt=1"
1780652083.9646332,ACK_RECEIVED,2433,ACK
1780652083.9647427,SEND,2434,"DATA, attempt=1"
1780652083.9656272,ACK_RECEIVED,2434,ACK
1780652083.965767,SEND,2435,"DATA, attempt=1"
1780652083.966688,ACK_RECEIVED,2435,ACK
1780652083.967008,SEND,2436,"DATA, attempt=1"
1780652083.9680233,ACK_RECEIVED,2436,ACK
1780652083.9683683,SEND,2437,"DATA, attempt=1"
1780652083.9693372,ACK_RECEIVED,2437,ACK
1780652083.9695795,SEND,2438,"DATA, attempt=1"
1780652083.9713907,ACK_RECEIVED,2438,ACK
1780652083.971849,SEND,2439,"DATA, attempt=1"
1780652083.9732072,ACK_RECEIVED,2439,ACK
1780652083.9733622,SEND,2440,"DATA, attempt=1"
1780652083.9747856,ACK_RECEIVED,2440,ACK
1780652083.9749951,SEND,2441,"DATA, attempt=1"
1780652083.976196,ACK_RECEIVED,2441,ACK
1780652083.976497,SEND,2442,"DATA, attempt=1"
1780652083.9774733,ACK_RECEIVED,2442,ACK
1780652083.9775813,SEND,2443,"DATA, attempt=1"
1780652083.9783938,ACK_RECEIVED,2443,ACK
1780652083.9785547,SEND,2444,"DATA, attempt=1"
1780652083.9792743,ACK_RECEIVED,2444,ACK
1780652083.9793744,SEND,2445,"DATA, attempt=1"
1780652083.9801807,ACK_RECEIVED,2445,ACK
1780652083.980465,SEND,2446,"DATA, attempt=1"
1780652083.9814236,ACK_RECEIVED,2446,ACK
1780652083.9817884,SEND,2447,"DATA, attempt=1"
1780652083.982487,ACK_RECEIVED,2447,ACK
1780652083.9825861,SEND,2448,"DATA, attempt=1"
1780652083.9834821,ACK_RECEIVED,2448,ACK
1780652083.9836311,SEND,2449,"DATA, attempt=1"
1780652083.9845464,ACK_RECEIVED,2449,ACK
1780652083.9847,SEND,2450,"DATA, attempt=1"
1780652083.9860597,ACK_RECEIVED,2450,ACK
1780652083.9863617,SEND,2451,"DATA, attempt=1"
1780652083.9878273,ACK_RECEIVED,2451,ACK
1780652083.9881172,SEND,2452,"DATA, attempt=1"
1780652083.9894888,ACK_RECEIVED,2452,ACK
1780652083.989654,SEND,2453,"DATA, attempt=1"
1780652083.9909186,ACK_RECEIVED,2453,ACK
1780652083.9910474,SEND,2454,"DATA, attempt=1"
1780652083.9920018,ACK_RECEIVED,2454,ACK
1780652083.992131,SEND,2455,"DATA, attempt=1"
1780652083.9929786,ACK_RECEIVED,2455,ACK
1780652083.9931285,SEND,2456,"DATA, attempt=1"
1780652083.994108,ACK_RECEIVED,2456,ACK
1780652083.9944758,SEND,2457,"DATA, attempt=1"
1780652083.9955835,ACK_RECEIVED,2457,ACK
1780652083.9956822,SEND,2458,"DATA, attempt=1"
1780652083.996697,ACK_RECEIVED,2458,ACK
1780652083.9969232,SEND,2459,"DATA, attempt=1"
1780652083.9980998,ACK_RECEIVED,2459,ACK
1780652083.9983647,SEND,2460,"DATA, attempt=1"
1780652083.9994102,ACK_RECEIVED,2460,ACK
1780652083.999649,SEND,2461,"DATA, attempt=1"
1780652084.0004394,ACK_RECEIVED,2461,ACK
1780652084.000676,SEND,2462,"DATA, attempt=1"
1780652084.0025928,ACK_RECEIVED,2462,ACK
1780652084.0027301,SEND,2463,"DATA, attempt=1"
1780652084.0040271,ACK_RECEIVED,2463,ACK
1780652084.0042052,SEND,2464,"DATA, attempt=1"
1780652084.0056164,ACK_RECEIVED,2464,ACK
1780652084.005749,SEND,2465,"DATA, attempt=1"
1780652084.0072198,ACK_RECEIVED,2465,ACK
1780652084.007411,SEND,2466,"DATA, attempt=1"
1780652084.008369,ACK_RECEIVED,2466,ACK
1780652084.008709,SEND,2467,"DATA, attempt=1"
1780652084.009684,ACK_RECEIVED,2467,ACK
1780652084.009849,SEND,2468,"DATA, attempt=1"
1780652084.010905,ACK_RECEIVED,2468,ACK
1780652084.0110064,SEND,2469,"DATA, attempt=1"
1780652084.0116851,ACK_RECEIVED,2469,ACK
1780652084.0117848,SEND,2470,"DATA, attempt=1"
1780652084.0123498,ACK_RECEIVED,2470,ACK
1780652084.012626,SEND,2471,"DATA, attempt=1"
1780652084.0134041,ACK_RECEIVED,2471,ACK
1780652084.0137172,SEND,2472,"DATA, attempt=1"
1780652084.014755,ACK_RECEIVED,2472,ACK
1780652084.0149055,SEND,2473,"DATA, attempt=1"
1780652084.0163295,ACK_RECEIVED,2473,ACK
1780652084.016503,SEND,2474,"DATA, attempt=1"
1780652084.0177817,ACK_RECEIVED,2474,ACK
1780652084.0181093,SEND,2475,"DATA, attempt=1"
1780652084.019099,ACK_RECEIVED,2475,ACK
1780652084.019331,SEND,2476,"DATA, attempt=1"
1780652084.0204906,ACK_RECEIVED,2476,ACK
1780652084.0207212,SEND,2477,"DATA, attempt=1"
1780652084.0226192,ACK_RECEIVED,2477,ACK
1780652084.0227816,SEND,2478,"DATA, attempt=1"
1780652084.024051,ACK_RECEIVED,2478,ACK
1780652084.0241802,SEND,2479,"DATA, attempt=1"
1780652084.0250502,ACK_RECEIVED,2479,ACK
1780652084.0251858,SEND,2480,"DATA, attempt=1"
1780652084.0261526,ACK_RECEIVED,2480,ACK
1780652084.0263963,SEND,2481,"DATA, attempt=1"
1780652084.027456,ACK_RECEIVED,2481,ACK
1780652084.0277255,SEND,2482,"DATA, attempt=1"
1780652084.0285182,ACK_RECEIVED,2482,ACK
1780652084.028629,SEND,2483,"DATA, attempt=1"
1780652084.0297096,ACK_RECEIVED,2483,ACK
1780652084.0298407,SEND,2484,"DATA, attempt=1"
1780652084.030674,ACK_RECEIVED,2484,ACK
1780652084.030858,SEND,2485,"DATA, attempt=1"
1780652084.0319734,ACK_RECEIVED,2485,ACK
1780652084.0321991,SEND,2486,"DATA, attempt=1"
1780652084.0330632,ACK_RECEIVED,2486,ACK
1780652084.0333195,SEND,2487,"DATA, attempt=1"
1780652084.0343726,ACK_RECEIVED,2487,ACK
1780652084.0347917,SEND,2488,"DATA, attempt=1"
1780652084.0363195,ACK_RECEIVED,2488,ACK
1780652084.0365252,SEND,2489,"DATA, attempt=1"
1780652084.0385034,ACK_RECEIVED,2489,ACK
1780652084.0387485,SEND,2490,"DATA, attempt=1"
1780652084.040112,ACK_RECEIVED,2490,ACK
1780652084.04061,SEND,2491,"DATA, attempt=1"
1780652084.0417125,ACK_RECEIVED,2491,ACK
1780652084.0419757,SEND,2492,"DATA, attempt=1"
1780652084.0433273,ACK_RECEIVED,2492,ACK
1780652084.0435822,SEND,2493,"DATA, attempt=1"
1780652084.0446153,ACK_RECEIVED,2493,ACK
1780652084.0447361,SEND,2494,"DATA, attempt=1"
1780652084.0455773,ACK_RECEIVED,2494,ACK
1780652084.0456765,SEND,2495,"DATA, attempt=1"
1780652084.0463696,ACK_RECEIVED,2495,ACK
1780652084.0465722,SEND,2496,"DATA, attempt=1"
1780652084.0475328,ACK_RECEIVED,2496,ACK
1780652084.0477686,SEND,2497,"DATA, attempt=1"
1780652084.0487964,ACK_RECEIVED,2497,ACK
1780652084.0489414,SEND,2498,"DATA, attempt=1"
1780652084.0498528,ACK_RECEIVED,2498,ACK
1780652084.049967,SEND,2499,"DATA, attempt=1"
1780652084.050604,ACK_RECEIVED,2499,ACK
1780652084.050713,SEND,2500,"DATA, attempt=1"
1780652084.0515091,ACK_RECEIVED,2500,ACK
1780652084.0517578,SEND,2501,"DATA, attempt=1"
1780652084.0526004,ACK_RECEIVED,2501,ACK
1780652084.0530138,SEND,2502,"DATA, attempt=1"
1780652084.0544865,ACK_RECEIVED,2502,ACK
1780652084.0547724,SEND,2503,"DATA, attempt=1"
1780652084.056563,ACK_RECEIVED,2503,ACK
1780652084.0567937,SEND,2504,"DATA, attempt=1"
1780652084.0577393,ACK_RECEIVED,2504,ACK
1780652084.0578613,SEND,2505,"DATA, attempt=1"
1780652084.058917,ACK_RECEIVED,2505,ACK
1780652084.0591319,SEND,2506,"DATA, attempt=1"
1780652084.0599563,ACK_RECEIVED,2506,ACK
1780652084.0601852,SEND,2507,"DATA, attempt=1"
1780652084.0616503,ACK_RECEIVED,2507,ACK
1780652084.0617857,SEND,2508,"DATA, attempt=1"
1780652084.0628352,ACK_RECEIVED,2508,ACK
1780652084.0629687,SEND,2509,"DATA, attempt=1"
1780652084.0639648,ACK_RECEIVED,2509,ACK
1780652084.0640762,SEND,2510,"DATA, attempt=1"
1780652084.0648944,ACK_RECEIVED,2510,ACK
1780652084.06507,SEND,2511,"DATA, attempt=1"
1780652084.065887,ACK_RECEIVED,2511,ACK
1780652084.0660446,SEND,2512,"DATA, attempt=1"
1780652084.0672286,ACK_RECEIVED,2512,ACK
1780652084.0673215,SEND,2513,"DATA, attempt=1"
1780652084.068095,ACK_RECEIVED,2513,ACK
1780652084.068887,SEND,2514,"DATA, attempt=1"
1780652084.0708814,ACK_RECEIVED,2514,ACK
1780652084.0711014,SEND,2515,"DATA, attempt=1"
1780652084.0730581,ACK_RECEIVED,2515,ACK
1780652084.0735247,SEND,2516,"DATA, attempt=1"
1780652084.0753875,ACK_RECEIVED,2516,ACK
1780652084.0756838,SEND,2517,"DATA, attempt=1"
1780652084.0773575,ACK_RECEIVED,2517,ACK
1780652084.0775661,SEND,2518,"DATA, attempt=1"
1780652084.078558,ACK_RECEIVED,2518,ACK
1780652084.078674,SEND,2519,"DATA, attempt=1"
1780652084.0793748,ACK_RECEIVED,2519,ACK
1780652084.0794709,SEND,2520,"DATA, attempt=1"
1780652084.08023,ACK_RECEIVED,2520,ACK
1780652084.080401,SEND,2521,"DATA, attempt=1"
1780652084.0813284,ACK_RECEIVED,2521,ACK
1780652084.081749,SEND,2522,"DATA, attempt=1"
1780652084.0830643,ACK_RECEIVED,2522,ACK
1780652084.0832748,SEND,2523,"DATA, attempt=1"
1780652084.0841656,ACK_RECEIVED,2523,ACK
1780652084.0842965,SEND,2524,"DATA, attempt=1"
1780652084.0851982,ACK_RECEIVED,2524,ACK
1780652084.085303,SEND,2525,"DATA, attempt=1"
1780652084.086514,ACK_RECEIVED,2525,ACK
1780652084.0868018,SEND,2526,"DATA, attempt=1"
1780652084.0883899,ACK_RECEIVED,2526,ACK
1780652084.0887146,SEND,2527,"DATA, attempt=1"
1780652084.0905442,ACK_RECEIVED,2527,ACK
1780652084.090901,SEND,2528,"DATA, attempt=1"
1780652084.091707,ACK_RECEIVED,2528,ACK
1780652084.0919256,SEND,2529,"DATA, attempt=1"
1780652084.0926497,ACK_RECEIVED,2529,ACK
1780652084.0928996,SEND,2530,"DATA, attempt=1"
1780652084.0938222,ACK_RECEIVED,2530,ACK
1780652084.094202,SEND,2531,"DATA, attempt=1"
1780652084.095357,ACK_RECEIVED,2531,ACK
1780652084.095666,SEND,2532,"DATA, attempt=1"
1780652084.096571,ACK_RECEIVED,2532,ACK
1780652084.0966823,SEND,2533,"DATA, attempt=1"
1780652084.0975378,ACK_RECEIVED,2533,ACK
1780652084.0977566,SEND,2534,"DATA, attempt=1"
1780652084.0986495,ACK_RECEIVED,2534,ACK
1780652084.0988464,SEND,2535,"DATA, attempt=1"
1780652084.099853,ACK_RECEIVED,2535,ACK
1780652084.1000595,SEND,2536,"DATA, attempt=1"
1780652084.1010764,ACK_RECEIVED,2536,ACK
1780652084.1012566,SEND,2537,"DATA, attempt=1"
1780652084.102467,ACK_RECEIVED,2537,ACK
1780652084.1027524,SEND,2538,"DATA, attempt=1"
1780652084.1038902,ACK_RECEIVED,2538,ACK
1780652084.1040206,SEND,2539,"DATA, attempt=1"
1780652084.1055162,ACK_RECEIVED,2539,ACK
1780652084.105649,SEND,2540,"DATA, attempt=1"
1780652084.1071515,ACK_RECEIVED,2540,ACK
1780652084.1074874,SEND,2541,"DATA, attempt=1"
1780652084.10875,ACK_RECEIVED,2541,ACK
1780652084.1091523,SEND,2542,"DATA, attempt=1"
1780652084.1100311,ACK_RECEIVED,2542,ACK
1780652084.1101458,SEND,2543,"DATA, attempt=1"
1780652084.1111627,ACK_RECEIVED,2543,ACK
1780652084.1113362,SEND,2544,"DATA, attempt=1"
1780652084.112401,ACK_RECEIVED,2544,ACK
1780652084.1126416,SEND,2545,"DATA, attempt=1"
1780652084.1135402,ACK_RECEIVED,2545,ACK
1780652084.113675,SEND,2546,"DATA, attempt=1"
1780652084.1145978,ACK_RECEIVED,2546,ACK
1780652084.1148078,SEND,2547,"DATA, attempt=1"
1780652084.1157491,ACK_RECEIVED,2547,ACK
1780652084.1159775,SEND,2548,"DATA, attempt=1"
1780652084.1169481,ACK_RECEIVED,2548,ACK
1780652084.117083,SEND,2549,"DATA, attempt=1"
1780652084.1178067,ACK_RECEIVED,2549,ACK
1780652084.1178973,SEND,2550,"DATA, attempt=1"
1780652084.119011,ACK_RECEIVED,2550,ACK
1780652084.1192024,SEND,2551,"DATA, attempt=1"
1780652084.1203809,ACK_RECEIVED,2551,ACK
1780652084.120663,SEND,2552,"DATA, attempt=1"
1780652084.1220992,ACK_RECEIVED,2552,ACK
1780652084.1222801,SEND,2553,"DATA, attempt=1"
1780652084.1235285,ACK_RECEIVED,2553,ACK
1780652084.123645,SEND,2554,"DATA, attempt=1"
1780652084.124538,ACK_RECEIVED,2554,ACK
1780652084.12467,SEND,2555,"DATA, attempt=1"
1780652084.1259139,ACK_RECEIVED,2555,ACK
1780652084.1262283,SEND,2556,"DATA, attempt=1"
1780652084.1271293,ACK_RECEIVED,2556,ACK
1780652084.1273572,SEND,2557,"DATA, attempt=1"
1780652084.128219,ACK_RECEIVED,2557,ACK
1780652084.1283462,SEND,2558,"DATA, attempt=1"
1780652084.1293008,ACK_RECEIVED,2558,ACK
1780652084.1294997,SEND,2559,"DATA, attempt=1"
1780652084.1304626,ACK_RECEIVED,2559,ACK
1780652084.130536,SEND,2560,"DATA, attempt=1"
1780652084.1317172,ACK_RECEIVED,2560,ACK
1780652084.1320035,SEND,2561,"DATA, attempt=1"
1780652084.1327832,ACK_RECEIVED,2561,ACK
1780652084.133011,SEND,2562,"DATA, attempt=1"
1780652084.1337073,ACK_RECEIVED,2562,ACK
1780652084.1338465,SEND,2563,"DATA, attempt=1"
1780652084.1343539,ACK_RECEIVED,2563,ACK
1780652084.1345038,SEND,2564,"DATA, attempt=1"
1780652084.1351542,ACK_RECEIVED,2564,ACK
1780652084.1353467,SEND,2565,"DATA, attempt=1"
1780652084.1367676,ACK_RECEIVED,2565,ACK
1780652084.13782,SEND,2566,"DATA, attempt=1"
1780652084.1395054,ACK_RECEIVED,2566,ACK
1780652084.1397526,SEND,2567,"DATA, attempt=1"
1780652084.1403942,ACK_RECEIVED,2567,ACK
1780652084.140558,SEND,2568,"DATA, attempt=1"
1780652084.141322,ACK_RECEIVED,2568,ACK
1780652084.141452,SEND,2569,"DATA, attempt=1"
1780652084.1420667,ACK_RECEIVED,2569,ACK
1780652084.142151,SEND,2570,"DATA, attempt=1"
1780652084.1426692,ACK_RECEIVED,2570,ACK
1780652084.1428225,SEND,2571,"DATA, attempt=1"
1780652084.1437242,ACK_RECEIVED,2571,ACK
1780652084.1439967,SEND,2572,"DATA, attempt=1"
1780652084.14475,ACK_RECEIVED,2572,ACK
1780652084.144884,SEND,2573,"DATA, attempt=1"
1780652084.1456716,ACK_RECEIVED,2573,ACK
1780652084.145858,SEND,2574,"DATA, attempt=1"
1780652084.1468112,ACK_RECEIVED,2574,ACK
1780652084.1469324,SEND,2575,"DATA, attempt=1"
1780652084.147996,ACK_RECEIVED,2575,ACK
1780652084.1486726,SEND,2576,"DATA, attempt=1"
1780652084.149499,ACK_RECEIVED,2576,ACK
1780652084.149815,SEND,2577,"DATA, attempt=1"
1780652084.1512642,ACK_RECEIVED,2577,ACK
1780652084.1513932,SEND,2578,"DATA, attempt=1"
1780652084.1532636,ACK_RECEIVED,2578,ACK
1780652084.1534204,SEND,2579,"DATA, attempt=1"
1780652084.155386,ACK_RECEIVED,2579,ACK
1780652084.1555743,SEND,2580,"DATA, attempt=1"
1780652084.1571405,ACK_RECEIVED,2580,ACK
1780652084.1573358,SEND,2581,"DATA, attempt=1"
1780652084.1581695,ACK_RECEIVED,2581,ACK
1780652084.1583626,SEND,2582,"DATA, attempt=1"
1780652084.15947,ACK_RECEIVED,2582,ACK
1780652084.1595843,SEND,2583,"DATA, attempt=1"
1780652084.1605844,ACK_RECEIVED,2583,ACK
1780652084.160747,SEND,2584,"DATA, attempt=1"
1780652084.161869,ACK_RECEIVED,2584,ACK
1780652084.162042,SEND,2585,"DATA, attempt=1"
1780652084.16315,ACK_RECEIVED,2585,ACK
1780652084.163334,SEND,2586,"DATA, attempt=1"
1780652084.1644878,ACK_RECEIVED,2586,ACK
1780652084.1647298,SEND,2587,"DATA, attempt=1"
1780652084.165632,ACK_RECEIVED,2587,ACK
1780652084.165727,SEND,2588,"DATA, attempt=1"
1780652084.1665268,ACK_RECEIVED,2588,ACK
1780652084.1666229,SEND,2589,"DATA, attempt=1"
1780652084.167823,ACK_RECEIVED,2589,ACK
1780652084.1679711,SEND,2590,"DATA, attempt=1"
1780652084.1694758,ACK_RECEIVED,2590,ACK
1780652084.1697745,SEND,2591,"DATA, attempt=1"
1780652084.1713924,ACK_RECEIVED,2591,ACK
1780652084.1716576,SEND,2592,"DATA, attempt=1"
1780652084.1733308,ACK_RECEIVED,2592,ACK
1780652084.173611,SEND,2593,"DATA, attempt=1"
1780652084.174977,ACK_RECEIVED,2593,ACK
1780652084.1750994,SEND,2594,"DATA, attempt=1"
1780652084.1758115,ACK_RECEIVED,2594,ACK
1780652084.1759481,SEND,2595,"DATA, attempt=1"
1780652084.1766815,ACK_RECEIVED,2595,ACK
1780652084.1769493,SEND,2596,"DATA, attempt=1"
1780652084.1782093,ACK_RECEIVED,2596,ACK
1780652084.178461,SEND,2597,"DATA, attempt=1"
1780652084.1792502,ACK_RECEIVED,2597,ACK
1780652084.1793938,SEND,2598,"DATA, attempt=1"
1780652084.1806011,ACK_RECEIVED,2598,ACK
1780652084.1809144,SEND,2599,"DATA, attempt=1"
1780652084.1818888,ACK_RECEIVED,2599,ACK
1780652084.1820185,SEND,2600,"DATA, attempt=1"
1780652084.1829772,ACK_RECEIVED,2600,ACK
1780652084.183131,SEND,2601,"DATA, attempt=1"
1780652084.1840525,ACK_RECEIVED,2601,ACK
1780652084.1844714,SEND,2602,"DATA, attempt=1"
1780652084.1866884,ACK_RECEIVED,2602,ACK
1780652084.187006,SEND,2603,"DATA, attempt=1"
1780652084.188641,ACK_RECEIVED,2603,ACK
1780652084.1888037,SEND,2604,"DATA, attempt=1"
1780652084.1906142,ACK_RECEIVED,2604,ACK
1780652084.190717,SEND,2605,"DATA, attempt=1"
1780652084.191538,ACK_RECEIVED,2605,ACK
1780652084.1917162,SEND,2606,"DATA, attempt=1"
1780652084.192516,ACK_RECEIVED,2606,ACK
1780652084.1927931,SEND,2607,"DATA, attempt=1"
1780652084.1939178,ACK_RECEIVED,2607,ACK
1780652084.1940553,SEND,2608,"DATA, attempt=1"
1780652084.1953316,ACK_RECEIVED,2608,ACK
1780652084.195511,SEND,2609,"DATA, attempt=1"
1780652084.196278,ACK_RECEIVED,2609,ACK
1780652084.1964,SEND,2610,"DATA, attempt=1"
1780652084.197593,ACK_RECEIVED,2610,ACK
1780652084.197792,SEND,2611,"DATA, attempt=1"
1780652084.1985357,ACK_RECEIVED,2611,ACK
1780652084.1987612,SEND,2612,"DATA, attempt=1"
1780652084.2004392,ACK_RECEIVED,2612,ACK
1780652084.200665,SEND,2613,"DATA, attempt=1"
1780652084.2019682,ACK_RECEIVED,2613,ACK
1780652084.2021573,SEND,2614,"DATA, attempt=1"
1780652084.2036052,ACK_RECEIVED,2614,ACK
1780652084.2039177,SEND,2615,"DATA, attempt=1"
1780652084.2059157,ACK_RECEIVED,2615,ACK
1780652084.2061987,SEND,2616,"DATA, attempt=1"
1780652084.2072833,ACK_RECEIVED,2616,ACK
1780652084.2075038,SEND,2617,"DATA, attempt=1"
1780652084.208501,ACK_RECEIVED,2617,ACK
1780652084.2086458,SEND,2618,"DATA, attempt=1"
1780652084.2099185,ACK_RECEIVED,2618,ACK
1780652084.2100186,SEND,2619,"DATA, attempt=1"
1780652084.2109249,ACK_RECEIVED,2619,ACK
1780652084.2110999,SEND,2620,"DATA, attempt=1"
1780652084.211974,ACK_RECEIVED,2620,ACK
1780652084.2121358,SEND,2621,"DATA, attempt=1"
1780652084.2130497,ACK_RECEIVED,2621,ACK
1780652084.2134104,SEND,2622,"DATA, attempt=1"
1780652084.2149792,ACK_RECEIVED,2622,ACK
1780652084.2151363,SEND,2623,"DATA, attempt=1"
1780652084.216045,ACK_RECEIVED,2623,ACK
1780652084.2161667,SEND,2624,"DATA, attempt=1"
1780652084.2169967,ACK_RECEIVED,2624,ACK
1780652084.217114,SEND,2625,"DATA, attempt=1"
1780652084.2179723,ACK_RECEIVED,2625,ACK
1780652084.2181802,SEND,2626,"DATA, attempt=1"
1780652084.219209,ACK_RECEIVED,2626,ACK
1780652084.2195914,SEND,2627,"DATA, attempt=1"
1780652084.221813,ACK_RECEIVED,2627,ACK
1780652084.222183,SEND,2628,"DATA, attempt=1"
1780652084.223523,ACK_RECEIVED,2628,ACK
1780652084.2236295,SEND,2629,"DATA, attempt=1"
1780652084.2247655,ACK_RECEIVED,2629,ACK
1780652084.2248633,SEND,2630,"DATA, attempt=1"
1780652084.2256765,ACK_RECEIVED,2630,ACK
1780652084.225842,SEND,2631,"DATA, attempt=1"
1780652084.2266507,ACK_RECEIVED,2631,ACK
1780652084.2268527,SEND,2632,"DATA, attempt=1"
1780652084.2283542,ACK_RECEIVED,2632,ACK
1780652084.228487,SEND,2633,"DATA, attempt=1"
1780652084.2293904,ACK_RECEIVED,2633,ACK
1780652084.2295058,SEND,2634,"DATA, attempt=1"
1780652084.2305515,ACK_RECEIVED,2634,ACK
1780652084.2306921,SEND,2635,"DATA, attempt=1"
1780652084.231349,ACK_RECEIVED,2635,ACK
1780652084.2315557,SEND,2636,"DATA, attempt=1"
1780652084.2323265,ACK_RECEIVED,2636,ACK
1780652084.2326183,SEND,2637,"DATA, attempt=1"
1780652084.2340791,ACK_RECEIVED,2637,ACK
1780652084.2342675,SEND,2638,"DATA, attempt=1"
1780652084.2352865,ACK_RECEIVED,2638,ACK
1780652084.2355208,SEND,2639,"DATA, attempt=1"
1780652084.236644,ACK_RECEIVED,2639,ACK
1780652084.236793,SEND,2640,"DATA, attempt=1"
1780652084.2381678,ACK_RECEIVED,2640,ACK
1780652084.2383971,SEND,2641,"DATA, attempt=1"
1780652084.2397392,ACK_RECEIVED,2641,ACK
1780652084.239978,SEND,2642,"DATA, attempt=1"
1780652084.2412708,ACK_RECEIVED,2642,ACK
1780652084.2414722,SEND,2643,"DATA, attempt=1"
1780652084.2423546,ACK_RECEIVED,2643,ACK
1780652084.2424555,SEND,2644,"DATA, attempt=1"
1780652084.2431948,ACK_RECEIVED,2644,ACK
1780652084.2432914,SEND,2645,"DATA, attempt=1"
1780652084.243986,ACK_RECEIVED,2645,ACK
1780652084.2441862,SEND,2646,"DATA, attempt=1"
1780652084.2451649,ACK_RECEIVED,2646,ACK
1780652084.2455244,SEND,2647,"DATA, attempt=1"
1780652084.2464905,ACK_RECEIVED,2647,ACK
1780652084.2466435,SEND,2648,"DATA, attempt=1"
1780652084.2477322,ACK_RECEIVED,2648,ACK
1780652084.247855,SEND,2649,"DATA, attempt=1"
1780652084.2486415,ACK_RECEIVED,2649,ACK
1780652084.2487798,SEND,2650,"DATA, attempt=1"
1780652084.2496386,ACK_RECEIVED,2650,ACK
1780652084.2498233,SEND,2651,"DATA, attempt=1"
1780652084.2507565,ACK_RECEIVED,2651,ACK
1780652084.2509441,SEND,2652,"DATA, attempt=1"
1780652084.2519436,ACK_RECEIVED,2652,ACK
1780652084.252061,SEND,2653,"DATA, attempt=1"
1780652084.2539554,ACK_RECEIVED,2653,ACK
1780652084.2542248,SEND,2654,"DATA, attempt=1"
1780652084.256432,ACK_RECEIVED,2654,ACK
1780652084.2565694,SEND,2655,"DATA, attempt=1"
1780652084.257904,ACK_RECEIVED,2655,ACK
1780652084.2581317,SEND,2656,"DATA, attempt=1"
1780652084.2589958,ACK_RECEIVED,2656,ACK
1780652084.259196,SEND,2657,"DATA, attempt=1"
1780652084.2600653,ACK_RECEIVED,2657,ACK
1780652084.2602038,SEND,2658,"DATA, attempt=1"
1780652084.2611063,ACK_RECEIVED,2658,ACK
1780652084.2612298,SEND,2659,"DATA, attempt=1"
1780652084.262828,ACK_RECEIVED,2659,ACK
1780652084.2629435,SEND,2660,"DATA, attempt=1"
1780652084.2640283,ACK_RECEIVED,2660,ACK
1780652084.2642167,SEND,2661,"DATA, attempt=1"
1780652084.265242,ACK_RECEIVED,2661,ACK
1780652084.265412,SEND,2662,"DATA, attempt=1"
1780652084.266052,ACK_RECEIVED,2662,ACK
1780652084.2661455,SEND,2663,"DATA, attempt=1"
1780652084.2669332,ACK_RECEIVED,2663,ACK
1780652084.2670183,SEND,2664,"DATA, attempt=1"
1780652084.2679684,ACK_RECEIVED,2664,ACK
1780652084.2685218,SEND,2665,"DATA, attempt=1"
1780652084.270931,ACK_RECEIVED,2665,ACK
1780652084.2711604,SEND,2666,"DATA, attempt=1"
1780652084.2726731,ACK_RECEIVED,2666,ACK
1780652084.2733028,SEND,2667,"DATA, attempt=1"
1780652084.2744088,ACK_RECEIVED,2667,ACK
1780652084.2745242,SEND,2668,"DATA, attempt=1"
1780652084.2757885,ACK_RECEIVED,2668,ACK
1780652084.275994,SEND,2669,"DATA, attempt=1"
1780652084.276825,ACK_RECEIVED,2669,ACK
1780652084.276964,SEND,2670,"DATA, attempt=1"
1780652084.2778022,ACK_RECEIVED,2670,ACK
1780652084.2779856,SEND,2671,"DATA, attempt=1"
1780652084.2789402,ACK_RECEIVED,2671,ACK
1780652084.279157,SEND,2672,"DATA, attempt=1"
1780652084.2797527,ACK_RECEIVED,2672,ACK
1780652084.27987,SEND,2673,"DATA, attempt=1"
1780652084.2806633,ACK_RECEIVED,2673,ACK
1780652084.2807674,SEND,2674,"DATA, attempt=1"
1780652084.2821615,ACK_RECEIVED,2674,ACK
1780652084.2822585,SEND,2675,"DATA, attempt=1"
1780652084.2831306,ACK_RECEIVED,2675,ACK
1780652084.2833598,SEND,2676,"DATA, attempt=1"
1780652084.2847607,ACK_RECEIVED,2676,ACK
1780652084.2850811,SEND,2677,"DATA, attempt=1"
1780652084.286739,ACK_RECEIVED,2677,ACK
1780652084.2871304,SEND,2678,"DATA, attempt=1"
1780652084.288996,ACK_RECEIVED,2678,ACK
1780652084.28915,SEND,2679,"DATA, attempt=1"
1780652084.2906618,ACK_RECEIVED,2679,ACK
1780652084.2907941,SEND,2680,"DATA, attempt=1"
1780652084.291489,ACK_RECEIVED,2680,ACK
1780652084.2916987,SEND,2681,"DATA, attempt=1"
1780652084.292429,ACK_RECEIVED,2681,ACK
1780652084.292704,SEND,2682,"DATA, attempt=1"
1780652084.2932358,ACK_RECEIVED,2682,ACK
1780652084.2933528,SEND,2683,"DATA, attempt=1"
1780652084.2940729,ACK_RECEIVED,2683,ACK
1780652084.2941668,SEND,2684,"DATA, attempt=1"
1780652084.2958415,ACK_RECEIVED,2684,ACK
1780652084.2959995,SEND,2685,"DATA, attempt=1"
1780652084.2968817,ACK_RECEIVED,2685,ACK
1780652084.2970586,SEND,2686,"DATA, attempt=1"
1780652084.2977076,ACK_RECEIVED,2686,ACK
1780652084.29794,SEND,2687,"DATA, attempt=1"
1780652084.2987537,ACK_RECEIVED,2687,ACK
1780652084.2988322,SEND,2688,"DATA, attempt=1"
1780652084.2995954,ACK_RECEIVED,2688,ACK
1780652084.2998214,SEND,2689,"DATA, attempt=1"
1780652084.300988,ACK_RECEIVED,2689,ACK
1780652084.3011358,SEND,2690,"DATA, attempt=1"
1780652084.3031492,ACK_RECEIVED,2690,ACK
1780652084.3034468,SEND,2691,"DATA, attempt=1"
1780652084.3050623,ACK_RECEIVED,2691,ACK
1780652084.3054323,SEND,2692,"DATA, attempt=1"
1780652084.3068538,ACK_RECEIVED,2692,ACK
1780652084.307014,SEND,2693,"DATA, attempt=1"
1780652084.3083382,ACK_RECEIVED,2693,ACK
1780652084.308456,SEND,2694,"DATA, attempt=1"
1780652084.30933,ACK_RECEIVED,2694,ACK
1780652084.3095188,SEND,2695,"DATA, attempt=1"
1780652084.310663,ACK_RECEIVED,2695,ACK
1780652084.3108044,SEND,2696,"DATA, attempt=1"
1780652084.3116317,ACK_RECEIVED,2696,ACK
1780652084.3118436,SEND,2697,"DATA, attempt=1"
1780652084.3132634,ACK_RECEIVED,2697,ACK
1780652084.3134263,SEND,2698,"DATA, attempt=1"
1780652084.3145704,ACK_RECEIVED,2698,ACK
1780652084.3146842,SEND,2699,"DATA, attempt=1"
1780652084.3155775,ACK_RECEIVED,2699,ACK
1780652084.3157778,SEND,2700,"DATA, attempt=1"
1780652084.3167696,ACK_RECEIVED,2700,ACK
1780652084.3169472,SEND,2701,"DATA, attempt=1"
1780652084.317755,ACK_RECEIVED,2701,ACK
1780652084.318163,SEND,2702,"DATA, attempt=1"
1780652084.3204305,ACK_RECEIVED,2702,ACK
1780652084.3205907,SEND,2703,"DATA, attempt=1"
1780652084.322047,ACK_RECEIVED,2703,ACK
1780652084.3222144,SEND,2704,"DATA, attempt=1"
1780652084.323723,ACK_RECEIVED,2704,ACK
1780652084.3238482,SEND,2705,"DATA, attempt=1"
1780652084.3246536,ACK_RECEIVED,2705,ACK
1780652084.324859,SEND,2706,"DATA, attempt=1"
1780652084.3262248,ACK_RECEIVED,2706,ACK
1780652084.3264759,SEND,2707,"DATA, attempt=1"
1780652084.327118,ACK_RECEIVED,2707,ACK
1780652084.3274078,SEND,2708,"DATA, attempt=1"
1780652084.3284132,ACK_RECEIVED,2708,ACK
1780652084.3285866,SEND,2709,"DATA, attempt=1"
1780652084.3295562,ACK_RECEIVED,2709,ACK
1780652084.329656,SEND,2710,"DATA, attempt=1"
1780652084.3302617,ACK_RECEIVED,2710,ACK
1780652084.3304393,SEND,2711,"DATA, attempt=1"
1780652084.3311882,ACK_RECEIVED,2711,ACK
1780652084.331508,SEND,2712,"DATA, attempt=1"
1780652084.3329718,ACK_RECEIVED,2712,ACK
1780652084.3331516,SEND,2713,"DATA, attempt=1"
1780652084.3340592,ACK_RECEIVED,2713,ACK
1780652084.3343294,SEND,2714,"DATA, attempt=1"
1780652084.3352067,ACK_RECEIVED,2714,ACK
1780652084.335323,SEND,2715,"DATA, attempt=1"
1780652084.3365252,ACK_RECEIVED,2715,ACK
1780652084.3368862,SEND,2716,"DATA, attempt=1"
1780652084.3389852,ACK_RECEIVED,2716,ACK
1780652084.3393629,SEND,2717,"DATA, attempt=1"
1780652084.3410919,ACK_RECEIVED,2717,ACK
1780652084.34121,SEND,2718,"DATA, attempt=1"
1780652084.3419697,ACK_RECEIVED,2718,ACK
1780652084.3420782,SEND,2719,"DATA, attempt=1"
1780652084.3428602,ACK_RECEIVED,2719,ACK
1780652084.343036,SEND,2720,"DATA, attempt=1"
1780652084.3436391,ACK_RECEIVED,2720,ACK
1780652084.3438058,SEND,2721,"DATA, attempt=1"
1780652084.345195,ACK_RECEIVED,2721,ACK
1780652084.345483,SEND,2722,"DATA, attempt=1"
1780652084.3471212,ACK_RECEIVED,2722,ACK
1780652084.347262,SEND,2723,"DATA, attempt=1"
1780652084.3487916,ACK_RECEIVED,2723,ACK
1780652084.3489254,SEND,2724,"DATA, attempt=1"
1780652084.3498926,ACK_RECEIVED,2724,ACK
1780652084.3500352,SEND,2725,"DATA, attempt=1"
1780652084.3507938,ACK_RECEIVED,2725,ACK
1780652084.3510516,SEND,2726,"DATA, attempt=1"
1780652084.3518615,ACK_RECEIVED,2726,ACK
1780652084.3521562,SEND,2727,"DATA, attempt=1"
1780652084.3532517,ACK_RECEIVED,2727,ACK
1780652084.35351,SEND,2728,"DATA, attempt=1"
1780652084.3551154,ACK_RECEIVED,2728,ACK
1780652084.3553073,SEND,2729,"DATA, attempt=1"
1780652084.3572881,ACK_RECEIVED,2729,ACK
1780652084.3574283,SEND,2730,"DATA, attempt=1"
1780652084.3580878,ACK_RECEIVED,2730,ACK
1780652084.3582923,SEND,2731,"DATA, attempt=1"
1780652084.3588803,ACK_RECEIVED,2731,ACK
1780652084.3591964,SEND,2732,"DATA, attempt=1"
1780652084.3598237,ACK_RECEIVED,2732,ACK
1780652084.359941,SEND,2733,"DATA, attempt=1"
1780652084.360711,ACK_RECEIVED,2733,ACK
1780652084.360933,SEND,2734,"DATA, attempt=1"
1780652084.3623502,ACK_RECEIVED,2734,ACK
1780652084.3624744,SEND,2735,"DATA, attempt=1"
1780652084.3635232,ACK_RECEIVED,2735,ACK
1780652084.3637815,SEND,2736,"DATA, attempt=1"
1780652084.3647313,ACK_RECEIVED,2736,ACK
1780652084.3650744,SEND,2737,"DATA, attempt=1"
1780652084.365863,ACK_RECEIVED,2737,ACK
1780652084.3659666,SEND,2738,"DATA, attempt=1"
1780652084.3669481,ACK_RECEIVED,2738,ACK
1780652084.3670795,SEND,2739,"DATA, attempt=1"
1780652084.3680205,ACK_RECEIVED,2739,ACK
1780652084.3682282,SEND,2740,"DATA, attempt=1"
1780652084.3693593,ACK_RECEIVED,2740,ACK
1780652084.369637,SEND,2741,"DATA, attempt=1"
1780652084.3717027,ACK_RECEIVED,2741,ACK
1780652084.3722122,SEND,2742,"DATA, attempt=1"
1780652084.3737636,ACK_RECEIVED,2742,ACK
1780652084.3739252,SEND,2743,"DATA, attempt=1"
1780652084.3749006,ACK_RECEIVED,2743,ACK
1780652084.3750541,SEND,2744,"DATA, attempt=1"
1780652084.3759558,ACK_RECEIVED,2744,ACK
1780652084.376081,SEND,2745,"DATA, attempt=1"
1780652084.3777452,ACK_RECEIVED,2745,ACK
1780652084.3780117,SEND,2746,"DATA, attempt=1"
1780652084.3794334,ACK_RECEIVED,2746,ACK
1780652084.3798213,SEND,2747,"DATA, attempt=1"
1780652084.3811512,ACK_RECEIVED,2747,ACK
1780652084.3813853,SEND,2748,"DATA, attempt=1"
1780652084.3821993,ACK_RECEIVED,2748,ACK
1780652084.3823125,SEND,2749,"DATA, attempt=1"
1780652084.3830988,ACK_RECEIVED,2749,ACK
1780652084.3832066,SEND,2750,"DATA, attempt=1"
1780652084.3841121,ACK_RECEIVED,2750,ACK
1780652084.3843136,SEND,2751,"DATA, attempt=1"
1780652084.3851826,ACK_RECEIVED,2751,ACK
1780652084.3854003,SEND,2752,"DATA, attempt=1"
1780652084.3867502,ACK_RECEIVED,2752,ACK
1780652084.387088,SEND,2753,"DATA, attempt=1"
1780652084.388833,ACK_RECEIVED,2753,ACK
1780652084.388992,SEND,2754,"DATA, attempt=1"
1780652084.3906474,ACK_RECEIVED,2754,ACK
1780652084.390787,SEND,2755,"DATA, attempt=1"
1780652084.3915572,ACK_RECEIVED,2755,ACK
1780652084.3917556,SEND,2756,"DATA, attempt=1"
1780652084.3925016,ACK_RECEIVED,2756,ACK
1780652084.3927007,SEND,2757,"DATA, attempt=1"
1780652084.393722,ACK_RECEIVED,2757,ACK
1780652084.393986,SEND,2758,"DATA, attempt=1"
1780652084.3953521,ACK_RECEIVED,2758,ACK
1780652084.395555,SEND,2759,"DATA, attempt=1"
1780652084.3962228,ACK_RECEIVED,2759,ACK
1780652084.396321,SEND,2760,"DATA, attempt=1"
1780652084.397122,ACK_RECEIVED,2760,ACK
1780652084.3973546,SEND,2761,"DATA, attempt=1"
1780652084.3982308,ACK_RECEIVED,2761,ACK
1780652084.398431,SEND,2762,"DATA, attempt=1"
1780652084.3990996,ACK_RECEIVED,2762,ACK
1780652084.399191,SEND,2763,"DATA, attempt=1"
1780652084.400155,ACK_RECEIVED,2763,ACK
1780652084.4003246,SEND,2764,"DATA, attempt=1"
1780652084.4015882,ACK_RECEIVED,2764,ACK
1780652084.4017243,SEND,2765,"DATA, attempt=1"
1780652084.402677,ACK_RECEIVED,2765,ACK
1780652084.4031198,SEND,2766,"DATA, attempt=1"
1780652084.4043603,ACK_RECEIVED,2766,ACK
1780652084.4047031,SEND,2767,"DATA, attempt=1"
1780652084.4064593,ACK_RECEIVED,2767,ACK
1780652084.4066997,SEND,2768,"DATA, attempt=1"
1780652084.4077694,ACK_RECEIVED,2768,ACK
1780652084.4079082,SEND,2769,"DATA, attempt=1"
1780652084.4088295,ACK_RECEIVED,2769,ACK
1780652084.4090052,SEND,2770,"DATA, attempt=1"
1780652084.4097118,ACK_RECEIVED,2770,ACK
1780652084.409882,SEND,2771,"DATA, attempt=1"
1780652084.4107096,ACK_RECEIVED,2771,ACK
1780652084.4109542,SEND,2772,"DATA, attempt=1"
1780652084.4116254,ACK_RECEIVED,2772,ACK
1780652084.411736,SEND,2773,"DATA, attempt=1"
1780652084.4124682,ACK_RECEIVED,2773,ACK
1780652084.4125724,SEND,2774,"DATA, attempt=1"
1780652084.4133363,ACK_RECEIVED,2774,ACK
1780652084.4135034,SEND,2775,"DATA, attempt=1"
1780652084.414263,ACK_RECEIVED,2775,ACK
1780652084.414454,SEND,2776,"DATA, attempt=1"
1780652084.4150734,ACK_RECEIVED,2776,ACK
1780652084.4152582,SEND,2777,"DATA, attempt=1"
1780652084.4162452,ACK_RECEIVED,2777,ACK
1780652084.4163876,SEND,2778,"DATA, attempt=1"
1780652084.417255,ACK_RECEIVED,2778,ACK
1780652084.4173348,SEND,2779,"DATA, attempt=1"
1780652084.418099,ACK_RECEIVED,2779,ACK
1780652084.418201,SEND,2780,"DATA, attempt=1"
1780652084.419242,ACK_RECEIVED,2780,ACK
1780652084.4194484,SEND,2781,"DATA, attempt=1"
1780652084.4208524,ACK_RECEIVED,2781,ACK
1780652084.4211535,SEND,2782,"DATA, attempt=1"
1780652084.4227014,ACK_RECEIVED,2782,ACK
1780652084.4229715,SEND,2783,"DATA, attempt=1"
1780652084.4239974,ACK_RECEIVED,2783,ACK
1780652084.4241226,SEND,2784,"DATA, attempt=1"
1780652084.4251308,ACK_RECEIVED,2784,ACK
1780652084.4252458,SEND,2785,"DATA, attempt=1"
1780652084.4265656,ACK_RECEIVED,2785,ACK
1780652084.4268062,SEND,2786,"DATA, attempt=1"
1780652084.427654,ACK_RECEIVED,2786,ACK
1780652084.4278784,SEND,2787,"DATA, attempt=1"
1780652084.4284544,ACK_RECEIVED,2787,ACK
1780652084.4285545,SEND,2788,"DATA, attempt=1"
1780652084.4292247,ACK_RECEIVED,2788,ACK
1780652084.4293284,SEND,2789,"DATA, attempt=1"
1780652084.429927,ACK_RECEIVED,2789,ACK
1780652084.4300303,SEND,2790,"DATA, attempt=1"
1780652084.4309278,ACK_RECEIVED,2790,ACK
1780652084.4311714,SEND,2791,"DATA, attempt=1"
1780652084.4318926,ACK_RECEIVED,2791,ACK
1780652084.4321225,SEND,2792,"DATA, attempt=1"
1780652084.4329188,ACK_RECEIVED,2792,ACK
1780652084.433041,SEND,2793,"DATA, attempt=1"
1780652084.4338174,ACK_RECEIVED,2793,ACK
1780652084.4339488,SEND,2794,"DATA, attempt=1"
1780652084.4348328,ACK_RECEIVED,2794,ACK
1780652084.434983,SEND,2795,"DATA, attempt=1"
1780652084.4358406,ACK_RECEIVED,2795,ACK
1780652084.43606,SEND,2796,"DATA, attempt=1"
1780652084.4377637,ACK_RECEIVED,2796,ACK
1780652084.4382033,SEND,2797,"DATA, attempt=1"
1780652084.4396005,ACK_RECEIVED,2797,ACK
1780652084.4397295,SEND,2798,"DATA, attempt=1"
1780652084.4408197,ACK_RECEIVED,2798,ACK
1780652084.4409108,SEND,2799,"DATA, attempt=1"
1780652084.441619,ACK_RECEIVED,2799,ACK
1780652084.4417217,SEND,2800,"DATA, attempt=1"
1780652084.4425392,ACK_RECEIVED,2800,ACK
1780652084.442694,SEND,2801,"DATA, attempt=1"
1780652084.4438417,ACK_RECEIVED,2801,ACK
1780652084.4441106,SEND,2802,"DATA, attempt=1"
1780652084.4451644,ACK_RECEIVED,2802,ACK
1780652084.4453864,SEND,2803,"DATA, attempt=1"
1780652084.4462678,ACK_RECEIVED,2803,ACK
1780652084.4464822,SEND,2804,"DATA, attempt=1"
1780652084.4472175,ACK_RECEIVED,2804,ACK
1780652084.4473264,SEND,2805,"DATA, attempt=1"
1780652084.4485953,ACK_RECEIVED,2805,ACK
1780652084.4487505,SEND,2806,"DATA, attempt=1"
1780652084.4496753,ACK_RECEIVED,2806,ACK
1780652084.4498816,SEND,2807,"DATA, attempt=1"
1780652084.4509578,ACK_RECEIVED,2807,ACK
1780652084.4511552,SEND,2808,"DATA, attempt=1"
1780652084.452054,ACK_RECEIVED,2808,ACK
1780652084.4521742,SEND,2809,"DATA, attempt=1"
1780652084.4532416,ACK_RECEIVED,2809,ACK
1780652084.4534285,SEND,2810,"DATA, attempt=1"
1780652084.4545805,ACK_RECEIVED,2810,ACK
1780652084.4549503,SEND,2811,"DATA, attempt=1"
1780652084.4567442,ACK_RECEIVED,2811,ACK
1780652084.4569504,SEND,2812,"DATA, attempt=1"
1780652084.457677,ACK_RECEIVED,2812,ACK
1780652084.4577982,SEND,2813,"DATA, attempt=1"
1780652084.4585884,ACK_RECEIVED,2813,ACK
1780652084.4586968,SEND,2814,"DATA, attempt=1"
1780652084.4595602,ACK_RECEIVED,2814,ACK
1780652084.459799,SEND,2815,"DATA, attempt=1"
1780652084.4610922,ACK_RECEIVED,2815,ACK
1780652084.4613767,SEND,2816,"DATA, attempt=1"
1780652084.4625173,ACK_RECEIVED,2816,ACK
1780652084.4629443,SEND,2817,"DATA, attempt=1"
1780652084.4639146,ACK_RECEIVED,2817,ACK
1780652084.4640737,SEND,2818,"DATA, attempt=1"
1780652084.4647849,ACK_RECEIVED,2818,ACK
1780652084.4649336,SEND,2819,"DATA, attempt=1"
1780652084.4660301,ACK_RECEIVED,2819,ACK
1780652084.4661698,SEND,2820,"DATA, attempt=1"
1780652084.4668286,ACK_RECEIVED,2820,ACK
1780652084.4669864,SEND,2821,"DATA, attempt=1"
1780652084.467603,ACK_RECEIVED,2821,ACK
1780652084.467814,SEND,2822,"DATA, attempt=1"
1780652084.468704,ACK_RECEIVED,2822,ACK
1780652084.4688509,SEND,2823,"DATA, attempt=1"
1780652084.4703453,ACK_RECEIVED,2823,ACK
1780652084.4705672,SEND,2824,"DATA, attempt=1"
1780652084.4722311,ACK_RECEIVED,2824,ACK
1780652084.4723876,SEND,2825,"DATA, attempt=1"
1780652084.4737194,ACK_RECEIVED,2825,ACK
1780652084.4739099,SEND,2826,"DATA, attempt=1"
1780652084.4746864,ACK_RECEIVED,2826,ACK
1780652084.474899,SEND,2827,"DATA, attempt=1"
1780652084.4758296,ACK_RECEIVED,2827,ACK
1780652084.4759393,SEND,2828,"DATA, attempt=1"
1780652084.476679,ACK_RECEIVED,2828,ACK
1780652084.4767795,SEND,2829,"DATA, attempt=1"
1780652084.477549,ACK_RECEIVED,2829,ACK
1780652084.4776556,SEND,2830,"DATA, attempt=1"
1780652084.47835,ACK_RECEIVED,2830,ACK
1780652084.478502,SEND,2831,"DATA, attempt=1"
1780652084.4791255,ACK_RECEIVED,2831,ACK
1780652084.4792807,SEND,2832,"DATA, attempt=1"
1780652084.4800165,ACK_RECEIVED,2832,ACK
1780652084.480222,SEND,2833,"DATA, attempt=1"
1780652084.4810996,ACK_RECEIVED,2833,ACK
1780652084.4812057,SEND,2834,"DATA, attempt=1"
1780652084.4823186,ACK_RECEIVED,2834,ACK
1780652084.4824457,SEND,2835,"DATA, attempt=1"
1780652084.483412,ACK_RECEIVED,2835,ACK
1780652084.483761,SEND,2836,"DATA, attempt=1"
1780652084.4843268,ACK_RECEIVED,2836,ACK
1780652084.484561,SEND,2837,"DATA, attempt=1"
1780652084.4854069,ACK_RECEIVED,2837,ACK
1780652084.485513,SEND,2838,"DATA, attempt=1"
1780652084.4863899,ACK_RECEIVED,2838,ACK
1780652084.4866529,SEND,2839,"DATA, attempt=1"
1780652084.4882228,ACK_RECEIVED,2839,ACK
1780652084.488544,SEND,2840,"DATA, attempt=1"
1780652084.4898424,ACK_RECEIVED,2840,ACK
1780652084.490193,SEND,2841,"DATA, attempt=1"
1780652084.4910672,ACK_RECEIVED,2841,ACK
1780652084.4912643,SEND,2842,"DATA, attempt=1"
1780652084.491975,ACK_RECEIVED,2842,ACK
1780652084.4920988,SEND,2843,"DATA, attempt=1"
1780652084.4927545,ACK_RECEIVED,2843,ACK
1780652084.4928982,SEND,2844,"DATA, attempt=1"
1780652084.493827,ACK_RECEIVED,2844,ACK
1780652084.493988,SEND,2845,"DATA, attempt=1"
1780652084.49486,ACK_RECEIVED,2845,ACK
1780652084.4950335,SEND,2846,"DATA, attempt=1"
1780652084.4959052,ACK_RECEIVED,2846,ACK
1780652084.4960773,SEND,2847,"DATA, attempt=1"
1780652084.4968326,ACK_RECEIVED,2847,ACK
1780652084.4970095,SEND,2848,"DATA, attempt=1"
1780652084.4976747,ACK_RECEIVED,2848,ACK
1780652084.4977643,SEND,2849,"DATA, attempt=1"
1780652084.4985838,ACK_RECEIVED,2849,ACK
1780652084.4986932,SEND,2850,"DATA, attempt=1"
1780652084.499812,ACK_RECEIVED,2850,ACK
1780652084.499994,SEND,2851,"DATA, attempt=1"
1780652084.5008247,ACK_RECEIVED,2851,ACK
1780652084.5010097,SEND,2852,"DATA, attempt=1"
1780652084.5017216,ACK_RECEIVED,2852,ACK
1780652084.501837,SEND,2853,"DATA, attempt=1"
1780652084.5029638,ACK_RECEIVED,2853,ACK
1780652084.5031548,SEND,2854,"DATA, attempt=1"
1780652084.5050645,ACK_RECEIVED,2854,ACK
1780652084.5052428,SEND,2855,"DATA, attempt=1"
1780652084.5403976,ACK_RECEIVED,2855,ACK
1780652084.5405905,SEND,2856,"DATA, attempt=1"
1780652084.541557,ACK_RECEIVED,2856,ACK
1780652084.5418186,SEND,2857,"DATA, attempt=1"
1780652084.5430212,ACK_RECEIVED,2857,ACK
1780652084.5432827,SEND,2858,"DATA, attempt=1"
1780652084.5441105,ACK_RECEIVED,2858,ACK
1780652084.5443156,SEND,2859,"DATA, attempt=1"
1780652084.5451775,ACK_RECEIVED,2859,ACK
1780652084.545288,SEND,2860,"DATA, attempt=1"
1780652084.5461862,ACK_RECEIVED,2860,ACK
1780652084.5464227,SEND,2861,"DATA, attempt=1"
1780652084.5472724,ACK_RECEIVED,2861,ACK
1780652084.5475187,SEND,2862,"DATA, attempt=1"
1780652084.5483892,ACK_RECEIVED,2862,ACK
1780652084.5485084,SEND,2863,"DATA, attempt=1"
1780652084.5492687,ACK_RECEIVED,2863,ACK
1780652084.5493782,SEND,2864,"DATA, attempt=1"
1780652084.552266,ACK_RECEIVED,2864,ACK
1780652084.5524251,SEND,2865,"DATA, attempt=1"
1780652084.556751,ACK_RECEIVED,2865,ACK
1780652084.558389,SEND,2866,"DATA, attempt=1"
1780652084.5595448,ACK_RECEIVED,2866,ACK
1780652084.5598035,SEND,2867,"DATA, attempt=1"
1780652084.5610218,ACK_RECEIVED,2867,ACK
1780652084.5611484,SEND,2868,"DATA, attempt=1"
1780652084.562048,ACK_RECEIVED,2868,ACK
1780652084.5621588,SEND,2869,"DATA, attempt=1"
1780652084.5630825,ACK_RECEIVED,2869,ACK
1780652084.563205,SEND,2870,"DATA, attempt=1"
1780652084.563996,ACK_RECEIVED,2870,ACK
1780652084.56416,SEND,2871,"DATA, attempt=1"
1780652084.5648086,ACK_RECEIVED,2871,ACK
1780652084.564987,SEND,2872,"DATA, attempt=1"
1780652084.5657701,ACK_RECEIVED,2872,ACK
1780652084.565866,SEND,2873,"DATA, attempt=1"
1780652084.566593,ACK_RECEIVED,2873,ACK
1780652084.5668077,SEND,2874,"DATA, attempt=1"
1780652084.5678399,ACK_RECEIVED,2874,ACK
1780652084.5680847,SEND,2875,"DATA, attempt=1"
1780652084.569039,ACK_RECEIVED,2875,ACK
1780652084.5692704,SEND,2876,"DATA, attempt=1"
1780652084.570804,ACK_RECEIVED,2876,ACK
1780652084.5711231,SEND,2877,"DATA, attempt=1"
1780652084.5724947,ACK_RECEIVED,2877,ACK
1780652084.5728097,SEND,2878,"DATA, attempt=1"
1780652084.5741532,ACK_RECEIVED,2878,ACK
1780652084.5742767,SEND,2879,"DATA, attempt=1"
1780652084.5750291,ACK_RECEIVED,2879,ACK
1780652084.5751593,SEND,2880,"DATA, attempt=1"
1780652084.5763245,ACK_RECEIVED,2880,ACK
1780652084.5766003,SEND,2881,"DATA, attempt=1"
1780652084.5774612,ACK_RECEIVED,2881,ACK
1780652084.5778017,SEND,2882,"DATA, attempt=1"
1780652084.5786831,ACK_RECEIVED,2882,ACK
1780652084.5788891,SEND,2883,"DATA, attempt=1"
1780652084.579703,ACK_RECEIVED,2883,ACK
1780652084.5798378,SEND,2884,"DATA, attempt=1"
1780652084.5805328,ACK_RECEIVED,2884,ACK
1780652084.580776,SEND,2885,"DATA, attempt=1"
1780652084.581576,ACK_RECEIVED,2885,ACK
1780652084.5817206,SEND,2886,"DATA, attempt=1"
1780652084.5824537,ACK_RECEIVED,2886,ACK
1780652084.5826328,SEND,2887,"DATA, attempt=1"
1780652084.583234,ACK_RECEIVED,2887,ACK
1780652084.5833535,SEND,2888,"DATA, attempt=1"
1780652084.5843291,ACK_RECEIVED,2888,ACK
1780652084.5845373,SEND,2889,"DATA, attempt=1"
1780652084.585675,ACK_RECEIVED,2889,ACK
1780652084.5858352,SEND,2890,"DATA, attempt=1"
1780652084.5870974,ACK_RECEIVED,2890,ACK
1780652084.5873973,SEND,2891,"DATA, attempt=1"
1780652084.5886672,ACK_RECEIVED,2891,ACK
1780652084.5889215,SEND,2892,"DATA, attempt=1"
1780652084.5903022,ACK_RECEIVED,2892,ACK
1780652084.5903919,SEND,2893,"DATA, attempt=1"
1780652084.5914402,ACK_RECEIVED,2893,ACK
1780652084.591551,SEND,2894,"DATA, attempt=1"
1780652084.5922394,ACK_RECEIVED,2894,ACK
1780652084.5923378,SEND,2895,"DATA, attempt=1"
1780652084.592939,ACK_RECEIVED,2895,ACK
1780652084.5931277,SEND,2896,"DATA, attempt=1"
1780652084.5941563,ACK_RECEIVED,2896,ACK
1780652084.5944023,SEND,2897,"DATA, attempt=1"
1780652084.5950887,ACK_RECEIVED,2897,ACK
1780652084.595194,SEND,2898,"DATA, attempt=1"
1780652084.595857,ACK_RECEIVED,2898,ACK
1780652084.5960617,SEND,2899,"DATA, attempt=1"
1780652084.5970035,ACK_RECEIVED,2899,ACK
1780652084.5971274,SEND,2900,"DATA, attempt=1"
1780652084.5979767,ACK_RECEIVED,2900,ACK
1780652084.5982563,SEND,2901,"DATA, attempt=1"
1780652084.5990748,ACK_RECEIVED,2901,ACK
1780652084.5993314,SEND,2902,"DATA, attempt=1"
1780652084.6000335,ACK_RECEIVED,2902,ACK
1780652084.6001377,SEND,2903,"DATA, attempt=1"
1780652084.6008236,ACK_RECEIVED,2903,ACK
1780652084.6009364,SEND,2904,"DATA, attempt=1"
1780652084.6017284,ACK_RECEIVED,2904,ACK
1780652084.6018708,SEND,2905,"DATA, attempt=1"
1780652084.6034677,ACK_RECEIVED,2905,ACK
1780652084.60382,SEND,2906,"DATA, attempt=1"
1780652084.6052139,ACK_RECEIVED,2906,ACK
1780652084.6054685,SEND,2907,"DATA, attempt=1"
1780652084.6066597,ACK_RECEIVED,2907,ACK
1780652084.6067898,SEND,2908,"DATA, attempt=1"
1780652084.6074271,ACK_RECEIVED,2908,ACK
1780652084.6075299,SEND,2909,"DATA, attempt=1"
1780652084.6084225,ACK_RECEIVED,2909,ACK
1780652084.6085396,SEND,2910,"DATA, attempt=1"
1780652084.6094337,ACK_RECEIVED,2910,ACK
1780652084.6096606,SEND,2911,"DATA, attempt=1"
1780652084.610523,ACK_RECEIVED,2911,ACK
1780652084.6107197,SEND,2912,"DATA, attempt=1"
1780652084.6114333,ACK_RECEIVED,2912,ACK
1780652084.6115484,SEND,2913,"DATA, attempt=1"
1780652084.6126862,ACK_RECEIVED,2913,ACK
1780652084.6128986,SEND,2914,"DATA, attempt=1"
1780652084.6139023,ACK_RECEIVED,2914,ACK
1780652084.6140177,SEND,2915,"DATA, attempt=1"
1780652084.614905,ACK_RECEIVED,2915,ACK
1780652084.6152003,SEND,2916,"DATA, attempt=1"
1780652084.615955,ACK_RECEIVED,2916,ACK
1780652084.6161532,SEND,2917,"DATA, attempt=1"
1780652084.6170082,ACK_RECEIVED,2917,ACK
1780652084.6171298,SEND,2918,"DATA, attempt=1"
1780652084.6180637,ACK_RECEIVED,2918,ACK
1780652084.6184497,SEND,2919,"DATA, attempt=1"
1780652084.6194043,ACK_RECEIVED,2919,ACK
1780652084.619691,SEND,2920,"DATA, attempt=1"
1780652084.6212814,ACK_RECEIVED,2920,ACK
1780652084.6216965,SEND,2921,"DATA, attempt=1"
1780652084.6232169,ACK_RECEIVED,2921,ACK
1780652084.6234426,SEND,2922,"DATA, attempt=1"
1780652084.6245246,ACK_RECEIVED,2922,ACK
1780652084.6246545,SEND,2923,"DATA, attempt=1"
1780652084.6254463,ACK_RECEIVED,2923,ACK
1780652084.6255379,SEND,2924,"DATA, attempt=1"
1780652084.6262481,ACK_RECEIVED,2924,ACK
1780652084.6263611,SEND,2925,"DATA, attempt=1"
1780652084.627434,ACK_RECEIVED,2925,ACK
1780652084.6276226,SEND,2926,"DATA, attempt=1"
1780652084.6283789,ACK_RECEIVED,2926,ACK
1780652084.628565,SEND,2927,"DATA, attempt=1"
1780652084.6294343,ACK_RECEIVED,2927,ACK
1780652084.6295695,SEND,2928,"DATA, attempt=1"
1780652084.630408,ACK_RECEIVED,2928,ACK
1780652084.6305048,SEND,2929,"DATA, attempt=1"
1780652084.6313481,ACK_RECEIVED,2929,ACK
1780652084.631445,SEND,2930,"DATA, attempt=1"
1780652084.6320496,ACK_RECEIVED,2930,ACK
1780652084.6322246,SEND,2931,"DATA, attempt=1"
1780652084.6333365,ACK_RECEIVED,2931,ACK
1780652084.6335187,SEND,2932,"DATA, attempt=1"
1780652084.6348016,ACK_RECEIVED,2932,ACK
1780652084.6349857,SEND,2933,"DATA, attempt=1"
1780652084.636492,ACK_RECEIVED,2933,ACK
1780652084.6366348,SEND,2934,"DATA, attempt=1"
1780652084.6380267,ACK_RECEIVED,2934,ACK
1780652084.6381853,SEND,2935,"DATA, attempt=1"
1780652084.6396947,ACK_RECEIVED,2935,ACK
1780652084.6399524,SEND,2936,"DATA, attempt=1"
1780652084.6409066,ACK_RECEIVED,2936,ACK
1780652084.6411164,SEND,2937,"DATA, attempt=1"
1780652084.642029,ACK_RECEIVED,2937,ACK
1780652084.6421723,SEND,2938,"DATA, attempt=1"
1780652084.6430907,ACK_RECEIVED,2938,ACK
1780652084.643188,SEND,2939,"DATA, attempt=1"
1780652084.6438663,ACK_RECEIVED,2939,ACK
1780652084.643959,SEND,2940,"DATA, attempt=1"
1780652084.6448488,ACK_RECEIVED,2940,ACK
1780652084.6451373,SEND,2941,"DATA, attempt=1"
1780652084.6460035,ACK_RECEIVED,2941,ACK
1780652084.6462102,SEND,2942,"DATA, attempt=1"
1780652084.647072,ACK_RECEIVED,2942,ACK
1780652084.6471715,SEND,2943,"DATA, attempt=1"
1780652084.6478946,ACK_RECEIVED,2943,ACK
1780652084.6479843,SEND,2944,"DATA, attempt=1"
1780652084.648572,ACK_RECEIVED,2944,ACK
1780652084.6487608,SEND,2945,"DATA, attempt=1"
1780652084.6496084,ACK_RECEIVED,2945,ACK
1780652084.6497898,SEND,2946,"DATA, attempt=1"
1780652084.650917,ACK_RECEIVED,2946,ACK
1780652084.651112,SEND,2947,"DATA, attempt=1"
1780652084.6519563,ACK_RECEIVED,2947,ACK
1780652084.6521065,SEND,2948,"DATA, attempt=1"
1780652084.653139,ACK_RECEIVED,2948,ACK
1780652084.6533668,SEND,2949,"DATA, attempt=1"
1780652084.654666,ACK_RECEIVED,2949,ACK
1780652084.6547935,SEND,2950,"DATA, attempt=1"
1780652084.6559117,ACK_RECEIVED,2950,ACK
1780652084.6561494,SEND,2951,"DATA, attempt=1"
1780652084.6573105,ACK_RECEIVED,2951,ACK
1780652084.6575267,SEND,2952,"DATA, attempt=1"
1780652084.658454,ACK_RECEIVED,2952,ACK
1780652084.6586304,SEND,2953,"DATA, attempt=1"
1780652084.659361,ACK_RECEIVED,2953,ACK
1780652084.659446,SEND,2954,"DATA, attempt=1"
1780652084.6600587,ACK_RECEIVED,2954,ACK
1780652084.6601474,SEND,2955,"DATA, attempt=1"
1780652084.6609778,ACK_RECEIVED,2955,ACK
1780652084.6612446,SEND,2956,"DATA, attempt=1"
1780652084.6620595,ACK_RECEIVED,2956,ACK
1780652084.6622586,SEND,2957,"DATA, attempt=1"
1780652084.6629186,ACK_RECEIVED,2957,ACK
1780652084.6630046,SEND,2958,"DATA, attempt=1"
1780652084.663729,ACK_RECEIVED,2958,ACK
1780652084.6638405,SEND,2959,"DATA, attempt=1"
1780652084.6647918,ACK_RECEIVED,2959,ACK
1780652084.664899,SEND,2960,"DATA, attempt=1"
1780652084.665552,ACK_RECEIVED,2960,ACK
1780652084.6656783,SEND,2961,"DATA, attempt=1"
1780652084.6664355,ACK_RECEIVED,2961,ACK
1780652084.6667452,SEND,2962,"DATA, attempt=1"
1780652084.6676311,ACK_RECEIVED,2962,ACK
1780652084.6677628,SEND,2963,"DATA, attempt=1"
1780652084.6684902,ACK_RECEIVED,2963,ACK
1780652084.6686244,SEND,2964,"DATA, attempt=1"
1780652084.669842,ACK_RECEIVED,2964,ACK
1780652084.6699903,SEND,2965,"DATA, attempt=1"
1780652084.6717582,ACK_RECEIVED,2965,ACK
1780652084.6720676,SEND,2966,"DATA, attempt=1"
1780652084.673766,ACK_RECEIVED,2966,ACK
1780652084.673967,SEND,2967,"DATA, attempt=1"
1780652084.674628,ACK_RECEIVED,2967,ACK
1780652084.674729,SEND,2968,"DATA, attempt=1"
1780652084.6756642,ACK_RECEIVED,2968,ACK
1780652084.6758008,SEND,2969,"DATA, attempt=1"
1780652084.676771,ACK_RECEIVED,2969,ACK
1780652084.6768827,SEND,2970,"DATA, attempt=1"
1780652084.6777892,ACK_RECEIVED,2970,ACK
1780652084.6779687,SEND,2971,"DATA, attempt=1"
1780652084.6785583,ACK_RECEIVED,2971,ACK
1780652084.6787555,SEND,2972,"DATA, attempt=1"
1780652084.6794474,ACK_RECEIVED,2972,ACK
1780652084.679585,SEND,2973,"DATA, attempt=1"
1780652084.6804745,ACK_RECEIVED,2973,ACK
1780652084.6806133,SEND,2974,"DATA, attempt=1"
1780652084.6815734,ACK_RECEIVED,2974,ACK
1780652084.681705,SEND,2975,"DATA, attempt=1"
1780652084.682747,ACK_RECEIVED,2975,ACK
1780652084.6829493,SEND,2976,"DATA, attempt=1"
1780652084.6835735,ACK_RECEIVED,2976,ACK
1780652084.6838398,SEND,2977,"DATA, attempt=1"
1780652084.6844182,ACK_RECEIVED,2977,ACK
1780652084.6845105,SEND,2978,"DATA, attempt=1"
1780652084.6853232,ACK_RECEIVED,2978,ACK
1780652084.6855786,SEND,2979,"DATA, attempt=1"
1780652084.6881065,ACK_RECEIVED,2979,ACK
1780652084.6885386,SEND,2980,"DATA, attempt=1"
1780652084.689638,ACK_RECEIVED,2980,ACK
1780652084.689859,SEND,2981,"DATA, attempt=1"
1780652084.690434,ACK_RECEIVED,2981,ACK
1780652084.6907027,SEND,2982,"DATA, attempt=1"
1780652084.6912222,ACK_RECEIVED,2982,ACK
1780652084.691346,SEND,2983,"DATA, attempt=1"
1780652084.6918273,ACK_RECEIVED,2983,ACK
1780652084.6919239,SEND,2984,"DATA, attempt=1"
1780652084.6927848,ACK_RECEIVED,2984,ACK
1780652084.6928737,SEND,2985,"DATA, attempt=1"
1780652084.6941218,ACK_RECEIVED,2985,ACK
1780652084.694279,SEND,2986,"DATA, attempt=1"
1780652084.6948068,ACK_RECEIVED,2986,ACK
1780652084.6949685,SEND,2987,"DATA, attempt=1"
1780652084.6956668,ACK_RECEIVED,2987,ACK
1780652084.695758,SEND,2988,"DATA, attempt=1"
1780652084.6962342,ACK_RECEIVED,2988,ACK
1780652084.6963484,SEND,2989,"DATA, attempt=1"
1780652084.6968617,ACK_RECEIVED,2989,ACK
1780652084.6969397,SEND,2990,"DATA, attempt=1"
1780652084.6974506,ACK_RECEIVED,2990,ACK
1780652084.6975873,SEND,2991,"DATA, attempt=1"
1780652084.6984384,ACK_RECEIVED,2991,ACK
1780652084.6986756,SEND,2992,"DATA, attempt=1"
1780652084.699236,ACK_RECEIVED,2992,ACK
1780652084.6993268,SEND,2993,"DATA, attempt=1"
1780652084.699827,ACK_RECEIVED,2993,ACK
1780652084.6999102,SEND,2994,"DATA, attempt=1"
1780652084.700377,ACK_RECEIVED,2994,ACK
1780652084.700513,SEND,2995,"DATA, attempt=1"
1780652084.7010345,ACK_RECEIVED,2995,ACK
1780652084.7011783,SEND,2996,"DATA, attempt=1"
1780652084.7020981,ACK_RECEIVED,2996,ACK
1780652084.7025316,SEND,2997,"DATA, attempt=1"
1780652084.7047656,ACK_RECEIVED,2997,ACK
1780652084.7056067,SEND,2998,"DATA, attempt=1"
1780652084.7065175,ACK_RECEIVED,2998,ACK
1780652084.7066185,SEND,2999,"DATA, attempt=1"
1780652084.7072861,ACK_RECEIVED,2999,ACK
1780652084.7073977,SEND,3000,"DATA, attempt=1"
1780652084.7078514,ACK_RECEIVED,3000,ACK
1780652084.708006,SEND,3001,"DATA, attempt=1"
1780652084.7085378,ACK_RECEIVED,3001,ACK
1780652084.7086887,SEND,3002,"DATA, attempt=1"
1780652084.70935,ACK_RECEIVED,3002,ACK
1780652084.7094274,SEND,3003,"DATA, attempt=1"
1780652084.7098715,ACK_RECEIVED,3003,ACK
1780652084.7100031,SEND,3004,"DATA, attempt=1"
1780652084.7110686,ACK_RECEIVED,3004,ACK
1780652084.7112203,SEND,3005,"DATA, attempt=1"
1780652084.7119217,ACK_RECEIVED,3005,ACK
1780652084.7121317,SEND,3006,"DATA, attempt=1"
1780652084.7126324,ACK_RECEIVED,3006,ACK
1780652084.7128136,SEND,3007,"DATA, attempt=1"
1780652084.7132654,ACK_RECEIVED,3007,ACK
1780652084.7133975,SEND,3008,"DATA, attempt=1"
1780652084.713843,ACK_RECEIVED,3008,ACK
1780652084.7139213,SEND,3009,"DATA, attempt=1"
1780652084.714416,ACK_RECEIVED,3009,ACK
1780652084.7145402,SEND,3010,"DATA, attempt=1"
1780652084.71499,ACK_RECEIVED,3010,ACK
1780652084.7151215,SEND,3011,"DATA, attempt=1"
1780652084.7156382,ACK_RECEIVED,3011,ACK
1780652084.715875,SEND,3012,"DATA, attempt=1"
1780652084.7168827,ACK_RECEIVED,3012,ACK
1780652084.7170079,SEND,3013,"DATA, attempt=1"
1780652084.71776,ACK_RECEIVED,3013,ACK
1780652084.7178543,SEND,3014,"DATA, attempt=1"
1780652084.7187672,ACK_RECEIVED,3014,ACK
1780652084.7188542,SEND,3015,"DATA, attempt=1"
1780652084.720187,ACK_RECEIVED,3015,ACK
1780652084.7204797,SEND,3016,"DATA, attempt=1"
1780652084.721837,ACK_RECEIVED,3016,ACK
1780652084.7220733,SEND,3017,"DATA, attempt=1"
1780652084.723422,ACK_RECEIVED,3017,ACK
1780652084.7235305,SEND,3018,"DATA, attempt=1"
1780652084.724094,ACK_RECEIVED,3018,ACK
1780652084.7241912,SEND,3019,"DATA, attempt=1"
1780652084.7246842,ACK_RECEIVED,3019,ACK
1780652084.7247863,SEND,3020,"DATA, attempt=1"
1780652084.7254732,ACK_RECEIVED,3020,ACK
1780652084.7256522,SEND,3021,"DATA, attempt=1"
1780652084.726193,ACK_RECEIVED,3021,ACK
1780652084.7263565,SEND,3022,"DATA, attempt=1"
1780652084.7268066,ACK_RECEIVED,3022,ACK
1780652084.7268884,SEND,3023,"DATA, attempt=1"
1780652084.727752,ACK_RECEIVED,3023,ACK
1780652084.7278664,SEND,3024,"DATA, attempt=1"
1780652084.7288697,ACK_RECEIVED,3024,ACK
1780652084.7289732,SEND,3025,"DATA, attempt=1"
1780652084.7296305,ACK_RECEIVED,3025,ACK
1780652084.729877,SEND,3026,"DATA, attempt=1"
1780652084.7303946,ACK_RECEIVED,3026,ACK
1780652084.7306,SEND,3027,"DATA, attempt=1"
1780652084.7310567,ACK_RECEIVED,3027,ACK
1780652084.7311447,SEND,3028,"DATA, attempt=1"
1780652084.7316043,ACK_RECEIVED,3028,ACK
1780652084.731747,SEND,3029,"DATA, attempt=1"
1780652084.7327807,ACK_RECEIVED,3029,ACK
1780652084.73288,SEND,3030,"DATA, attempt=1"
1780652084.7335203,ACK_RECEIVED,3030,ACK
1780652084.7337172,SEND,3031,"DATA, attempt=1"
1780652084.734425,ACK_RECEIVED,3031,ACK
1780652084.7347052,SEND,3032,"DATA, attempt=1"
1780652084.7359324,ACK_RECEIVED,3032,ACK
1780652084.7360885,SEND,3033,"DATA, attempt=1"
1780652084.7379634,ACK_RECEIVED,3033,ACK
1780652084.738505,SEND,3034,"DATA, attempt=1"
1780652084.7403405,ACK_RECEIVED,3034,ACK
1780652084.740456,SEND,3035,"DATA, attempt=1"
1780652084.7410834,ACK_RECEIVED,3035,ACK
1780652084.7412348,SEND,3036,"DATA, attempt=1"
1780652084.74172,ACK_RECEIVED,3036,ACK
1780652084.7420046,SEND,3037,"DATA, attempt=1"
1780652084.7425134,ACK_RECEIVED,3037,ACK
1780652084.7425966,SEND,3038,"DATA, attempt=1"
1780652084.7430727,ACK_RECEIVED,3038,ACK
1780652084.7431896,SEND,3039,"DATA, attempt=1"
1780652084.743612,ACK_RECEIVED,3039,ACK
1780652084.74368,SEND,3040,"DATA, attempt=1"
1780652084.744391,ACK_RECEIVED,3040,ACK
1780652084.7447414,SEND,3041,"DATA, attempt=1"
1780652084.745781,ACK_RECEIVED,3041,ACK
1780652084.7459958,SEND,3042,"DATA, attempt=1"
1780652084.7465136,ACK_RECEIVED,3042,ACK
1780652084.746615,SEND,3043,"DATA, attempt=1"
1780652084.7470667,ACK_RECEIVED,3043,ACK
1780652084.747149,SEND,3044,"DATA, attempt=1"
1780652084.7475905,ACK_RECEIVED,3044,ACK
1780652084.7476718,SEND,3045,"DATA, attempt=1"
1780652084.7481768,ACK_RECEIVED,3045,ACK
1780652084.7483113,SEND,3046,"DATA, attempt=1"
1780652084.7488072,ACK_RECEIVED,3046,ACK
1780652084.748989,SEND,3047,"DATA, attempt=1"
1780652084.749842,ACK_RECEIVED,3047,ACK
1780652084.749959,SEND,3048,"DATA, attempt=1"
1780652084.7511377,ACK_RECEIVED,3048,ACK
1780652084.751285,SEND,3049,"DATA, attempt=1"
1780652084.752633,ACK_RECEIVED,3049,ACK
1780652084.7528245,SEND,3050,"DATA, attempt=1"
1780652084.755167,ACK_RECEIVED,3050,ACK
1780652084.755486,SEND,3051,"DATA, attempt=1"
1780652084.7569633,ACK_RECEIVED,3051,ACK
1780652084.757198,SEND,3052,"DATA, attempt=1"
1780652084.7578251,ACK_RECEIVED,3052,ACK
1780652084.7579136,SEND,3053,"DATA, attempt=1"
1780652084.7584271,ACK_RECEIVED,3053,ACK
1780652084.7585013,SEND,3054,"DATA, attempt=1"
1780652084.7589827,ACK_RECEIVED,3054,ACK
1780652084.7590616,SEND,3055,"DATA, attempt=1"
1780652084.75964,ACK_RECEIVED,3055,ACK
1780652084.7598495,SEND,3056,"DATA, attempt=1"
1780652084.7606218,ACK_RECEIVED,3056,ACK
1780652084.7609816,SEND,3057,"DATA, attempt=1"
1780652084.7622313,ACK_RECEIVED,3057,ACK
1780652084.7624028,SEND,3058,"DATA, attempt=1"
1780652084.763374,ACK_RECEIVED,3058,ACK
1780652084.7635102,SEND,3059,"DATA, attempt=1"
1780652084.7643578,ACK_RECEIVED,3059,ACK
1780652084.7644758,SEND,3060,"DATA, attempt=1"
1780652084.7651775,ACK_RECEIVED,3060,ACK
1780652084.765358,SEND,3061,"DATA, attempt=1"
1780652084.7660918,ACK_RECEIVED,3061,ACK
1780652084.7663324,SEND,3062,"DATA, attempt=1"
1780652084.7674265,ACK_RECEIVED,3062,ACK
1780652084.7675204,SEND,3063,"DATA, attempt=1"
1780652084.7684984,ACK_RECEIVED,3063,ACK
1780652084.7686548,SEND,3064,"DATA, attempt=1"
1780652084.7707536,ACK_RECEIVED,3064,ACK
1780652084.7709467,SEND,3065,"DATA, attempt=1"
1780652084.7725968,ACK_RECEIVED,3065,ACK
1780652084.7730863,SEND,3066,"DATA, attempt=1"
1780652084.7742712,ACK_RECEIVED,3066,ACK
1780652084.7745135,SEND,3067,"DATA, attempt=1"
1780652084.775281,ACK_RECEIVED,3067,ACK
1780652084.7753918,SEND,3068,"DATA, attempt=1"
1780652084.7766972,ACK_RECEIVED,3068,ACK
1780652084.7767782,SEND,3069,"DATA, attempt=1"
1780652084.777575,ACK_RECEIVED,3069,ACK
1780652084.7776954,SEND,3070,"DATA, attempt=1"
1780652084.7786088,ACK_RECEIVED,3070,ACK
1780652084.778954,SEND,3071,"DATA, attempt=1"
1780652084.7799969,ACK_RECEIVED,3071,ACK
1780652084.780266,SEND,3072,"DATA, attempt=1"
1780652084.7808526,ACK_RECEIVED,3072,ACK
1780652084.7812264,SEND,3073,"DATA, attempt=1"
1780652084.7821927,ACK_RECEIVED,3073,ACK
1780652084.7822986,SEND,3074,"DATA, attempt=1"
1780652084.7830465,ACK_RECEIVED,3074,ACK
1780652084.7831771,SEND,3075,"DATA, attempt=1"
1780652084.7838705,ACK_RECEIVED,3075,ACK
1780652084.7840948,SEND,3076,"DATA, attempt=1"
1780652084.78526,ACK_RECEIVED,3076,ACK
1780652084.7855287,SEND,3077,"DATA, attempt=1"
1780652084.7870686,ACK_RECEIVED,3077,ACK
1780652084.7872515,SEND,3078,"DATA, attempt=1"
1780652084.7892616,ACK_RECEIVED,3078,ACK
1780652084.7897542,SEND,3079,"DATA, attempt=1"
1780652084.7909834,ACK_RECEIVED,3079,ACK
1780652084.7911441,SEND,3080,"DATA, attempt=1"
1780652084.7918606,ACK_RECEIVED,3080,ACK
1780652084.7922192,SEND,3081,"DATA, attempt=1"
1780652084.7928233,ACK_RECEIVED,3081,ACK
1780652084.7929857,SEND,3082,"DATA, attempt=1"
1780652084.793458,ACK_RECEIVED,3082,ACK
1780652084.793531,SEND,3083,"DATA, attempt=1"
1780652084.79405,ACK_RECEIVED,3083,ACK
1780652084.7941475,SEND,3084,"DATA, attempt=1"
1780652084.795158,ACK_RECEIVED,3084,ACK
1780652084.795325,SEND,3085,"DATA, attempt=1"
1780652084.7965224,ACK_RECEIVED,3085,ACK
1780652084.7967215,SEND,3086,"DATA, attempt=1"
1780652084.797298,ACK_RECEIVED,3086,ACK
1780652084.797513,SEND,3087,"DATA, attempt=1"
1780652084.797949,ACK_RECEIVED,3087,ACK
1780652084.798074,SEND,3088,"DATA, attempt=1"
1780652084.7985134,ACK_RECEIVED,3088,ACK
1780652084.798597,SEND,3089,"DATA, attempt=1"
1780652084.7991302,ACK_RECEIVED,3089,ACK
1780652084.7992325,SEND,3090,"DATA, attempt=1"
1780652084.799697,ACK_RECEIVED,3090,ACK
1780652084.7998405,SEND,3091,"DATA, attempt=1"
1780652084.801121,ACK_RECEIVED,3091,ACK
1780652084.801306,SEND,3092,"DATA, attempt=1"
1780652084.8020585,ACK_RECEIVED,3092,ACK
1780652084.80279,SEND,3093,"DATA, attempt=1"
1780652084.804088,ACK_RECEIVED,3093,ACK
1780652084.8044796,SEND,3094,"DATA, attempt=1"
1780652084.8055809,ACK_RECEIVED,3094,ACK
1780652084.8057747,SEND,3095,"DATA, attempt=1"
1780652084.8070347,ACK_RECEIVED,3095,ACK
1780652084.807229,SEND,3096,"DATA, attempt=1"
1780652084.8079963,ACK_RECEIVED,3096,ACK
1780652084.8082106,SEND,3097,"DATA, attempt=1"
1780652084.8087673,ACK_RECEIVED,3097,ACK
1780652084.8088386,SEND,3098,"DATA, attempt=1"
1780652084.809435,ACK_RECEIVED,3098,ACK
1780652084.8095553,SEND,3099,"DATA, attempt=1"
1780652084.8100827,ACK_RECEIVED,3099,ACK
1780652084.8101575,SEND,3100,"DATA, attempt=1"
1780652084.810634,ACK_RECEIVED,3100,ACK
1780652084.8108556,SEND,3101,"DATA, attempt=1"
1780652084.8117273,ACK_RECEIVED,3101,ACK
1780652084.8119292,SEND,3102,"DATA, attempt=1"
1780652084.8124144,ACK_RECEIVED,3102,ACK
1780652084.8125072,SEND,3103,"DATA, attempt=1"
1780652084.8129563,ACK_RECEIVED,3103,ACK
1780652084.8130767,SEND,3104,"DATA, attempt=1"
1780652084.8137515,ACK_RECEIVED,3104,ACK
1780652084.814024,SEND,3105,"DATA, attempt=1"
1780652084.8149457,ACK_RECEIVED,3105,ACK
1780652084.815157,SEND,3106,"DATA, attempt=1"
1780652084.8156755,ACK_RECEIVED,3106,ACK
1780652084.815863,SEND,3107,"DATA, attempt=1"
1780652084.8166156,ACK_RECEIVED,3107,ACK
1780652084.816703,SEND,3108,"DATA, attempt=1"
1780652084.8172052,ACK_RECEIVED,3108,ACK
1780652084.8173325,SEND,3109,"DATA, attempt=1"
1780652084.8182445,ACK_RECEIVED,3109,ACK
1780652084.818323,SEND,3110,"DATA, attempt=1"
1780652084.8206487,ACK_RECEIVED,3110,ACK
1780652084.8210077,SEND,3111,"DATA, attempt=1"
1780652084.8226655,ACK_RECEIVED,3111,ACK
1780652084.8228848,SEND,3112,"DATA, attempt=1"
1780652084.8234234,ACK_RECEIVED,3112,ACK
1780652084.8235247,SEND,3113,"DATA, attempt=1"
1780652084.8240438,ACK_RECEIVED,3113,ACK
1780652084.824131,SEND,3114,"DATA, attempt=1"
1780652084.824659,ACK_RECEIVED,3114,ACK
1780652084.824779,SEND,3115,"DATA, attempt=1"
1780652084.8255122,ACK_RECEIVED,3115,ACK
1780652084.825663,SEND,3116,"DATA, attempt=1"
1780652084.8261793,ACK_RECEIVED,3116,ACK
1780652084.8263593,SEND,3117,"DATA, attempt=1"
1780652084.826867,ACK_RECEIVED,3117,ACK
1780652084.827006,SEND,3118,"DATA, attempt=1"
1780652084.8275347,ACK_RECEIVED,3118,ACK
1780652084.8276215,SEND,3119,"DATA, attempt=1"
1780652084.828338,ACK_RECEIVED,3119,ACK
1780652084.8285978,SEND,3120,"DATA, attempt=1"
1780652084.829467,ACK_RECEIVED,3120,ACK
1780652084.8296797,SEND,3121,"DATA, attempt=1"
1780652084.8305042,ACK_RECEIVED,3121,ACK
1780652084.8306785,SEND,3122,"DATA, attempt=1"
1780652084.831166,ACK_RECEIVED,3122,ACK
1780652084.8312533,SEND,3123,"DATA, attempt=1"
1780652084.8317356,ACK_RECEIVED,3123,ACK
1780652084.8318093,SEND,3124,"DATA, attempt=1"
1780652084.8322988,ACK_RECEIVED,3124,ACK
1780652084.8323789,SEND,3125,"DATA, attempt=1"
1780652084.832886,ACK_RECEIVED,3125,ACK
1780652084.833029,SEND,3126,"DATA, attempt=1"
1780652084.833819,ACK_RECEIVED,3126,ACK
1780652084.834049,SEND,3127,"DATA, attempt=1"
1780652084.8353357,ACK_RECEIVED,3127,ACK
1780652084.8354566,SEND,3128,"DATA, attempt=1"
1780652084.8373144,ACK_RECEIVED,3128,ACK
1780652084.8374639,SEND,3129,"DATA, attempt=1"
1780652084.8388746,ACK_RECEIVED,3129,ACK
1780652084.8391373,SEND,3130,"DATA, attempt=1"
1780652084.8405516,ACK_RECEIVED,3130,ACK
1780652084.8407457,SEND,3131,"DATA, attempt=1"
1780652084.8413515,ACK_RECEIVED,3131,ACK
1780652084.8415158,SEND,3132,"DATA, attempt=1"
1780652084.8423896,ACK_RECEIVED,3132,ACK
1780652084.8424983,SEND,3133,"DATA, attempt=1"
1780652084.8433177,ACK_RECEIVED,3133,ACK
1780652084.843455,SEND,3134,"DATA, attempt=1"
1780652084.8439646,ACK_RECEIVED,3134,ACK
1780652084.8440862,SEND,3135,"DATA, attempt=1"
1780652084.844964,ACK_RECEIVED,3135,ACK
1780652084.8451319,SEND,3136,"DATA, attempt=1"
1780652084.8456619,ACK_RECEIVED,3136,ACK
1780652084.8458252,SEND,3137,"DATA, attempt=1"
1780652084.846349,ACK_RECEIVED,3137,ACK
1780652084.8464177,SEND,3138,"DATA, attempt=1"
1780652084.8468888,ACK_RECEIVED,3138,ACK
1780652084.8469648,SEND,3139,"DATA, attempt=1"
1780652084.847467,ACK_RECEIVED,3139,ACK
1780652084.8475688,SEND,3140,"DATA, attempt=1"
1780652084.848042,ACK_RECEIVED,3140,ACK
1780652084.848211,SEND,3141,"DATA, attempt=1"
1780652084.8491533,ACK_RECEIVED,3141,ACK
1780652084.8497055,SEND,3142,"DATA, attempt=1"
1780652084.8507802,ACK_RECEIVED,3142,ACK
1780652084.8508904,SEND,3143,"DATA, attempt=1"
1780652084.8516781,ACK_RECEIVED,3143,ACK
1780652084.8518138,SEND,3144,"DATA, attempt=1"
1780652084.8530445,ACK_RECEIVED,3144,ACK
1780652084.853288,SEND,3145,"DATA, attempt=1"
1780652084.8546822,ACK_RECEIVED,3145,ACK
1780652084.8549092,SEND,3146,"DATA, attempt=1"
1780652084.856444,ACK_RECEIVED,3146,ACK
1780652084.8567064,SEND,3147,"DATA, attempt=1"
1780652084.8573322,ACK_RECEIVED,3147,ACK
1780652084.8574355,SEND,3148,"DATA, attempt=1"
1780652084.8581166,ACK_RECEIVED,3148,ACK
1780652084.858239,SEND,3149,"DATA, attempt=1"
1780652084.858781,ACK_RECEIVED,3149,ACK
1780652084.8589082,SEND,3150,"DATA, attempt=1"
1780652084.8593943,ACK_RECEIVED,3150,ACK
1780652084.8595765,SEND,3151,"DATA, attempt=1"
1780652084.860023,ACK_RECEIVED,3151,ACK
1780652084.8601775,SEND,3152,"DATA, attempt=1"
1780652084.8609707,ACK_RECEIVED,3152,ACK
1780652084.8610547,SEND,3153,"DATA, attempt=1"
1780652084.8618321,ACK_RECEIVED,3153,ACK
1780652084.8620148,SEND,3154,"DATA, attempt=1"
1780652084.8630004,ACK_RECEIVED,3154,ACK
1780652084.8631225,SEND,3155,"DATA, attempt=1"
1780652084.8636296,ACK_RECEIVED,3155,ACK
1780652084.8637676,SEND,3156,"DATA, attempt=1"
1780652084.8642502,ACK_RECEIVED,3156,ACK
1780652084.8644052,SEND,3157,"DATA, attempt=1"
1780652084.8649588,ACK_RECEIVED,3157,ACK
1780652084.8650484,SEND,3158,"DATA, attempt=1"
1780652084.866441,ACK_RECEIVED,3158,ACK
1780652084.8665533,SEND,3159,"DATA, attempt=1"
1780652084.8671002,ACK_RECEIVED,3159,ACK
1780652084.8672307,SEND,3160,"DATA, attempt=1"
1780652084.8684516,ACK_RECEIVED,3160,ACK
1780652084.8686237,SEND,3161,"DATA, attempt=1"
1780652084.8706694,ACK_RECEIVED,3161,ACK
1780652084.8711913,SEND,3162,"DATA, attempt=1"
1780652084.8727703,ACK_RECEIVED,3162,ACK
1780652084.8729274,SEND,3163,"DATA, attempt=1"
1780652084.8742158,ACK_RECEIVED,3163,ACK
1780652084.8743203,SEND,3164,"DATA, attempt=1"
1780652084.8749251,ACK_RECEIVED,3164,ACK
1780652084.875021,SEND,3165,"DATA, attempt=1"
1780652084.87554,ACK_RECEIVED,3165,ACK
1780652084.875679,SEND,3166,"DATA, attempt=1"
1780652084.8764472,ACK_RECEIVED,3166,ACK
1780652084.8766468,SEND,3167,"DATA, attempt=1"
1780652084.8771334,ACK_RECEIVED,3167,ACK
1780652084.877245,SEND,3168,"DATA, attempt=1"
1780652084.8777013,ACK_RECEIVED,3168,ACK
1780652084.877786,SEND,3169,"DATA, attempt=1"
1780652084.8783073,ACK_RECEIVED,3169,ACK
1780652084.878406,SEND,3170,"DATA, attempt=1"
1780652084.8788576,ACK_RECEIVED,3170,ACK
1780652084.8790083,SEND,3171,"DATA, attempt=1"
1780652084.879728,ACK_RECEIVED,3171,ACK
1780652084.8803024,SEND,3172,"DATA, attempt=1"
1780652084.8810701,ACK_RECEIVED,3172,ACK
1780652084.8811574,SEND,3173,"DATA, attempt=1"
1780652084.8820572,ACK_RECEIVED,3173,ACK
1780652084.8822558,SEND,3174,"DATA, attempt=1"
1780652084.8829045,ACK_RECEIVED,3174,ACK
1780652084.883005,SEND,3175,"DATA, attempt=1"
1780652084.8835578,ACK_RECEIVED,3175,ACK
1780652084.883727,SEND,3176,"DATA, attempt=1"
1780652084.8841622,ACK_RECEIVED,3176,ACK
1780652084.8843133,SEND,3177,"DATA, attempt=1"
1780652084.885061,ACK_RECEIVED,3177,ACK
1780652084.8853016,SEND,3178,"DATA, attempt=1"
1780652084.8871615,ACK_RECEIVED,3178,ACK
1780652084.887371,SEND,3179,"DATA, attempt=1"
1780652084.8893158,ACK_RECEIVED,3179,ACK
1780652084.8894854,SEND,3180,"DATA, attempt=1"
1780652084.8902414,ACK_RECEIVED,3180,ACK
1780652084.8903837,SEND,3181,"DATA, attempt=1"
1780652084.8909175,ACK_RECEIVED,3181,ACK
1780652084.8910816,SEND,3182,"DATA, attempt=1"
1780652084.8915722,ACK_RECEIVED,3182,ACK
1780652084.8916497,SEND,3183,"DATA, attempt=1"
1780652084.893029,ACK_RECEIVED,3183,ACK
1780652084.8932714,SEND,3184,"DATA, attempt=1"
1780652084.8940504,ACK_RECEIVED,3184,ACK
1780652084.8941827,SEND,3185,"DATA, attempt=1"
1780652084.8948693,ACK_RECEIVED,3185,ACK
1780652084.8950424,SEND,3186,"DATA, attempt=1"
1780652084.8959396,ACK_RECEIVED,3186,ACK
1780652084.8961349,SEND,3187,"DATA, attempt=1"
1780652084.896839,ACK_RECEIVED,3187,ACK
1780652084.8969524,SEND,3188,"DATA, attempt=1"
1780652084.8975182,ACK_RECEIVED,3188,ACK
1780652084.8976133,SEND,3189,"DATA, attempt=1"
1780652084.8981981,ACK_RECEIVED,3189,ACK
1780652084.8982852,SEND,3190,"DATA, attempt=1"
1780652084.899171,ACK_RECEIVED,3190,ACK
1780652084.8993943,SEND,3191,"DATA, attempt=1"
1780652084.9001894,ACK_RECEIVED,3191,ACK
1780652084.9003973,SEND,3192,"DATA, attempt=1"
1780652084.900905,ACK_RECEIVED,3192,ACK
1780652084.9010117,SEND,3193,"DATA, attempt=1"
1780652084.9020727,ACK_RECEIVED,3193,ACK
1780652084.9021678,SEND,3194,"DATA, attempt=1"
1780652084.9033759,ACK_RECEIVED,3194,ACK
1780652084.9041228,SEND,3195,"DATA, attempt=1"
1780652084.9061465,ACK_RECEIVED,3195,ACK
1780652084.9063332,SEND,3196,"DATA, attempt=1"
1780652084.9070442,ACK_RECEIVED,3196,ACK
1780652084.9072883,SEND,3197,"DATA, attempt=1"
1780652084.9079247,ACK_RECEIVED,3197,ACK
1780652084.9080355,SEND,3198,"DATA, attempt=1"
1780652084.908491,ACK_RECEIVED,3198,ACK
1780652084.908584,SEND,3199,"DATA, attempt=1"
1780652084.9090173,ACK_RECEIVED,3199,ACK
1780652084.9091313,SEND,3200,"DATA, attempt=1"
1780652084.909902,ACK_RECEIVED,3200,ACK
1780652084.9101658,SEND,3201,"DATA, attempt=1"
1780652084.9109726,ACK_RECEIVED,3201,ACK
1780652084.9112358,SEND,3202,"DATA, attempt=1"
1780652084.9118807,ACK_RECEIVED,3202,ACK
1780652084.9119751,SEND,3203,"DATA, attempt=1"
1780652084.9125261,ACK_RECEIVED,3203,ACK
1780652084.9126453,SEND,3204,"DATA, attempt=1"
1780652084.9131043,ACK_RECEIVED,3204,ACK
1780652084.9132206,SEND,3205,"DATA, attempt=1"
1780652084.9137065,ACK_RECEIVED,3205,ACK
1780652084.9139078,SEND,3206,"DATA, attempt=1"
1780652084.9147863,ACK_RECEIVED,3206,ACK
1780652084.914945,SEND,3207,"DATA, attempt=1"
1780652084.9154174,ACK_RECEIVED,3207,ACK
1780652084.9155521,SEND,3208,"DATA, attempt=1"
1780652084.9160323,ACK_RECEIVED,3208,ACK
1780652084.9161594,SEND,3209,"DATA, attempt=1"
1780652084.9166906,ACK_RECEIVED,3209,ACK
1780652084.916769,SEND,3210,"DATA, attempt=1"
1780652084.917759,ACK_RECEIVED,3210,ACK
1780652084.917952,SEND,3211,"DATA, attempt=1"
1780652084.9192202,ACK_RECEIVED,3211,ACK
1780652084.919738,SEND,3212,"DATA, attempt=1"
1780652084.9209373,ACK_RECEIVED,3212,ACK
1780652084.9211433,SEND,3213,"DATA, attempt=1"
1780652084.9225507,ACK_RECEIVED,3213,ACK
1780652084.9226804,SEND,3214,"DATA, attempt=1"
1780652084.9234679,ACK_RECEIVED,3214,ACK
1780652084.9237728,SEND,3215,"DATA, attempt=1"
1780652084.924874,ACK_RECEIVED,3215,ACK
1780652084.9250758,SEND,3216,"DATA, attempt=1"
1780652084.9256942,ACK_RECEIVED,3216,ACK
1780652084.9258566,SEND,3217,"DATA, attempt=1"
1780652084.9264195,ACK_RECEIVED,3217,ACK
1780652084.9265227,SEND,3218,"DATA, attempt=1"
1780652084.9269993,ACK_RECEIVED,3218,ACK
1780652084.927082,SEND,3219,"DATA, attempt=1"
1780652084.9275165,ACK_RECEIVED,3219,ACK
1780652084.9276516,SEND,3220,"DATA, attempt=1"
1780652084.9281528,ACK_RECEIVED,3220,ACK
1780652084.928316,SEND,3221,"DATA, attempt=1"
1780652084.929406,ACK_RECEIVED,3221,ACK
1780652084.9296062,SEND,3222,"DATA, attempt=1"
1780652084.9301715,ACK_RECEIVED,3222,ACK
1780652084.930256,SEND,3223,"DATA, attempt=1"
1780652084.9311204,ACK_RECEIVED,3223,ACK
1780652084.931234,SEND,3224,"DATA, attempt=1"
1780652084.9317536,ACK_RECEIVED,3224,ACK
1780652084.9318912,SEND,3225,"DATA, attempt=1"
1780652084.932407,ACK_RECEIVED,3225,ACK
1780652084.9325497,SEND,3226,"DATA, attempt=1"
1780652084.9329855,ACK_RECEIVED,3226,ACK
1780652084.9331782,SEND,3227,"DATA, attempt=1"
1780652084.9336812,ACK_RECEIVED,3227,ACK
1780652084.933761,SEND,3228,"DATA, attempt=1"
1780652084.9345207,ACK_RECEIVED,3228,ACK
1780652084.9350288,SEND,3229,"DATA, attempt=1"
1780652084.9373322,ACK_RECEIVED,3229,ACK
1780652084.9374645,SEND,3230,"DATA, attempt=1"
1780652084.938676,ACK_RECEIVED,3230,ACK
1780652084.9391134,SEND,3231,"DATA, attempt=1"
1780652084.9398854,ACK_RECEIVED,3231,ACK
1780652084.940115,SEND,3232,"DATA, attempt=1"
1780652084.9411476,ACK_RECEIVED,3232,ACK
1780652084.9412658,SEND,3233,"DATA, attempt=1"
1780652084.941917,ACK_RECEIVED,3233,ACK
1780652084.9420128,SEND,3234,"DATA, attempt=1"
1780652084.9425206,ACK_RECEIVED,3234,ACK
1780652084.942618,SEND,3235,"DATA, attempt=1"
1780652084.9431,ACK_RECEIVED,3235,ACK
1780652084.9432883,SEND,3236,"DATA, attempt=1"
1780652084.9437287,ACK_RECEIVED,3236,ACK
1780652084.9439301,SEND,3237,"DATA, attempt=1"
1780652084.9444828,ACK_RECEIVED,3237,ACK
1780652084.9445593,SEND,3238,"DATA, attempt=1"
1780652084.944996,ACK_RECEIVED,3238,ACK
1780652084.945096,SEND,3239,"DATA, attempt=1"
1780652084.946009,ACK_RECEIVED,3239,ACK
1780652084.9463782,SEND,3240,"DATA, attempt=1"
1780652084.9476452,ACK_RECEIVED,3240,ACK
1780652084.9478233,SEND,3241,"DATA, attempt=1"
1780652084.948673,ACK_RECEIVED,3241,ACK
1780652084.948867,SEND,3242,"DATA, attempt=1"
1780652084.949475,ACK_RECEIVED,3242,ACK
1780652084.9496024,SEND,3243,"DATA, attempt=1"
1780652084.9503074,ACK_RECEIVED,3243,ACK
1780652084.9505115,SEND,3244,"DATA, attempt=1"
1780652084.951086,ACK_RECEIVED,3244,ACK
1780652084.9511826,SEND,3245,"DATA, attempt=1"
1780652084.953124,ACK_RECEIVED,3245,ACK
1780652084.9534519,SEND,3246,"DATA, attempt=1"
1780652084.9548044,ACK_RECEIVED,3246,ACK
1780652084.955134,SEND,3247,"DATA, attempt=1"
1780652084.9563177,ACK_RECEIVED,3247,ACK
1780652084.9566565,SEND,3248,"DATA, attempt=1"
1780652084.9573066,ACK_RECEIVED,3248,ACK
1780652084.9573984,SEND,3249,"DATA, attempt=1"
1780652084.9579535,ACK_RECEIVED,3249,ACK
1780652084.958096,SEND,3250,"DATA, attempt=1"
1780652084.9585621,ACK_RECEIVED,3250,ACK
1780652084.9587486,SEND,3251,"DATA, attempt=1"
1780652084.9591808,ACK_RECEIVED,3251,ACK
1780652084.9593382,SEND,3252,"DATA, attempt=1"
1780652084.9598053,ACK_RECEIVED,3252,ACK
1780652084.959958,SEND,3253,"DATA, attempt=1"
1780652084.9610515,ACK_RECEIVED,3253,ACK
1780652084.9612908,SEND,3254,"DATA, attempt=1"
1780652084.9618917,ACK_RECEIVED,3254,ACK
1780652084.9620001,SEND,3255,"DATA, attempt=1"
1780652084.9625256,ACK_RECEIVED,3255,ACK
1780652084.9626873,SEND,3256,"DATA, attempt=1"
1780652084.963428,ACK_RECEIVED,3256,ACK
1780652084.963676,SEND,3257,"DATA, attempt=1"
1780652084.964317,ACK_RECEIVED,3257,ACK
1780652084.9644067,SEND,3258,"DATA, attempt=1"
1780652084.9648688,ACK_RECEIVED,3258,ACK
1780652084.964994,SEND,3259,"DATA, attempt=1"
1780652084.9657192,ACK_RECEIVED,3259,ACK
1780652084.9658608,SEND,3260,"DATA, attempt=1"
1780652084.966893,ACK_RECEIVED,3260,ACK
1780652084.9671028,SEND,3261,"DATA, attempt=1"
1780652084.9677382,ACK_RECEIVED,3261,ACK
1780652084.9680207,SEND,3262,"DATA, attempt=1"
1780652084.9687123,ACK_RECEIVED,3262,ACK
1780652084.9696183,SEND,3263,"DATA, attempt=1"
1780652084.9725013,ACK_RECEIVED,3263,ACK
1780652084.9731114,SEND,3264,"DATA, attempt=1"
1780652084.974225,ACK_RECEIVED,3264,ACK
1780652084.9751422,SEND,3265,"DATA, attempt=1"
1780652084.9782236,ACK_RECEIVED,3265,ACK
1780652084.9785633,SEND,3266,"DATA, attempt=1"
1780652084.980112,ACK_RECEIVED,3266,ACK
1780652084.9804192,SEND,3267,"DATA, attempt=1"
1780652084.98112,ACK_RECEIVED,3267,ACK
1780652084.9813437,SEND,3268,"DATA, attempt=1"
1780652084.9828427,ACK_RECEIVED,3268,ACK
1780652084.983371,SEND,3269,"DATA, attempt=1"
1780652084.9841774,ACK_RECEIVED,3269,ACK
1780652084.985264,SEND,3270,"DATA, attempt=1"
1780652084.988662,ACK_RECEIVED,3270,ACK
1780652084.9889717,SEND,3271,"DATA, attempt=1"
1780652084.9898455,ACK_RECEIVED,3271,ACK
1780652084.9902291,SEND,3272,"DATA, attempt=1"
1780652084.9910362,ACK_RECEIVED,3272,ACK
1780652084.991109,SEND,3273,"DATA, attempt=1"
1780652084.9919262,ACK_RECEIVED,3273,ACK
1780652084.9920037,SEND,3274,"DATA, attempt=1"
1780652084.9927797,ACK_RECEIVED,3274,ACK
1780652084.9928493,SEND,3275,"DATA, attempt=1"
1780652084.9947295,ACK_RECEIVED,3275,ACK
1780652084.9950283,SEND,3276,"DATA, attempt=1"
1780652084.9960344,ACK_RECEIVED,3276,ACK
1780652084.996192,SEND,3277,"DATA, attempt=1"
1780652084.9969144,ACK_RECEIVED,3277,ACK
1780652084.9971042,SEND,3278,"DATA, attempt=1"
1780652084.9978588,ACK_RECEIVED,3278,ACK
1780652084.9979348,SEND,3279,"DATA, attempt=1"
1780652084.9986591,ACK_RECEIVED,3279,ACK
1780652084.9988189,SEND,3280,"DATA, attempt=1"
1780652085.0003688,ACK_RECEIVED,3280,ACK
1780652085.0010178,SEND,3281,"DATA, attempt=1"
1780652085.0025969,ACK_RECEIVED,3281,ACK
1780652085.0030146,SEND,3282,"DATA, attempt=1"
1780652085.0041008,ACK_RECEIVED,3282,ACK
1780652085.0044494,SEND,3283,"DATA, attempt=1"
1780652085.0056238,ACK_RECEIVED,3283,ACK
1780652085.005941,SEND,3284,"DATA, attempt=1"
1780652085.0073504,ACK_RECEIVED,3284,ACK
1780652085.007465,SEND,3285,"DATA, attempt=1"
1780652085.0081553,ACK_RECEIVED,3285,ACK
1780652085.0083492,SEND,3286,"DATA, attempt=1"
1780652085.00886,ACK_RECEIVED,3286,ACK
1780652085.0090344,SEND,3287,"DATA, attempt=1"
1780652085.0096962,ACK_RECEIVED,3287,ACK
1780652085.0098212,SEND,3288,"DATA, attempt=1"
1780652085.010259,ACK_RECEIVED,3288,ACK
1780652085.0103636,SEND,3289,"DATA, attempt=1"
1780652085.010834,ACK_RECEIVED,3289,ACK
1780652085.0109932,SEND,3290,"DATA, attempt=1"
1780652085.011758,ACK_RECEIVED,3290,ACK
1780652085.012074,SEND,3291,"DATA, attempt=1"
1780652085.0135977,ACK_RECEIVED,3291,ACK
1780652085.0138538,SEND,3292,"DATA, attempt=1"
1780652085.0145645,ACK_RECEIVED,3292,ACK
1780652085.01481,SEND,3293,"DATA, attempt=1"
1780652085.0155115,ACK_RECEIVED,3293,ACK
1780652085.0155952,SEND,3294,"DATA, attempt=1"
1780652085.016701,ACK_RECEIVED,3294,ACK
1780652085.0169299,SEND,3295,"DATA, attempt=1"
1780652085.0176713,ACK_RECEIVED,3295,ACK
1780652085.0179584,SEND,3296,"DATA, attempt=1"
1780652085.018866,ACK_RECEIVED,3296,ACK
1780652085.0190892,SEND,3297,"DATA, attempt=1"
1780652085.0209875,ACK_RECEIVED,3297,ACK
1780652085.0213096,SEND,3298,"DATA, attempt=1"
1780652085.022636,ACK_RECEIVED,3298,ACK
1780652085.0229125,SEND,3299,"DATA, attempt=1"
1780652085.024465,ACK_RECEIVED,3299,ACK
1780652085.024656,SEND,3300,"DATA, attempt=1"
1780652085.0256004,ACK_RECEIVED,3300,ACK
1780652085.025811,SEND,3301,"DATA, attempt=1"
1780652085.02656,ACK_RECEIVED,3301,ACK
1780652085.0267708,SEND,3302,"DATA, attempt=1"
1780652085.0273416,ACK_RECEIVED,3302,ACK
1780652085.0274115,SEND,3303,"DATA, attempt=1"
1780652085.0278637,ACK_RECEIVED,3303,ACK
1780652085.0279806,SEND,3304,"DATA, attempt=1"
1780652085.029131,ACK_RECEIVED,3304,ACK
1780652085.0292628,SEND,3305,"DATA, attempt=1"
1780652085.0299482,ACK_RECEIVED,3305,ACK
1780652085.0300992,SEND,3306,"DATA, attempt=1"
1780652085.0308533,ACK_RECEIVED,3306,ACK
1780652085.0310657,SEND,3307,"DATA, attempt=1"
1780652085.0316503,ACK_RECEIVED,3307,ACK
1780652085.0317338,SEND,3308,"DATA, attempt=1"
1780652085.0322125,ACK_RECEIVED,3308,ACK
1780652085.032311,SEND,3309,"DATA, attempt=1"
1780652085.0328124,ACK_RECEIVED,3309,ACK
1780652085.0328963,SEND,3310,"DATA, attempt=1"
1780652085.033557,ACK_RECEIVED,3310,ACK
1780652085.0337481,SEND,3311,"DATA, attempt=1"
1780652085.0343177,ACK_RECEIVED,3311,ACK
1780652085.0345018,SEND,3312,"DATA, attempt=1"
1780652085.0354254,ACK_RECEIVED,3312,ACK
1780652085.0355203,SEND,3313,"DATA, attempt=1"
1780652085.0376844,ACK_RECEIVED,3313,ACK
1780652085.0377903,SEND,3314,"DATA, attempt=1"
1780652085.0392423,ACK_RECEIVED,3314,ACK
1780652085.0394518,SEND,3315,"DATA, attempt=1"
1780652085.040101,ACK_RECEIVED,3315,ACK
1780652085.040282,SEND,3316,"DATA, attempt=1"
1780652085.040822,ACK_RECEIVED,3316,ACK
1780652085.0410078,SEND,3317,"DATA, attempt=1"
1780652085.0416873,ACK_RECEIVED,3317,ACK
1780652085.0417883,SEND,3318,"DATA, attempt=1"
1780652085.042561,ACK_RECEIVED,3318,ACK
1780652085.0426762,SEND,3319,"DATA, attempt=1"
1780652085.04338,ACK_RECEIVED,3319,ACK
1780652085.0434556,SEND,3320,"DATA, attempt=1"
1780652085.0439389,ACK_RECEIVED,3320,ACK
1780652085.0441544,SEND,3321,"DATA, attempt=1"
1780652085.045089,ACK_RECEIVED,3321,ACK
1780652085.045311,SEND,3322,"DATA, attempt=1"
1780652085.0461588,ACK_RECEIVED,3322,ACK
1780652085.0462854,SEND,3323,"DATA, attempt=1"
1780652085.0467744,ACK_RECEIVED,3323,ACK
1780652085.046895,SEND,3324,"DATA, attempt=1"
1780652085.0473578,ACK_RECEIVED,3324,ACK
1780652085.0474637,SEND,3325,"DATA, attempt=1"
1780652085.0480218,ACK_RECEIVED,3325,ACK
1780652085.0482233,SEND,3326,"DATA, attempt=1"
1780652085.048847,ACK_RECEIVED,3326,ACK
1780652085.0490372,SEND,3327,"DATA, attempt=1"
1780652085.049629,ACK_RECEIVED,3327,ACK
1780652085.0497448,SEND,3328,"DATA, attempt=1"
1780652085.0502317,ACK_RECEIVED,3328,ACK
1780652085.050372,SEND,3329,"DATA, attempt=1"
1780652085.0509756,ACK_RECEIVED,3329,ACK
1780652085.051046,SEND,3330,"DATA, attempt=1"
1780652085.0518925,ACK_RECEIVED,3330,ACK
1780652085.0520618,SEND,3331,"DATA, attempt=1"
1780652085.0536323,ACK_RECEIVED,3331,ACK
1780652085.0540266,SEND,3332,"DATA, attempt=1"
1780652085.0557537,ACK_RECEIVED,3332,ACK
1780652085.055866,SEND,3333,"DATA, attempt=1"
1780652085.056524,ACK_RECEIVED,3333,ACK
1780652085.0566168,SEND,3334,"DATA, attempt=1"
1780652085.0572033,ACK_RECEIVED,3334,ACK
1780652085.0572984,SEND,3335,"DATA, attempt=1"
1780652085.057774,ACK_RECEIVED,3335,ACK
1780652085.05796,SEND,3336,"DATA, attempt=1"
1780652085.058534,ACK_RECEIVED,3336,ACK
1780652085.0586698,SEND,3337,"DATA, attempt=1"
1780652085.059284,ACK_RECEIVED,3337,ACK
1780652085.0594387,SEND,3338,"DATA, attempt=1"
1780652085.0600786,ACK_RECEIVED,3338,ACK
1780652085.060173,SEND,3339,"DATA, attempt=1"
1780652085.0613441,ACK_RECEIVED,3339,ACK
1780652085.061517,SEND,3340,"DATA, attempt=1"
1780652085.0621147,ACK_RECEIVED,3340,ACK
1780652085.0623004,SEND,3341,"DATA, attempt=1"
1780652085.0629556,ACK_RECEIVED,3341,ACK
1780652085.0631738,SEND,3342,"DATA, attempt=1"
1780652085.063696,ACK_RECEIVED,3342,ACK
1780652085.0637863,SEND,3343,"DATA, attempt=1"
1780652085.064634,ACK_RECEIVED,3343,ACK
1780652085.0647717,SEND,3344,"DATA, attempt=1"
1780652085.0653152,ACK_RECEIVED,3344,ACK
1780652085.0654345,SEND,3345,"DATA, attempt=1"
1780652085.0659606,ACK_RECEIVED,3345,ACK
1780652085.0661993,SEND,3346,"DATA, attempt=1"
1780652085.0669773,ACK_RECEIVED,3346,ACK
1780652085.0671794,SEND,3347,"DATA, attempt=1"
1780652085.0677779,ACK_RECEIVED,3347,ACK
1780652085.0678701,SEND,3348,"DATA, attempt=1"
1780652085.0687969,ACK_RECEIVED,3348,ACK
1780652085.068897,SEND,3349,"DATA, attempt=1"
1780652085.0707188,ACK_RECEIVED,3349,ACK
1780652085.070955,SEND,3350,"DATA, attempt=1"
1780652085.0725615,ACK_RECEIVED,3350,ACK
1780652085.072766,SEND,3351,"DATA, attempt=1"
1780652085.0738199,ACK_RECEIVED,3351,ACK
1780652085.074005,SEND,3352,"DATA, attempt=1"
1780652085.0746095,ACK_RECEIVED,3352,ACK
1780652085.074684,SEND,3353,"DATA, attempt=1"
1780652085.0752587,ACK_RECEIVED,3353,ACK
1780652085.0753284,SEND,3354,"DATA, attempt=1"
1780652085.0758042,ACK_RECEIVED,3354,ACK
1780652085.075906,SEND,3355,"DATA, attempt=1"
1780652085.0768723,ACK_RECEIVED,3355,ACK
1780652085.0770788,SEND,3356,"DATA, attempt=1"
1780652085.0777068,ACK_RECEIVED,3356,ACK
1780652085.0778642,SEND,3357,"DATA, attempt=1"
1780652085.0784085,ACK_RECEIVED,3357,ACK
1780652085.0785122,SEND,3358,"DATA, attempt=1"
1780652085.0789888,ACK_RECEIVED,3358,ACK
1780652085.079183,SEND,3359,"DATA, attempt=1"
1780652085.0804768,ACK_RECEIVED,3359,ACK
1780652085.0806563,SEND,3360,"DATA, attempt=1"
1780652085.0815997,ACK_RECEIVED,3360,ACK
1780652085.0820887,SEND,3361,"DATA, attempt=1"
1780652085.0832458,ACK_RECEIVED,3361,ACK
1780652085.0834644,SEND,3362,"DATA, attempt=1"
1780652085.0842907,ACK_RECEIVED,3362,ACK
1780652085.084401,SEND,3363,"DATA, attempt=1"
1780652085.0853586,ACK_RECEIVED,3363,ACK
1780652085.085672,SEND,3364,"DATA, attempt=1"
1780652085.0879593,ACK_RECEIVED,3364,ACK
1780652085.0884657,SEND,3365,"DATA, attempt=1"
1780652085.0903242,ACK_RECEIVED,3365,ACK
1780652085.0937324,SEND,3366,"DATA, attempt=1"
1780652085.095079,ACK_RECEIVED,3366,ACK
1780652085.0953655,SEND,3367,"DATA, attempt=1"
1780652085.096339,ACK_RECEIVED,3367,ACK
1780652085.0965233,SEND,3368,"DATA, attempt=1"
1780652085.0974736,ACK_RECEIVED,3368,ACK
1780652085.0976136,SEND,3369,"DATA, attempt=1"
1780652085.0985096,ACK_RECEIVED,3369,ACK
1780652085.098668,SEND,3370,"DATA, attempt=1"
1780652085.0995364,ACK_RECEIVED,3370,ACK
1780652085.0998,SEND,3371,"DATA, attempt=1"
1780652085.1006787,ACK_RECEIVED,3371,ACK
1780652085.1009226,SEND,3372,"DATA, attempt=1"
1780652085.1021283,ACK_RECEIVED,3372,ACK
1780652085.102459,SEND,3373,"DATA, attempt=1"
1780652085.1038897,ACK_RECEIVED,3373,ACK
1780652085.104163,SEND,3374,"DATA, attempt=1"
1780652085.105466,ACK_RECEIVED,3374,ACK
1780652085.1056683,SEND,3375,"DATA, attempt=1"
1780652085.1072466,ACK_RECEIVED,3375,ACK
1780652085.1074767,SEND,3376,"DATA, attempt=1"
1780652085.1084874,ACK_RECEIVED,3376,ACK
1780652085.108686,SEND,3377,"DATA, attempt=1"
1780652085.1093347,ACK_RECEIVED,3377,ACK
1780652085.1096117,SEND,3378,"DATA, attempt=1"
1780652085.1102114,ACK_RECEIVED,3378,ACK
1780652085.1103716,SEND,3379,"DATA, attempt=1"
1780652085.1114285,ACK_RECEIVED,3379,ACK
1780652085.1115227,SEND,3380,"DATA, attempt=1"
1780652085.1124728,ACK_RECEIVED,3380,ACK
1780652085.1127517,SEND,3381,"DATA, attempt=1"
1780652085.1139715,ACK_RECEIVED,3381,ACK
1780652085.1141346,SEND,3382,"DATA, attempt=1"
1780652085.1147506,ACK_RECEIVED,3382,ACK
1780652085.1149082,SEND,3383,"DATA, attempt=1"
1780652085.115566,ACK_RECEIVED,3383,ACK
1780652085.1158013,SEND,3384,"DATA, attempt=1"
1780652085.116526,ACK_RECEIVED,3384,ACK
1780652085.116647,SEND,3385,"DATA, attempt=1"
1780652085.1172843,ACK_RECEIVED,3385,ACK
1780652085.1174898,SEND,3386,"DATA, attempt=1"
1780652085.118835,ACK_RECEIVED,3386,ACK
1780652085.1193113,SEND,3387,"DATA, attempt=1"
1780652085.1214168,ACK_RECEIVED,3387,ACK
1780652085.1216,SEND,3388,"DATA, attempt=1"
1780652085.1231644,ACK_RECEIVED,3388,ACK
1780652085.1232984,SEND,3389,"DATA, attempt=1"
1780652085.1240466,ACK_RECEIVED,3389,ACK
1780652085.1241565,SEND,3390,"DATA, attempt=1"
1780652085.1255076,ACK_RECEIVED,3390,ACK
1780652085.1257207,SEND,3391,"DATA, attempt=1"
1780652085.1264353,ACK_RECEIVED,3391,ACK
1780652085.1266592,SEND,3392,"DATA, attempt=1"
1780652085.1279106,ACK_RECEIVED,3392,ACK
1780652085.128026,SEND,3393,"DATA, attempt=1"
1780652085.1287644,ACK_RECEIVED,3393,ACK
1780652085.1289635,SEND,3394,"DATA, attempt=1"
1780652085.130127,ACK_RECEIVED,3394,ACK
1780652085.1304915,SEND,3395,"DATA, attempt=1"
1780652085.131817,ACK_RECEIVED,3395,ACK
1780652085.1320055,SEND,3396,"DATA, attempt=1"
1780652085.132993,ACK_RECEIVED,3396,ACK
1780652085.1332006,SEND,3397,"DATA, attempt=1"
1780652085.1344168,ACK_RECEIVED,3397,ACK
1780652085.134793,SEND,3398,"DATA, attempt=1"
1780652085.13717,ACK_RECEIVED,3398,ACK
1780652085.1373527,SEND,3399,"DATA, attempt=1"
1780652085.1388674,ACK_RECEIVED,3399,ACK
1780652085.139211,SEND,3400,"DATA, attempt=1"
1780652085.1400142,ACK_RECEIVED,3400,ACK
1780652085.1401794,SEND,3401,"DATA, attempt=1"
1780652085.1409504,ACK_RECEIVED,3401,ACK
1780652085.1411643,SEND,3402,"DATA, attempt=1"
1780652085.1416762,ACK_RECEIVED,3402,ACK
1780652085.14179,SEND,3403,"DATA, attempt=1"
1780652085.1422594,ACK_RECEIVED,3403,ACK
1780652085.142389,SEND,3404,"DATA, attempt=1"
1780652085.1429377,ACK_RECEIVED,3404,ACK
1780652085.1430387,SEND,3405,"DATA, attempt=1"
1780652085.1440654,ACK_RECEIVED,3405,ACK
1780652085.1443074,SEND,3406,"DATA, attempt=1"
1780652085.1674623,ACK_RECEIVED,3406,ACK
1780652085.169308,SEND,3407,"DATA, attempt=1"
1780652085.173795,ACK_RECEIVED,3407,ACK
1780652085.1743567,SEND,3408,"DATA, attempt=1"
1780652085.1758616,ACK_RECEIVED,3408,ACK
1780652085.1763978,SEND,3409,"DATA, attempt=1"
1780652085.1826599,ACK_RECEIVED,3409,ACK
1780652085.1831295,SEND,3410,"DATA, attempt=1"
1780652085.1848786,ACK_RECEIVED,3410,ACK
1780652085.1851358,SEND,3411,"DATA, attempt=1"
1780652085.186035,ACK_RECEIVED,3411,ACK
1780652085.186285,SEND,3412,"DATA, attempt=1"
1780652085.187393,ACK_RECEIVED,3412,ACK
1780652085.1875422,SEND,3413,"DATA, attempt=1"
1780652085.1883502,ACK_RECEIVED,3413,ACK
1780652085.188471,SEND,3414,"DATA, attempt=1"
1780652085.189423,ACK_RECEIVED,3414,ACK
1780652085.1895933,SEND,3415,"DATA, attempt=1"
1780652085.190743,ACK_RECEIVED,3415,ACK
1780652085.1910172,SEND,3416,"DATA, attempt=1"
1780652085.1918724,ACK_RECEIVED,3416,ACK
1780652085.192111,SEND,3417,"DATA, attempt=1"
1780652085.1931713,ACK_RECEIVED,3417,ACK
1780652085.1933026,SEND,3418,"DATA, attempt=1"
1780652085.1944573,ACK_RECEIVED,3418,ACK
1780652085.194593,SEND,3419,"DATA, attempt=1"
1780652085.1956263,ACK_RECEIVED,3419,ACK
1780652085.1958022,SEND,3420,"DATA, attempt=1"
1780652085.19774,ACK_RECEIVED,3420,ACK
1780652085.2026222,SEND,3421,"DATA, attempt=1"
1780652085.2073581,ACK_RECEIVED,3421,ACK
1780652085.2076492,SEND,3422,"DATA, attempt=1"
1780652085.2085536,ACK_RECEIVED,3422,ACK
1780652085.2087135,SEND,3423,"DATA, attempt=1"
1780652085.2096324,ACK_RECEIVED,3423,ACK
1780652085.209891,SEND,3424,"DATA, attempt=1"
1780652085.210655,ACK_RECEIVED,3424,ACK
1780652085.2107766,SEND,3425,"DATA, attempt=1"
1780652085.2115805,ACK_RECEIVED,3425,ACK
1780652085.2117958,SEND,3426,"DATA, attempt=1"
1780652085.21278,ACK_RECEIVED,3426,ACK
1780652085.2129996,SEND,3427,"DATA, attempt=1"
1780652085.2135859,ACK_RECEIVED,3427,ACK
1780652085.2136786,SEND,3428,"DATA, attempt=1"
1780652085.21425,ACK_RECEIVED,3428,ACK
1780652085.2143373,SEND,3429,"DATA, attempt=1"
1780652085.2149575,ACK_RECEIVED,3429,ACK
1780652085.2150428,SEND,3430,"DATA, attempt=1"
1780652085.216012,ACK_RECEIVED,3430,ACK
1780652085.2162132,SEND,3431,"DATA, attempt=1"
1780652085.2169185,ACK_RECEIVED,3431,ACK
1780652085.2170925,SEND,3432,"DATA, attempt=1"
1780652085.2177484,ACK_RECEIVED,3432,ACK
1780652085.2178564,SEND,3433,"DATA, attempt=1"
1780652085.2193394,ACK_RECEIVED,3433,ACK
1780652085.2196217,SEND,3434,"DATA, attempt=1"
1780652085.220887,ACK_RECEIVED,3434,ACK
1780652085.221168,SEND,3435,"DATA, attempt=1"
1780652085.2222912,ACK_RECEIVED,3435,ACK
1780652085.2224925,SEND,3436,"DATA, attempt=1"
1780652085.2233524,ACK_RECEIVED,3436,ACK
1780652085.2236392,SEND,3437,"DATA, attempt=1"
1780652085.224319,ACK_RECEIVED,3437,ACK
1780652085.2244585,SEND,3438,"DATA, attempt=1"
1780652085.2253597,ACK_RECEIVED,3438,ACK
1780652085.2254918,SEND,3439,"DATA, attempt=1"
1780652085.2262905,ACK_RECEIVED,3439,ACK
1780652085.226446,SEND,3440,"DATA, attempt=1"
1780652085.227261,ACK_RECEIVED,3440,ACK
1780652085.2275074,SEND,3441,"DATA, attempt=1"
1780652085.2283134,ACK_RECEIVED,3441,ACK
1780652085.228547,SEND,3442,"DATA, attempt=1"
1780652085.2291172,ACK_RECEIVED,3442,ACK
1780652085.2292774,SEND,3443,"DATA, attempt=1"
1780652085.229947,ACK_RECEIVED,3443,ACK
1780652085.2300427,SEND,3444,"DATA, attempt=1"
1780652085.2309055,ACK_RECEIVED,3444,ACK
1780652085.2310445,SEND,3445,"DATA, attempt=1"
1780652085.2318523,ACK_RECEIVED,3445,ACK
1780652085.232062,SEND,3446,"DATA, attempt=1"
1780652085.2327652,ACK_RECEIVED,3446,ACK
1780652085.2329583,SEND,3447,"DATA, attempt=1"
1780652085.2335486,ACK_RECEIVED,3447,ACK
1780652085.233645,SEND,3448,"DATA, attempt=1"
1780652085.2341442,ACK_RECEIVED,3448,ACK
1780652085.2342167,SEND,3449,"DATA, attempt=1"
1780652085.2350564,ACK_RECEIVED,3449,ACK
1780652085.235174,SEND,3450,"DATA, attempt=1"
1780652085.2366917,ACK_RECEIVED,3450,ACK
1780652085.237293,SEND,3451,"DATA, attempt=1"
1780652085.2387028,ACK_RECEIVED,3451,ACK
1780652085.2389264,SEND,3452,"DATA, attempt=1"
1780652085.2397776,ACK_RECEIVED,3452,ACK
1780652085.2399518,SEND,3453,"DATA, attempt=1"
1780652085.2409313,ACK_RECEIVED,3453,ACK
1780652085.2410455,SEND,3454,"DATA, attempt=1"
1780652085.241707,ACK_RECEIVED,3454,ACK
1780652085.2418268,SEND,3455,"DATA, attempt=1"
1780652085.2427769,ACK_RECEIVED,3455,ACK
1780652085.2430866,SEND,3456,"DATA, attempt=1"
1780652085.2440088,ACK_RECEIVED,3456,ACK
1780652085.2444482,SEND,3457,"DATA, attempt=1"
1780652085.2452466,ACK_RECEIVED,3457,ACK
1780652085.2454607,SEND,3458,"DATA, attempt=1"
1780652085.246194,ACK_RECEIVED,3458,ACK
1780652085.246307,SEND,3459,"DATA, attempt=1"
1780652085.2469516,ACK_RECEIVED,3459,ACK
1780652085.247094,SEND,3460,"DATA, attempt=1"
1780652085.2479177,ACK_RECEIVED,3460,ACK
1780652085.248208,SEND,3461,"DATA, attempt=1"
1780652085.2490041,ACK_RECEIVED,3461,ACK
1780652085.2492087,SEND,3462,"DATA, attempt=1"
1780652085.2500987,ACK_RECEIVED,3462,ACK
1780652085.2502692,SEND,3463,"DATA, attempt=1"
1780652085.2510743,ACK_RECEIVED,3463,ACK
1780652085.2512004,SEND,3464,"DATA, attempt=1"
1780652085.2523427,ACK_RECEIVED,3464,ACK
1780652085.2528458,SEND,3465,"DATA, attempt=1"
1780652085.254317,ACK_RECEIVED,3465,ACK
1780652085.2547143,SEND,3466,"DATA, attempt=1"
1780652085.256211,ACK_RECEIVED,3466,ACK
1780652085.2564323,SEND,3467,"DATA, attempt=1"
1780652085.2572656,ACK_RECEIVED,3467,ACK
1780652085.2573636,SEND,3468,"DATA, attempt=1"
1780652085.258064,ACK_RECEIVED,3468,ACK
1780652085.2582712,SEND,3469,"DATA, attempt=1"
1780652085.2592115,ACK_RECEIVED,3469,ACK
1780652085.259324,SEND,3470,"DATA, attempt=1"
1780652085.2600777,ACK_RECEIVED,3470,ACK
1780652085.2602801,SEND,3471,"DATA, attempt=1"
1780652085.2610173,ACK_RECEIVED,3471,ACK
1780652085.261288,SEND,3472,"DATA, attempt=1"
1780652085.26211,ACK_RECEIVED,3472,ACK
1780652085.2622185,SEND,3473,"DATA, attempt=1"
1780652085.262978,ACK_RECEIVED,3473,ACK
1780652085.26307,SEND,3474,"DATA, attempt=1"
1780652085.2637885,ACK_RECEIVED,3474,ACK
1780652085.2638733,SEND,3475,"DATA, attempt=1"
1780652085.2646518,ACK_RECEIVED,3475,ACK
1780652085.2648952,SEND,3476,"DATA, attempt=1"
1780652085.265722,ACK_RECEIVED,3476,ACK
1780652085.2659745,SEND,3477,"DATA, attempt=1"
1780652085.2667403,ACK_RECEIVED,3477,ACK
1780652085.2668695,SEND,3478,"DATA, attempt=1"
1780652085.267805,ACK_RECEIVED,3478,ACK
1780652085.268013,SEND,3479,"DATA, attempt=1"
1780652085.2696207,ACK_RECEIVED,3479,ACK
1780652085.2697713,SEND,3480,"DATA, attempt=1"
1780652085.2712498,ACK_RECEIVED,3480,ACK
1780652085.271613,SEND,3481,"DATA, attempt=1"
1780652085.2727563,ACK_RECEIVED,3481,ACK
1780652085.2730534,SEND,3482,"DATA, attempt=1"
1780652085.2741141,ACK_RECEIVED,3482,ACK
1780652085.2742236,SEND,3483,"DATA, attempt=1"
1780652085.2750108,ACK_RECEIVED,3483,ACK
1780652085.2751205,SEND,3484,"DATA, attempt=1"
1780652085.2756982,ACK_RECEIVED,3484,ACK
1780652085.275798,SEND,3485,"DATA, attempt=1"
1780652085.276572,ACK_RECEIVED,3485,ACK
1780652085.2767646,SEND,3486,"DATA, attempt=1"
1780652085.277499,ACK_RECEIVED,3486,ACK
1780652085.2777143,SEND,3487,"DATA, attempt=1"
1780652085.2785757,ACK_RECEIVED,3487,ACK
1780652085.2786956,SEND,3488,"DATA, attempt=1"
1780652085.2795827,ACK_RECEIVED,3488,ACK
1780652085.2796817,SEND,3489,"DATA, attempt=1"
1780652085.280374,ACK_RECEIVED,3489,ACK
1780652085.2804854,SEND,3490,"DATA, attempt=1"
1780652085.281106,ACK_RECEIVED,3490,ACK
1780652085.281256,SEND,3491,"DATA, attempt=1"
1780652085.281965,ACK_RECEIVED,3491,ACK
1780652085.2821949,SEND,3492,"DATA, attempt=1"
1780652085.282815,ACK_RECEIVED,3492,ACK
1780652085.2828882,SEND,3493,"DATA, attempt=1"
1780652085.283737,ACK_RECEIVED,3493,ACK
1780652085.283898,SEND,3494,"DATA, attempt=1"
1780652085.285286,ACK_RECEIVED,3494,ACK
1780652085.285527,SEND,3495,"DATA, attempt=1"
1780652085.2987065,ACK_RECEIVED,3495,ACK
1780652085.2989695,SEND,3496,"DATA, attempt=1"
1780652085.3002307,ACK_RECEIVED,3496,ACK
1780652085.3004615,SEND,3497,"DATA, attempt=1"
1780652085.3015957,ACK_RECEIVED,3497,ACK
1780652085.3017325,SEND,3498,"DATA, attempt=1"
1780652085.303379,ACK_RECEIVED,3498,ACK
1780652085.3036127,SEND,3499,"DATA, attempt=1"
1780652085.3050463,ACK_RECEIVED,3499,ACK
1780652085.305253,SEND,3500,"DATA, attempt=1"
1780652085.3068068,ACK_RECEIVED,3500,ACK
1780652085.307137,SEND,3501,"DATA, attempt=1"
1780652085.3083985,ACK_RECEIVED,3501,ACK
1780652085.3086853,SEND,3502,"DATA, attempt=1"
1780652085.3095198,ACK_RECEIVED,3502,ACK
1780652085.3097413,SEND,3503,"DATA, attempt=1"
1780652085.311084,ACK_RECEIVED,3503,ACK
1780652085.3112936,SEND,3504,"DATA, attempt=1"
1780652085.312322,ACK_RECEIVED,3504,ACK
1780652085.3125534,SEND,3505,"DATA, attempt=1"
1780652085.3136332,ACK_RECEIVED,3505,ACK
1780652085.3139532,SEND,3506,"DATA, attempt=1"
1780652085.3151515,ACK_RECEIVED,3506,ACK
1780652085.3155346,SEND,3507,"DATA, attempt=1"
1780652085.3166227,ACK_RECEIVED,3507,ACK
1780652085.316802,SEND,3508,"DATA, attempt=1"
1780652085.3179648,ACK_RECEIVED,3508,ACK
1780652085.3181639,SEND,3509,"DATA, attempt=1"
1780652085.3198311,ACK_RECEIVED,3509,ACK
1780652085.3200436,SEND,3510,"DATA, attempt=1"
1780652085.3215995,ACK_RECEIVED,3510,ACK
1780652085.322011,SEND,3511,"DATA, attempt=1"
1780652085.323426,ACK_RECEIVED,3511,ACK
1780652085.3237426,SEND,3512,"DATA, attempt=1"
1780652085.324823,ACK_RECEIVED,3512,ACK
1780652085.3250372,SEND,3513,"DATA, attempt=1"
1780652085.3264287,ACK_RECEIVED,3513,ACK
1780652085.3266995,SEND,3514,"DATA, attempt=1"
1780652085.3281906,ACK_RECEIVED,3514,ACK
1780652085.328384,SEND,3515,"DATA, attempt=1"
1780652085.3296564,ACK_RECEIVED,3515,ACK
1780652085.32992,SEND,3516,"DATA, attempt=1"
1780652085.3310683,ACK_RECEIVED,3516,ACK
1780652085.3313441,SEND,3517,"DATA, attempt=1"
1780652085.3326323,ACK_RECEIVED,3517,ACK
1780652085.3328254,SEND,3518,"DATA, attempt=1"
1780652085.3341236,ACK_RECEIVED,3518,ACK
1780652085.3343546,SEND,3519,"DATA, attempt=1"
1780652085.3360112,ACK_RECEIVED,3519,ACK
1780652085.3361971,SEND,3520,"DATA, attempt=1"
1780652085.3379292,ACK_RECEIVED,3520,ACK
1780652085.3383548,SEND,3521,"DATA, attempt=1"
1780652085.3401785,ACK_RECEIVED,3521,ACK
1780652085.3404226,SEND,3522,"DATA, attempt=1"
1780652085.3415859,ACK_RECEIVED,3522,ACK
1780652085.34176,SEND,3523,"DATA, attempt=1"
1780652085.3427904,ACK_RECEIVED,3523,ACK
1780652085.3429918,SEND,3524,"DATA, attempt=1"
1780652085.3439803,ACK_RECEIVED,3524,ACK
1780652085.3441901,SEND,3525,"DATA, attempt=1"
1780652085.3452053,ACK_RECEIVED,3525,ACK
1780652085.3454928,SEND,3526,"DATA, attempt=1"
1780652085.3466487,ACK_RECEIVED,3526,ACK
1780652085.3469133,SEND,3527,"DATA, attempt=1"
1780652085.348134,ACK_RECEIVED,3527,ACK
1780652085.3483455,SEND,3528,"DATA, attempt=1"
1780652085.3492846,ACK_RECEIVED,3528,ACK
1780652085.3494053,SEND,3529,"DATA, attempt=1"
1780652085.350341,ACK_RECEIVED,3529,ACK
1780652085.3504615,SEND,3530,"DATA, attempt=1"
1780652085.3521037,ACK_RECEIVED,3530,ACK
1780652085.3524618,SEND,3531,"DATA, attempt=1"
1780652085.354054,ACK_RECEIVED,3531,ACK
1780652085.3544083,SEND,3532,"DATA, attempt=1"
1780652085.3560116,ACK_RECEIVED,3532,ACK
1780652085.356143,SEND,3533,"DATA, attempt=1"
1780652085.357402,ACK_RECEIVED,3533,ACK
1780652085.3575792,SEND,3534,"DATA, attempt=1"
1780652085.3585258,ACK_RECEIVED,3534,ACK
1780652085.3586504,SEND,3535,"DATA, attempt=1"
1780652085.3594055,ACK_RECEIVED,3535,ACK
1780652085.3596318,SEND,3536,"DATA, attempt=1"
1780652085.3605132,ACK_RECEIVED,3536,ACK
1780652085.3608062,SEND,3537,"DATA, attempt=1"
1780652085.3619823,ACK_RECEIVED,3537,ACK
1780652085.3621445,SEND,3538,"DATA, attempt=1"
1780652085.3634667,ACK_RECEIVED,3538,ACK
1780652085.3636851,SEND,3539,"DATA, attempt=1"
1780652085.3650694,ACK_RECEIVED,3539,ACK
1780652085.3653164,SEND,3540,"DATA, attempt=1"
1780652085.3663123,ACK_RECEIVED,3540,ACK
1780652085.3665767,SEND,3541,"DATA, attempt=1"
1780652085.3673887,ACK_RECEIVED,3541,ACK
1780652085.3675935,SEND,3542,"DATA, attempt=1"
1780652085.3691602,ACK_RECEIVED,3542,ACK
1780652085.3695607,SEND,3543,"DATA, attempt=1"
1780652085.3711448,ACK_RECEIVED,3543,ACK
1780652085.3714602,SEND,3544,"DATA, attempt=1"
1780652085.3729262,ACK_RECEIVED,3544,ACK
1780652085.3730867,SEND,3545,"DATA, attempt=1"
1780652085.3743787,ACK_RECEIVED,3545,ACK
1780652085.3746314,SEND,3546,"DATA, attempt=1"
1780652085.3755088,ACK_RECEIVED,3546,ACK
1780652085.3758953,SEND,3547,"DATA, attempt=1"
1780652085.3769767,ACK_RECEIVED,3547,ACK
1780652085.3771183,SEND,3548,"DATA, attempt=1"
1780652085.3783622,ACK_RECEIVED,3548,ACK
1780652085.3786268,SEND,3549,"DATA, attempt=1"
1780652085.3798084,ACK_RECEIVED,3549,ACK
1780652085.3799477,SEND,3550,"DATA, attempt=1"
1780652085.380884,ACK_RECEIVED,3550,ACK
1780652085.3810642,SEND,3551,"DATA, attempt=1"
1780652085.3817647,ACK_RECEIVED,3551,ACK
1780652085.3819234,SEND,3552,"DATA, attempt=1"
1780652085.383203,ACK_RECEIVED,3552,ACK
1780652085.3833804,SEND,3553,"DATA, attempt=1"
1780652085.3843675,ACK_RECEIVED,3553,ACK
1780652085.3845239,SEND,3554,"DATA, attempt=1"
1780652085.3861587,ACK_RECEIVED,3554,ACK
1780652085.3862906,SEND,3555,"DATA, attempt=1"
1780652085.3876224,ACK_RECEIVED,3555,ACK
1780652085.3880951,SEND,3556,"DATA, attempt=1"
1780652085.38955,ACK_RECEIVED,3556,ACK
1780652085.389925,SEND,3557,"DATA, attempt=1"
1780652085.3912218,ACK_RECEIVED,3557,ACK
1780652085.3913956,SEND,3558,"DATA, attempt=1"
1780652085.3923228,ACK_RECEIVED,3558,ACK
1780652085.3924482,SEND,3559,"DATA, attempt=1"
1780652085.393336,ACK_RECEIVED,3559,ACK
1780652085.3935943,SEND,3560,"DATA, attempt=1"
1780652085.3946092,ACK_RECEIVED,3560,ACK
1780652085.3949134,SEND,3561,"DATA, attempt=1"
1780652085.3960962,ACK_RECEIVED,3561,ACK
1780652085.396362,SEND,3562,"DATA, attempt=1"
1780652085.3973312,ACK_RECEIVED,3562,ACK
1780652085.397613,SEND,3563,"DATA, attempt=1"
1780652085.3989193,ACK_RECEIVED,3563,ACK
1780652085.39914,SEND,3564,"DATA, attempt=1"
1780652085.4001312,ACK_RECEIVED,3564,ACK
1780652085.4003236,SEND,3565,"DATA, attempt=1"
1780652085.4014633,ACK_RECEIVED,3565,ACK
1780652085.40175,SEND,3566,"DATA, attempt=1"
1780652085.4033613,ACK_RECEIVED,3566,ACK
1780652085.4036736,SEND,3567,"DATA, attempt=1"
1780652085.4051204,ACK_RECEIVED,3567,ACK
1780652085.4052944,SEND,3568,"DATA, attempt=1"
1780652085.4064837,ACK_RECEIVED,3568,ACK
1780652085.4066865,SEND,3569,"DATA, attempt=1"
1780652085.4080186,ACK_RECEIVED,3569,ACK
1780652085.4082747,SEND,3570,"DATA, attempt=1"
1780652085.4092348,ACK_RECEIVED,3570,ACK
1780652085.4095826,SEND,3571,"DATA, attempt=1"
1780652085.4108074,ACK_RECEIVED,3571,ACK
1780652085.4110339,SEND,3572,"DATA, attempt=1"
1780652085.412026,ACK_RECEIVED,3572,ACK
1780652085.4122622,SEND,3573,"DATA, attempt=1"
1780652085.413363,ACK_RECEIVED,3573,ACK
1780652085.4135466,SEND,3574,"DATA, attempt=1"
1780652085.4147818,ACK_RECEIVED,3574,ACK
1780652085.4149394,SEND,3575,"DATA, attempt=1"
1780652085.416064,ACK_RECEIVED,3575,ACK
1780652085.4162388,SEND,3576,"DATA, attempt=1"
1780652085.417195,ACK_RECEIVED,3576,ACK
1780652085.4174366,SEND,3577,"DATA, attempt=1"
1780652085.4187036,ACK_RECEIVED,3577,ACK
1780652085.4189572,SEND,3578,"DATA, attempt=1"
1780652085.4207861,ACK_RECEIVED,3578,ACK
1780652085.4210765,SEND,3579,"DATA, attempt=1"
1780652085.4225237,ACK_RECEIVED,3579,ACK
1780652085.422724,SEND,3580,"DATA, attempt=1"
1780652085.4240649,ACK_RECEIVED,3580,ACK
1780652085.4244497,SEND,3581,"DATA, attempt=1"
1780652085.4257815,ACK_RECEIVED,3581,ACK
1780652085.4260805,SEND,3582,"DATA, attempt=1"
1780652085.4271715,ACK_RECEIVED,3582,ACK
1780652085.4274516,SEND,3583,"DATA, attempt=1"
1780652085.4283898,ACK_RECEIVED,3583,ACK
1780652085.4285953,SEND,3584,"DATA, attempt=1"
1780652085.4296339,ACK_RECEIVED,3584,ACK
1780652085.4298375,SEND,3585,"DATA, attempt=1"
1780652085.431006,ACK_RECEIVED,3585,ACK
1780652085.4311836,SEND,3586,"DATA, attempt=1"
1780652085.4320552,ACK_RECEIVED,3586,ACK
1780652085.4323695,SEND,3587,"DATA, attempt=1"
1780652085.43353,ACK_RECEIVED,3587,ACK
1780652085.433856,SEND,3588,"DATA, attempt=1"
1780652085.4351895,ACK_RECEIVED,3588,ACK
1780652085.4353697,SEND,3589,"DATA, attempt=1"
1780652085.437218,ACK_RECEIVED,3589,ACK
1780652085.4373934,SEND,3590,"DATA, attempt=1"
1780652085.4386334,ACK_RECEIVED,3590,ACK
1780652085.4388406,SEND,3591,"DATA, attempt=1"
1780652085.4399912,ACK_RECEIVED,3591,ACK
1780652085.4402924,SEND,3592,"DATA, attempt=1"
1780652085.4415452,ACK_RECEIVED,3592,ACK
1780652085.4417865,SEND,3593,"DATA, attempt=1"
1780652085.44287,ACK_RECEIVED,3593,ACK
1780652085.4431496,SEND,3594,"DATA, attempt=1"
1780652085.4443262,ACK_RECEIVED,3594,ACK
1780652085.4445598,SEND,3595,"DATA, attempt=1"
1780652085.44607,ACK_RECEIVED,3595,ACK
1780652085.446393,SEND,3596,"DATA, attempt=1"
1780652085.4474783,ACK_RECEIVED,3596,ACK
1780652085.4477534,SEND,3597,"DATA, attempt=1"
1780652085.4488173,ACK_RECEIVED,3597,ACK
1780652085.449082,SEND,3598,"DATA, attempt=1"
1780652085.4500413,ACK_RECEIVED,3598,ACK
1780652085.450197,SEND,3599,"DATA, attempt=1"
1780652085.451089,ACK_RECEIVED,3599,ACK
1780652085.4512832,SEND,3600,"DATA, attempt=1"
1780652085.4528725,ACK_RECEIVED,3600,ACK
1780652085.4532342,SEND,3601,"DATA, attempt=1"
1780652085.4548566,ACK_RECEIVED,3601,ACK
1780652085.4552524,SEND,3602,"DATA, attempt=1"
1780652085.4566593,ACK_RECEIVED,3602,ACK
1780652085.4569018,SEND,3603,"DATA, attempt=1"
1780652085.4583127,ACK_RECEIVED,3603,ACK
1780652085.458533,SEND,3604,"DATA, attempt=1"
1780652085.4597461,ACK_RECEIVED,3604,ACK
1780652085.4600687,SEND,3605,"DATA, attempt=1"
1780652085.4611456,ACK_RECEIVED,3605,ACK
1780652085.461414,SEND,3606,"DATA, attempt=1"
1780652085.462515,ACK_RECEIVED,3606,ACK
1780652085.4628274,SEND,3607,"DATA, attempt=1"
1780652085.4640799,ACK_RECEIVED,3607,ACK
1780652085.4644246,SEND,3608,"DATA, attempt=1"
1780652085.4657326,ACK_RECEIVED,3608,ACK
1780652085.4659495,SEND,3609,"DATA, attempt=1"
1780652085.4672608,ACK_RECEIVED,3609,ACK
1780652085.4674125,SEND,3610,"DATA, attempt=1"
1780652085.4687917,ACK_RECEIVED,3610,ACK
1780652085.4690828,SEND,3611,"DATA, attempt=1"
1780652085.4708962,ACK_RECEIVED,3611,ACK
1780652085.4713845,SEND,3612,"DATA, attempt=1"
1780652085.4731061,ACK_RECEIVED,3612,ACK
1780652085.4734204,SEND,3613,"DATA, attempt=1"
1780652085.4752207,ACK_RECEIVED,3613,ACK
1780652085.475413,SEND,3614,"DATA, attempt=1"
1780652085.4764247,ACK_RECEIVED,3614,ACK
1780652085.4765928,SEND,3615,"DATA, attempt=1"
1780652085.4775674,ACK_RECEIVED,3615,ACK
1780652085.477869,SEND,3616,"DATA, attempt=1"
1780652085.4789302,ACK_RECEIVED,3616,ACK
1780652085.4792128,SEND,3617,"DATA, attempt=1"
1780652085.4803011,ACK_RECEIVED,3617,ACK
1780652085.4804718,SEND,3618,"DATA, attempt=1"
1780652085.4814868,ACK_RECEIVED,3618,ACK
1780652085.4816601,SEND,3619,"DATA, attempt=1"
1780652085.4823923,ACK_RECEIVED,3619,ACK
1780652085.4826503,SEND,3620,"DATA, attempt=1"
1780652085.483651,ACK_RECEIVED,3620,ACK
1780652085.4840188,SEND,3621,"DATA, attempt=1"
1780652085.485877,ACK_RECEIVED,3621,ACK
1780652085.4868276,SEND,3622,"DATA, attempt=1"
1780652085.488382,ACK_RECEIVED,3622,ACK
1780652085.4886522,SEND,3623,"DATA, attempt=1"
1780652085.4894187,ACK_RECEIVED,3623,ACK
1780652085.4895976,SEND,3624,"DATA, attempt=1"
1780652085.4902034,ACK_RECEIVED,3624,ACK
1780652085.4904058,SEND,3625,"DATA, attempt=1"
1780652085.4910698,ACK_RECEIVED,3625,ACK
1780652085.4912527,SEND,3626,"DATA, attempt=1"
1780652085.4920425,ACK_RECEIVED,3626,ACK
1780652085.492299,SEND,3627,"DATA, attempt=1"
1780652085.4932663,ACK_RECEIVED,3627,ACK
1780652085.4934258,SEND,3628,"DATA, attempt=1"
1780652085.4940934,ACK_RECEIVED,3628,ACK
1780652085.4941993,SEND,3629,"DATA, attempt=1"
1780652085.4949481,ACK_RECEIVED,3629,ACK
1780652085.4950857,SEND,3630,"DATA, attempt=1"
1780652085.4957676,ACK_RECEIVED,3630,ACK
1780652085.496002,SEND,3631,"DATA, attempt=1"
1780652085.4968333,ACK_RECEIVED,3631,ACK
1780652085.497039,SEND,3632,"DATA, attempt=1"
1780652085.4984992,ACK_RECEIVED,3632,ACK
1780652085.4986675,SEND,3633,"DATA, attempt=1"
1780652085.499654,ACK_RECEIVED,3633,ACK
1780652085.499858,SEND,3634,"DATA, attempt=1"
1780652085.5005844,ACK_RECEIVED,3634,ACK
1780652085.5007324,SEND,3635,"DATA, attempt=1"
1780652085.5027716,ACK_RECEIVED,3635,ACK
1780652085.5031207,SEND,3636,"DATA, attempt=1"
1780652085.5050263,ACK_RECEIVED,3636,ACK
1780652085.5055428,SEND,3637,"DATA, attempt=1"
1780652085.506345,ACK_RECEIVED,3637,ACK
1780652085.506464,SEND,3638,"DATA, attempt=1"
1780652085.5071375,ACK_RECEIVED,3638,ACK
1780652085.5072298,SEND,3639,"DATA, attempt=1"
1780652085.5078866,ACK_RECEIVED,3639,ACK
1780652085.5079737,SEND,3640,"DATA, attempt=1"
1780652085.5086057,ACK_RECEIVED,3640,ACK
1780652085.5088112,SEND,3641,"DATA, attempt=1"
1780652085.5099876,ACK_RECEIVED,3641,ACK
1780652085.5103676,SEND,3642,"DATA, attempt=1"
1780652085.5110564,ACK_RECEIVED,3642,ACK
1780652085.511162,SEND,3643,"DATA, attempt=1"
1780652085.511913,ACK_RECEIVED,3643,ACK
1780652085.5120163,SEND,3644,"DATA, attempt=1"
1780652085.5125818,ACK_RECEIVED,3644,ACK
1780652085.5126643,SEND,3645,"DATA, attempt=1"
1780652085.5133052,ACK_RECEIVED,3645,ACK
1780652085.5134568,SEND,3646,"DATA, attempt=1"
1780652085.5140383,ACK_RECEIVED,3646,ACK
1780652085.5142398,SEND,3647,"DATA, attempt=1"
1780652085.5148282,ACK_RECEIVED,3647,ACK
1780652085.514936,SEND,3648,"DATA, attempt=1"
1780652085.5156848,ACK_RECEIVED,3648,ACK
1780652085.5162082,SEND,3649,"DATA, attempt=1"
1780652085.517126,ACK_RECEIVED,3649,ACK
1780652085.5172193,SEND,3650,"DATA, attempt=1"
1780652085.5183651,ACK_RECEIVED,3650,ACK
1780652085.518807,SEND,3651,"DATA, attempt=1"
1780652085.5205965,ACK_RECEIVED,3651,ACK
1780652085.5210595,SEND,3652,"DATA, attempt=1"
1780652085.5221763,ACK_RECEIVED,3652,ACK
1780652085.5222924,SEND,3653,"DATA, attempt=1"
1780652085.5230575,ACK_RECEIVED,3653,ACK
1780652085.523146,SEND,3654,"DATA, attempt=1"
1780652085.5237658,ACK_RECEIVED,3654,ACK
1780652085.52388,SEND,3655,"DATA, attempt=1"
1780652085.5244026,ACK_RECEIVED,3655,ACK
1780652085.5246005,SEND,3656,"DATA, attempt=1"
1780652085.5251427,ACK_RECEIVED,3656,ACK
1780652085.5253787,SEND,3657,"DATA, attempt=1"
1780652085.525906,ACK_RECEIVED,3657,ACK
1780652085.5260253,SEND,3658,"DATA, attempt=1"
1780652085.5272121,ACK_RECEIVED,3658,ACK
1780652085.527418,SEND,3659,"DATA, attempt=1"
1780652085.5281522,ACK_RECEIVED,3659,ACK
1780652085.5282824,SEND,3660,"DATA, attempt=1"
1780652085.5292225,ACK_RECEIVED,3660,ACK
1780652085.5293913,SEND,3661,"DATA, attempt=1"
1780652085.5302694,ACK_RECEIVED,3661,ACK
1780652085.5304873,SEND,3662,"DATA, attempt=1"
1780652085.5311062,ACK_RECEIVED,3662,ACK
1780652085.5312107,SEND,3663,"DATA, attempt=1"
1780652085.531922,ACK_RECEIVED,3663,ACK
1780652085.5320644,SEND,3664,"DATA, attempt=1"
1780652085.5327127,ACK_RECEIVED,3664,ACK
1780652085.5327945,SEND,3665,"DATA, attempt=1"
1780652085.5334888,ACK_RECEIVED,3665,ACK
1780652085.533674,SEND,3666,"DATA, attempt=1"
1780652085.535109,ACK_RECEIVED,3666,ACK
1780652085.535418,SEND,3667,"DATA, attempt=1"
1780652085.5375144,ACK_RECEIVED,3667,ACK
1780652085.5377042,SEND,3668,"DATA, attempt=1"
1780652085.5386217,ACK_RECEIVED,3668,ACK
1780652085.5387278,SEND,3669,"DATA, attempt=1"
1780652085.5395436,ACK_RECEIVED,3669,ACK
1780652085.5396686,SEND,3670,"DATA, attempt=1"
1780652085.5405078,ACK_RECEIVED,3670,ACK
1780652085.5407486,SEND,3671,"DATA, attempt=1"
1780652085.5414405,ACK_RECEIVED,3671,ACK
1780652085.5416813,SEND,3672,"DATA, attempt=1"
1780652085.5423205,ACK_RECEIVED,3672,ACK
1780652085.5424643,SEND,3673,"DATA, attempt=1"
1780652085.5430555,ACK_RECEIVED,3673,ACK
1780652085.5431342,SEND,3674,"DATA, attempt=1"
1780652085.5439336,ACK_RECEIVED,3674,ACK
1780652085.5441763,SEND,3675,"DATA, attempt=1"
1780652085.5448034,ACK_RECEIVED,3675,ACK
1780652085.5449674,SEND,3676,"DATA, attempt=1"
1780652085.5460737,ACK_RECEIVED,3676,ACK
1780652085.5464077,SEND,3677,"DATA, attempt=1"
1780652085.547027,ACK_RECEIVED,3677,ACK
1780652085.5472014,SEND,3678,"DATA, attempt=1"
1780652085.5477695,ACK_RECEIVED,3678,ACK
1780652085.547852,SEND,3679,"DATA, attempt=1"
1780652085.548793,ACK_RECEIVED,3679,ACK
1780652085.5488975,SEND,3680,"DATA, attempt=1"
1780652085.5495138,ACK_RECEIVED,3680,ACK
1780652085.549759,SEND,3681,"DATA, attempt=1"
1780652085.5505526,ACK_RECEIVED,3681,ACK
1780652085.550714,SEND,3682,"DATA, attempt=1"
1780652085.552911,ACK_RECEIVED,3682,ACK
1780652085.5537376,SEND,3683,"DATA, attempt=1"
1780652085.555384,ACK_RECEIVED,3683,ACK
1780652085.5555282,SEND,3684,"DATA, attempt=1"
1780652085.5561342,ACK_RECEIVED,3684,ACK
1780652085.556304,SEND,3685,"DATA, attempt=1"
1780652085.556924,ACK_RECEIVED,3685,ACK
1780652085.5570636,SEND,3686,"DATA, attempt=1"
1780652085.5576117,ACK_RECEIVED,3686,ACK
1780652085.5578341,SEND,3687,"DATA, attempt=1"
1780652085.558475,ACK_RECEIVED,3687,ACK
1780652085.5585668,SEND,3688,"DATA, attempt=1"
1780652085.5590494,ACK_RECEIVED,3688,ACK
1780652085.5592184,SEND,3689,"DATA, attempt=1"
1780652085.560347,ACK_RECEIVED,3689,ACK
1780652085.5604515,SEND,3690,"DATA, attempt=1"
1780652085.561083,ACK_RECEIVED,3690,ACK
1780652085.5612574,SEND,3691,"DATA, attempt=1"
1780652085.561914,ACK_RECEIVED,3691,ACK
1780652085.5620832,SEND,3692,"DATA, attempt=1"
1780652085.5627878,ACK_RECEIVED,3692,ACK
1780652085.562879,SEND,3693,"DATA, attempt=1"
1780652085.5635352,ACK_RECEIVED,3693,ACK
1780652085.5636587,SEND,3694,"DATA, attempt=1"
1780652085.564609,ACK_RECEIVED,3694,ACK
1780652085.5646966,SEND,3695,"DATA, attempt=1"
1780652085.5652242,ACK_RECEIVED,3695,ACK
1780652085.5654368,SEND,3696,"DATA, attempt=1"
1780652085.5659785,ACK_RECEIVED,3696,ACK
1780652085.5661876,SEND,3697,"DATA, attempt=1"
1780652085.5671823,ACK_RECEIVED,3697,ACK
1780652085.5672855,SEND,3698,"DATA, attempt=1"
1780652085.5682335,ACK_RECEIVED,3698,ACK
1780652085.5686374,SEND,3699,"DATA, attempt=1"
1780652085.570591,ACK_RECEIVED,3699,ACK
1780652085.5709534,SEND,3700,"DATA, attempt=1"
1780652085.5718195,ACK_RECEIVED,3700,ACK
1780652085.5720649,SEND,3701,"DATA, attempt=1"
1780652085.572908,ACK_RECEIVED,3701,ACK
1780652085.5731313,SEND,3702,"DATA, attempt=1"
1780652085.573746,ACK_RECEIVED,3702,ACK
1780652085.5738547,SEND,3703,"DATA, attempt=1"
1780652085.5743346,ACK_RECEIVED,3703,ACK
1780652085.574463,SEND,3704,"DATA, attempt=1"
1780652085.5749335,ACK_RECEIVED,3704,ACK
1780652085.5750782,SEND,3705,"DATA, attempt=1"
1780652085.5756295,ACK_RECEIVED,3705,ACK
1780652085.575845,SEND,3706,"DATA, attempt=1"
1780652085.5767918,ACK_RECEIVED,3706,ACK
1780652085.5772557,SEND,3707,"DATA, attempt=1"
1780652085.578019,ACK_RECEIVED,3707,ACK
1780652085.5785034,SEND,3708,"DATA, attempt=1"
1780652085.5792413,ACK_RECEIVED,3708,ACK
1780652085.5793836,SEND,3709,"DATA, attempt=1"
1780652085.5800536,ACK_RECEIVED,3709,ACK
1780652085.5801404,SEND,3710,"DATA, attempt=1"
1780652085.580752,ACK_RECEIVED,3710,ACK
1780652085.5809753,SEND,3711,"DATA, attempt=1"
1780652085.5814915,ACK_RECEIVED,3711,ACK
1780652085.5817285,SEND,3712,"DATA, attempt=1"
1780652085.5825517,ACK_RECEIVED,3712,ACK
1780652085.5827913,SEND,3713,"DATA, attempt=1"
1780652085.5833802,ACK_RECEIVED,3713,ACK
1780652085.5834956,SEND,3714,"DATA, attempt=1"
1780652085.5840425,ACK_RECEIVED,3714,ACK
1780652085.5841808,SEND,3715,"DATA, attempt=1"
1780652085.585962,ACK_RECEIVED,3715,ACK
1780652085.5866337,SEND,3716,"DATA, attempt=1"
1780652085.5880551,ACK_RECEIVED,3716,ACK
1780652085.5883188,SEND,3717,"DATA, attempt=1"
1780652085.589402,ACK_RECEIVED,3717,ACK
1780652085.589508,SEND,3718,"DATA, attempt=1"
1780652085.5901048,ACK_RECEIVED,3718,ACK
1780652085.5901875,SEND,3719,"DATA, attempt=1"
1780652085.5907004,ACK_RECEIVED,3719,ACK
1780652085.5907855,SEND,3720,"DATA, attempt=1"
1780652085.5916603,ACK_RECEIVED,3720,ACK
1780652085.5918765,SEND,3721,"DATA, attempt=1"
1780652085.5925725,ACK_RECEIVED,3721,ACK
1780652085.59273,SEND,3722,"DATA, attempt=1"
1780652085.59341,ACK_RECEIVED,3722,ACK
1780652085.5935314,SEND,3723,"DATA, attempt=1"
1780652085.5940511,ACK_RECEIVED,3723,ACK
1780652085.594191,SEND,3724,"DATA, attempt=1"
1780652085.5948384,ACK_RECEIVED,3724,ACK
1780652085.5951052,SEND,3725,"DATA, attempt=1"
1780652085.59577,ACK_RECEIVED,3725,ACK
1780652085.5959268,SEND,3726,"DATA, attempt=1"
1780652085.596581,ACK_RECEIVED,3726,ACK
1780652085.596754,SEND,3727,"DATA, attempt=1"
1780652085.5973034,ACK_RECEIVED,3727,ACK
1780652085.5973947,SEND,3728,"DATA, attempt=1"
1780652085.5979142,ACK_RECEIVED,3728,ACK
1780652085.597992,SEND,3729,"DATA, attempt=1"
1780652085.5990753,ACK_RECEIVED,3729,ACK
1780652085.599222,SEND,3730,"DATA, attempt=1"
1780652085.5998428,ACK_RECEIVED,3730,ACK
1780652085.6000874,SEND,3731,"DATA, attempt=1"
1780652085.6006465,ACK_RECEIVED,3731,ACK
1780652085.6008272,SEND,3732,"DATA, attempt=1"
1780652085.6019304,ACK_RECEIVED,3732,ACK
1780652085.6025949,SEND,3733,"DATA, attempt=1"
1780652085.6047997,ACK_RECEIVED,3733,ACK
1780652085.6052227,SEND,3734,"DATA, attempt=1"
1780652085.6059406,ACK_RECEIVED,3734,ACK
1780652085.6060452,SEND,3735,"DATA, attempt=1"
1780652085.606622,ACK_RECEIVED,3735,ACK
1780652085.6068268,SEND,3736,"DATA, attempt=1"
1780652085.6075075,ACK_RECEIVED,3736,ACK
1780652085.60774,SEND,3737,"DATA, attempt=1"
1780652085.6084177,ACK_RECEIVED,3737,ACK
1780652085.608511,SEND,3738,"DATA, attempt=1"
1780652085.6090434,ACK_RECEIVED,3738,ACK
1780652085.6091146,SEND,3739,"DATA, attempt=1"
1780652085.6096265,ACK_RECEIVED,3739,ACK
1780652085.6097083,SEND,3740,"DATA, attempt=1"
1780652085.6104424,ACK_RECEIVED,3740,ACK
1780652085.6107574,SEND,3741,"DATA, attempt=1"
1780652085.6114326,ACK_RECEIVED,3741,ACK
1780652085.6116636,SEND,3742,"DATA, attempt=1"
1780652085.612235,ACK_RECEIVED,3742,ACK
1780652085.6123135,SEND,3743,"DATA, attempt=1"
1780652085.6131566,ACK_RECEIVED,3743,ACK
1780652085.613304,SEND,3744,"DATA, attempt=1"
1780652085.6138704,ACK_RECEIVED,3744,ACK
1780652085.6140172,SEND,3745,"DATA, attempt=1"
1780652085.614553,ACK_RECEIVED,3745,ACK
1780652085.6147578,SEND,3746,"DATA, attempt=1"
1780652085.6154478,ACK_RECEIVED,3746,ACK
1780652085.615663,SEND,3747,"DATA, attempt=1"
1780652085.6161284,ACK_RECEIVED,3747,ACK
1780652085.6162434,SEND,3748,"DATA, attempt=1"
1780652085.6167498,ACK_RECEIVED,3748,ACK
1780652085.616828,SEND,3749,"DATA, attempt=1"
1780652085.6173923,ACK_RECEIVED,3749,ACK
1780652085.6174712,SEND,3750,"DATA, attempt=1"
1780652085.6189752,ACK_RECEIVED,3750,ACK
1780652085.6192489,SEND,3751,"DATA, attempt=1"
1780652085.6215954,ACK_RECEIVED,3751,ACK
1780652085.6217933,SEND,3752,"DATA, attempt=1"
1780652085.6224422,ACK_RECEIVED,3752,ACK
1780652085.6225715,SEND,3753,"DATA, attempt=1"
1780652085.623118,ACK_RECEIVED,3753,ACK
1780652085.6232023,SEND,3754,"DATA, attempt=1"
1780652085.6237035,ACK_RECEIVED,3754,ACK
1780652085.6240118,SEND,3755,"DATA, attempt=1"
1780652085.624953,ACK_RECEIVED,3755,ACK
1780652085.6252105,SEND,3756,"DATA, attempt=1"
1780652085.6257937,ACK_RECEIVED,3756,ACK
1780652085.6260557,SEND,3757,"DATA, attempt=1"
1780652085.6272395,ACK_RECEIVED,3757,ACK
1780652085.6274233,SEND,3758,"DATA, attempt=1"
1780652085.628391,ACK_RECEIVED,3758,ACK
1780652085.628555,SEND,3759,"DATA, attempt=1"
1780652085.629099,ACK_RECEIVED,3759,ACK
1780652085.6291902,SEND,3760,"DATA, attempt=1"
1780652085.6296873,ACK_RECEIVED,3760,ACK
1780652085.6299431,SEND,3761,"DATA, attempt=1"
1780652085.6307938,ACK_RECEIVED,3761,ACK
1780652085.63098,SEND,3762,"DATA, attempt=1"
1780652085.6319559,ACK_RECEIVED,3762,ACK
1780652085.6320415,SEND,3763,"DATA, attempt=1"
1780652085.633129,ACK_RECEIVED,3763,ACK
1780652085.6332972,SEND,3764,"DATA, attempt=1"
1780652085.6342344,ACK_RECEIVED,3764,ACK
1780652085.6346107,SEND,3765,"DATA, attempt=1"
1780652085.6363246,ACK_RECEIVED,3765,ACK
1780652085.6367035,SEND,3766,"DATA, attempt=1"
1780652085.6385655,ACK_RECEIVED,3766,ACK
1780652085.638842,SEND,3767,"DATA, attempt=1"
1780652085.6400394,ACK_RECEIVED,3767,ACK
1780652085.6402516,SEND,3768,"DATA, attempt=1"
1780652085.6411126,ACK_RECEIVED,3768,ACK
1780652085.641189,SEND,3769,"DATA, attempt=1"
1780652085.6421654,ACK_RECEIVED,3769,ACK
1780652085.642297,SEND,3770,"DATA, attempt=1"
1780652085.6430206,ACK_RECEIVED,3770,ACK
1780652085.6432436,SEND,3771,"DATA, attempt=1"
1780652085.6440344,ACK_RECEIVED,3771,ACK
1780652085.644261,SEND,3772,"DATA, attempt=1"
1780652085.6454847,ACK_RECEIVED,3772,ACK
1780652085.6455781,SEND,3773,"DATA, attempt=1"
1780652085.6463163,ACK_RECEIVED,3773,ACK
1780652085.6464162,SEND,3774,"DATA, attempt=1"
1780652085.6469617,ACK_RECEIVED,3774,ACK
1780652085.6470838,SEND,3775,"DATA, attempt=1"
1780652085.6476688,ACK_RECEIVED,3775,ACK
1780652085.6478086,SEND,3776,"DATA, attempt=1"
1780652085.6482625,ACK_RECEIVED,3776,ACK
1780652085.6484632,SEND,3777,"DATA, attempt=1"
1780652085.6489437,ACK_RECEIVED,3777,ACK
1780652085.6490297,SEND,3778,"DATA, attempt=1"
1780652085.6497386,ACK_RECEIVED,3778,ACK
1780652085.6498346,SEND,3779,"DATA, attempt=1"
1780652085.6503527,ACK_RECEIVED,3779,ACK
1780652085.6504848,SEND,3780,"DATA, attempt=1"
1780652085.651044,ACK_RECEIVED,3780,ACK
1780652085.651316,SEND,3781,"DATA, attempt=1"
1780652085.6540613,ACK_RECEIVED,3781,ACK
1780652085.6544495,SEND,3782,"DATA, attempt=1"
1780652085.6554434,ACK_RECEIVED,3782,ACK
1780652085.6555645,SEND,3783,"DATA, attempt=1"
1780652085.6561506,ACK_RECEIVED,3783,ACK
1780652085.6562338,SEND,3784,"DATA, attempt=1"
1780652085.6567667,ACK_RECEIVED,3784,ACK
1780652085.6568384,SEND,3785,"DATA, attempt=1"
1780652085.65742,ACK_RECEIVED,3785,ACK
1780652085.6575546,SEND,3786,"DATA, attempt=1"
1780652085.6580462,ACK_RECEIVED,3786,ACK
1780652085.6582046,SEND,3787,"DATA, attempt=1"
1780652085.658667,ACK_RECEIVED,3787,ACK
1780652085.6587918,SEND,3788,"DATA, attempt=1"
1780652085.6599367,ACK_RECEIVED,3788,ACK
1780652085.660035,SEND,3789,"DATA, attempt=1"
1780652085.6607964,ACK_RECEIVED,3789,ACK
1780652085.660953,SEND,3790,"DATA, attempt=1"
1780652085.6615152,ACK_RECEIVED,3790,ACK
1780652085.6616595,SEND,3791,"DATA, attempt=1"
1780652085.6621354,ACK_RECEIVED,3791,ACK
1780652085.6622994,SEND,3792,"DATA, attempt=1"
1780652085.6628222,ACK_RECEIVED,3792,ACK
1780652085.6629283,SEND,3793,"DATA, attempt=1"
1780652085.6634192,ACK_RECEIVED,3793,ACK
1780652085.6635387,SEND,3794,"DATA, attempt=1"
1780652085.664007,ACK_RECEIVED,3794,ACK
1780652085.6640844,SEND,3795,"DATA, attempt=1"
1780652085.6645749,ACK_RECEIVED,3795,ACK
1780652085.664715,SEND,3796,"DATA, attempt=1"
1780652085.6652462,ACK_RECEIVED,3796,ACK
1780652085.6654718,SEND,3797,"DATA, attempt=1"
1780652085.6663058,ACK_RECEIVED,3797,ACK
1780652085.6664371,SEND,3798,"DATA, attempt=1"
1780652085.666974,ACK_RECEIVED,3798,ACK
1780652085.667057,SEND,3799,"DATA, attempt=1"
1780652085.6675112,ACK_RECEIVED,3799,ACK
1780652085.6675951,SEND,3800,"DATA, attempt=1"
1780652085.6694822,ACK_RECEIVED,3800,ACK
1780652085.6697779,SEND,3801,"DATA, attempt=1"
1780652085.67141,ACK_RECEIVED,3801,ACK
1780652085.671667,SEND,3802,"DATA, attempt=1"
1780652085.6726866,ACK_RECEIVED,3802,ACK
1780652085.6727998,SEND,3803,"DATA, attempt=1"
1780652085.673411,ACK_RECEIVED,3803,ACK
1780652085.673489,SEND,3804,"DATA, attempt=1"
1780652085.673982,ACK_RECEIVED,3804,ACK
1780652085.674056,SEND,3805,"DATA, attempt=1"
1780652085.6745675,ACK_RECEIVED,3805,ACK
1780652085.674731,SEND,3806,"DATA, attempt=1"
1780652085.6751926,ACK_RECEIVED,3806,ACK
1780652085.6753469,SEND,3807,"DATA, attempt=1"
1780652085.6758058,ACK_RECEIVED,3807,ACK
1780652085.6759162,SEND,3808,"DATA, attempt=1"
1780652085.6766267,ACK_RECEIVED,3808,ACK
1780652085.6767204,SEND,3809,"DATA, attempt=1"
1780652085.6778893,ACK_RECEIVED,3809,ACK
1780652085.6779745,SEND,3810,"DATA, attempt=1"
1780652085.6785092,ACK_RECEIVED,3810,ACK
1780652085.6787028,SEND,3811,"DATA, attempt=1"
1780652085.6792133,ACK_RECEIVED,3811,ACK
1780652085.6793995,SEND,3812,"DATA, attempt=1"
1780652085.6798763,ACK_RECEIVED,3812,ACK
1780652085.6799703,SEND,3813,"DATA, attempt=1"
1780652085.6804495,ACK_RECEIVED,3813,ACK
1780652085.6805644,SEND,3814,"DATA, attempt=1"
1780652085.681012,ACK_RECEIVED,3814,ACK
1780652085.6811721,SEND,3815,"DATA, attempt=1"
1780652085.6818721,ACK_RECEIVED,3815,ACK
1780652085.682218,SEND,3816,"DATA, attempt=1"
1780652085.682924,ACK_RECEIVED,3816,ACK
1780652085.683123,SEND,3817,"DATA, attempt=1"
1780652085.683666,ACK_RECEIVED,3817,ACK
1780652085.6838055,SEND,3818,"DATA, attempt=1"
1780652085.6844294,ACK_RECEIVED,3818,ACK
1780652085.6846492,SEND,3819,"DATA, attempt=1"
1780652085.6858575,ACK_RECEIVED,3819,ACK
1780652085.6864326,SEND,3820,"DATA, attempt=1"
1780652085.6877568,ACK_RECEIVED,3820,ACK
1780652085.6879396,SEND,3821,"DATA, attempt=1"
1780652085.6891773,ACK_RECEIVED,3821,ACK
1780652085.6893575,SEND,3822,"DATA, attempt=1"
1780652085.6899652,ACK_RECEIVED,3822,ACK
1780652085.6900592,SEND,3823,"DATA, attempt=1"
1780652085.690585,ACK_RECEIVED,3823,ACK
1780652085.6906686,SEND,3824,"DATA, attempt=1"
1780652085.6911368,ACK_RECEIVED,3824,ACK
1780652085.6912212,SEND,3825,"DATA, attempt=1"
1780652085.6917086,ACK_RECEIVED,3825,ACK
1780652085.6919405,SEND,3826,"DATA, attempt=1"
1780652085.6929302,ACK_RECEIVED,3826,ACK
1780652085.6930962,SEND,3827,"DATA, attempt=1"
1780652085.6936052,ACK_RECEIVED,3827,ACK
1780652085.6937604,SEND,3828,"DATA, attempt=1"
1780652085.6947072,ACK_RECEIVED,3828,ACK
1780652085.6948037,SEND,3829,"DATA, attempt=1"
1780652085.6954398,ACK_RECEIVED,3829,ACK
1780652085.6955683,SEND,3830,"DATA, attempt=1"
1780652085.6960886,ACK_RECEIVED,3830,ACK
1780652085.6962621,SEND,3831,"DATA, attempt=1"
1780652085.6967502,ACK_RECEIVED,3831,ACK
1780652085.6969569,SEND,3832,"DATA, attempt=1"
1780652085.6975682,ACK_RECEIVED,3832,ACK
1780652085.6977067,SEND,3833,"DATA, attempt=1"
1780652085.6982598,ACK_RECEIVED,3833,ACK
1780652085.6983392,SEND,3834,"DATA, attempt=1"
1780652085.6988466,ACK_RECEIVED,3834,ACK
1780652085.698933,SEND,3835,"DATA, attempt=1"
1780652085.6994934,ACK_RECEIVED,3835,ACK
1780652085.6997027,SEND,3836,"DATA, attempt=1"
1780652085.7002363,ACK_RECEIVED,3836,ACK
1780652085.7004318,SEND,3837,"DATA, attempt=1"
1780652085.7017598,ACK_RECEIVED,3837,ACK
1780652085.701888,SEND,3838,"DATA, attempt=1"
1780652085.70369,ACK_RECEIVED,3838,ACK
1780652085.7038848,SEND,3839,"DATA, attempt=1"
1780652085.7054803,ACK_RECEIVED,3839,ACK
1780652085.7055821,SEND,3840,"DATA, attempt=1"
1780652085.7062662,ACK_RECEIVED,3840,ACK
1780652085.7064784,SEND,3841,"DATA, attempt=1"
1780652085.7070453,ACK_RECEIVED,3841,ACK
1780652085.707215,SEND,3842,"DATA, attempt=1"
1780652085.7077138,ACK_RECEIVED,3842,ACK
1780652085.7077868,SEND,3843,"DATA, attempt=1"
1780652085.7084684,ACK_RECEIVED,3843,ACK
1780652085.7086058,SEND,3844,"DATA, attempt=1"
1780652085.7092094,ACK_RECEIVED,3844,ACK
1780652085.70934,SEND,3845,"DATA, attempt=1"
1780652085.7101161,ACK_RECEIVED,3845,ACK
1780652085.7104144,SEND,3846,"DATA, attempt=1"
1780652085.7110357,ACK_RECEIVED,3846,ACK
1780652085.7112808,SEND,3847,"DATA, attempt=1"
1780652085.7117798,ACK_RECEIVED,3847,ACK
1780652085.7119017,SEND,3848,"DATA, attempt=1"
1780652085.712362,ACK_RECEIVED,3848,ACK
1780652085.7124534,SEND,3849,"DATA, attempt=1"
1780652085.7129927,ACK_RECEIVED,3849,ACK
1780652085.7130675,SEND,3850,"DATA, attempt=1"
1780652085.7138503,ACK_RECEIVED,3850,ACK
1780652085.7140183,SEND,3851,"DATA, attempt=1"
1780652085.7145174,ACK_RECEIVED,3851,ACK
1780652085.7146707,SEND,3852,"DATA, attempt=1"
1780652085.715112,ACK_RECEIVED,3852,ACK
1780652085.7152586,SEND,3853,"DATA, attempt=1"
1780652085.7158332,ACK_RECEIVED,3853,ACK
1780652085.7159317,SEND,3854,"DATA, attempt=1"
1780652085.7166667,ACK_RECEIVED,3854,ACK
1780652085.7168844,SEND,3855,"DATA, attempt=1"
1780652085.7174761,ACK_RECEIVED,3855,ACK
1780652085.7176373,SEND,3856,"DATA, attempt=1"
1780652085.7201345,ACK_RECEIVED,3856,ACK
1780652085.7205386,SEND,3857,"DATA, attempt=1"
1780652085.7218013,ACK_RECEIVED,3857,ACK
1780652085.721962,SEND,3858,"DATA, attempt=1"
1780652085.7230947,ACK_RECEIVED,3858,ACK
1780652085.7232072,SEND,3859,"DATA, attempt=1"
1780652085.7237592,ACK_RECEIVED,3859,ACK
1780652085.7238848,SEND,3860,"DATA, attempt=1"
1780652085.724373,ACK_RECEIVED,3860,ACK
1780652085.724588,SEND,3861,"DATA, attempt=1"
1780652085.7251139,ACK_RECEIVED,3861,ACK
1780652085.7252727,SEND,3862,"DATA, attempt=1"
1780652085.7261775,ACK_RECEIVED,3862,ACK
1780652085.726275,SEND,3863,"DATA, attempt=1"
1780652085.7268798,ACK_RECEIVED,3863,ACK
1780652085.7269645,SEND,3864,"DATA, attempt=1"
1780652085.727431,ACK_RECEIVED,3864,ACK
1780652085.7275612,SEND,3865,"DATA, attempt=1"
1780652085.7280557,ACK_RECEIVED,3865,ACK
1780652085.7282336,SEND,3866,"DATA, attempt=1"
1780652085.7292516,ACK_RECEIVED,3866,ACK
1780652085.7294433,SEND,3867,"DATA, attempt=1"
1780652085.7299733,ACK_RECEIVED,3867,ACK
1780652085.7301855,SEND,3868,"DATA, attempt=1"
1780652085.7307508,ACK_RECEIVED,3868,ACK
1780652085.730909,SEND,3869,"DATA, attempt=1"
1780652085.7314622,ACK_RECEIVED,3869,ACK
1780652085.731542,SEND,3870,"DATA, attempt=1"
1780652085.732033,ACK_RECEIVED,3870,ACK
1780652085.732182,SEND,3871,"DATA, attempt=1"
1780652085.7326837,ACK_RECEIVED,3871,ACK
1780652085.7329078,SEND,3872,"DATA, attempt=1"
1780652085.733355,ACK_RECEIVED,3872,ACK
1780652085.7334404,SEND,3873,"DATA, attempt=1"
1780652085.7340093,ACK_RECEIVED,3873,ACK
1780652085.7348702,SEND,3874,"DATA, attempt=1"
1780652085.7372305,ACK_RECEIVED,3874,ACK
1780652085.7373865,SEND,3875,"DATA, attempt=1"
1780652085.7382789,ACK_RECEIVED,3875,ACK
1780652085.7384698,SEND,3876,"DATA, attempt=1"
1780652085.7390184,ACK_RECEIVED,3876,ACK
1780652085.7391958,SEND,3877,"DATA, attempt=1"
1780652085.739736,ACK_RECEIVED,3877,ACK
1780652085.7398262,SEND,3878,"DATA, attempt=1"
1780652085.7403243,ACK_RECEIVED,3878,ACK
1780652085.7404125,SEND,3879,"DATA, attempt=1"
1780652085.7409756,ACK_RECEIVED,3879,ACK
1780652085.741065,SEND,3880,"DATA, attempt=1"
1780652085.7415102,ACK_RECEIVED,3880,ACK
1780652085.7416525,SEND,3881,"DATA, attempt=1"
1780652085.742187,ACK_RECEIVED,3881,ACK
1780652085.7425025,SEND,3882,"DATA, attempt=1"
1780652085.7437508,ACK_RECEIVED,3882,ACK
1780652085.7438533,SEND,3883,"DATA, attempt=1"
1780652085.7444155,ACK_RECEIVED,3883,ACK
1780652085.744539,SEND,3884,"DATA, attempt=1"
1780652085.7450576,ACK_RECEIVED,3884,ACK
1780652085.745174,SEND,3885,"DATA, attempt=1"
1780652085.7457042,ACK_RECEIVED,3885,ACK
1780652085.7458518,SEND,3886,"DATA, attempt=1"
1780652085.7463593,ACK_RECEIVED,3886,ACK
1780652085.7465503,SEND,3887,"DATA, attempt=1"
1780652085.7469914,ACK_RECEIVED,3887,ACK
1780652085.7470663,SEND,3888,"DATA, attempt=1"
1780652085.747578,ACK_RECEIVED,3888,ACK
1780652085.7476642,SEND,3889,"DATA, attempt=1"
1780652085.7481472,ACK_RECEIVED,3889,ACK
1780652085.7482631,SEND,3890,"DATA, attempt=1"
1780652085.7490847,ACK_RECEIVED,3890,ACK
1780652085.749471,SEND,3891,"DATA, attempt=1"
1780652085.7501714,ACK_RECEIVED,3891,ACK
1780652085.7503824,SEND,3892,"DATA, attempt=1"
1780652085.750845,ACK_RECEIVED,3892,ACK
1780652085.750966,SEND,3893,"DATA, attempt=1"
1780652085.7527933,ACK_RECEIVED,3893,ACK
1780652085.7535737,SEND,3894,"DATA, attempt=1"
1780652085.754636,ACK_RECEIVED,3894,ACK
1780652085.7547548,SEND,3895,"DATA, attempt=1"
1780652085.7556667,ACK_RECEIVED,3895,ACK
1780652085.7559311,SEND,3896,"DATA, attempt=1"
1780652085.7565825,ACK_RECEIVED,3896,ACK
1780652085.7567744,SEND,3897,"DATA, attempt=1"
1780652085.757336,ACK_RECEIVED,3897,ACK
1780652085.75742,SEND,3898,"DATA, attempt=1"
1780652085.7578967,ACK_RECEIVED,3898,ACK
1780652085.7579749,SEND,3899,"DATA, attempt=1"
1780652085.7588618,ACK_RECEIVED,3899,ACK
1780652085.7589977,SEND,3900,"DATA, attempt=1"
1780652085.7595806,ACK_RECEIVED,3900,ACK
1780652085.75977,SEND,3901,"DATA, attempt=1"
1780652085.760529,ACK_RECEIVED,3901,ACK
1780652085.7607625,SEND,3902,"DATA, attempt=1"
1780652085.7612288,ACK_RECEIVED,3902,ACK
1780652085.7613132,SEND,3903,"DATA, attempt=1"
1780652085.7617943,ACK_RECEIVED,3903,ACK
1780652085.7618687,SEND,3904,"DATA, attempt=1"
1780652085.7623327,ACK_RECEIVED,3904,ACK
1780652085.762454,SEND,3905,"DATA, attempt=1"
1780652085.762939,ACK_RECEIVED,3905,ACK
1780652085.7630866,SEND,3906,"DATA, attempt=1"
1780652085.7639472,ACK_RECEIVED,3906,ACK
1780652085.7643664,SEND,3907,"DATA, attempt=1"
1780652085.7649724,ACK_RECEIVED,3907,ACK
1780652085.7650783,SEND,3908,"DATA, attempt=1"
1780652085.7657764,ACK_RECEIVED,3908,ACK
1780652085.7658768,SEND,3909,"DATA, attempt=1"
1780652085.7664006,ACK_RECEIVED,3909,ACK
1780652085.7664866,SEND,3910,"DATA, attempt=1"
1780652085.7669728,ACK_RECEIVED,3910,ACK
1780652085.767145,SEND,3911,"DATA, attempt=1"
1780652085.7676759,ACK_RECEIVED,3911,ACK
1780652085.7681227,SEND,3912,"DATA, attempt=1"
1780652085.7711296,ACK_RECEIVED,3912,ACK
1780652085.7712433,SEND,3913,"DATA, attempt=1"
1780652085.7720995,ACK_RECEIVED,3913,ACK
1780652085.7722058,SEND,3914,"DATA, attempt=1"
1780652085.7727787,ACK_RECEIVED,3914,ACK
1780652085.772886,SEND,3915,"DATA, attempt=1"
1780652085.7733967,ACK_RECEIVED,3915,ACK
1780652085.7736175,SEND,3916,"DATA, attempt=1"
1780652085.7740812,ACK_RECEIVED,3916,ACK
1780652085.7742755,SEND,3917,"DATA, attempt=1"
1780652085.774734,ACK_RECEIVED,3917,ACK
1780652085.7748091,SEND,3918,"DATA, attempt=1"
1780652085.7757733,ACK_RECEIVED,3918,ACK
1780652085.7759895,SEND,3919,"DATA, attempt=1"
1780652085.7768402,ACK_RECEIVED,3919,ACK
1780652085.776939,SEND,3920,"DATA, attempt=1"
1780652085.7774553,ACK_RECEIVED,3920,ACK
1780652085.7776523,SEND,3921,"DATA, attempt=1"
1780652085.778156,ACK_RECEIVED,3921,ACK
1780652085.7783396,SEND,3922,"DATA, attempt=1"
1780652085.778803,ACK_RECEIVED,3922,ACK
1780652085.778893,SEND,3923,"DATA, attempt=1"
1780652085.7793274,ACK_RECEIVED,3923,ACK
1780652085.77941,SEND,3924,"DATA, attempt=1"
1780652085.7798831,ACK_RECEIVED,3924,ACK
1780652085.7799568,SEND,3925,"DATA, attempt=1"
1780652085.780496,ACK_RECEIVED,3925,ACK
1780652085.7806742,SEND,3926,"DATA, attempt=1"
1780652085.781135,ACK_RECEIVED,3926,ACK
1780652085.7813258,SEND,3927,"DATA, attempt=1"
1780652085.7830768,ACK_RECEIVED,3927,ACK
1780652085.7831895,SEND,3928,"DATA, attempt=1"
1780652085.784104,ACK_RECEIVED,3928,ACK
1780652085.7857997,SEND,3929,"DATA, attempt=1"
1780652085.7892046,ACK_RECEIVED,3929,ACK
1780652085.789302,SEND,3930,"DATA, attempt=1"
1780652085.790311,ACK_RECEIVED,3930,ACK
1780652085.7904744,SEND,3931,"DATA, attempt=1"
1780652085.7911458,ACK_RECEIVED,3931,ACK
1780652085.7913666,SEND,3932,"DATA, attempt=1"
1780652085.7922263,ACK_RECEIVED,3932,ACK
1780652085.7922986,SEND,3933,"DATA, attempt=1"
1780652085.793146,ACK_RECEIVED,3933,ACK
1780652085.793218,SEND,3934,"DATA, attempt=1"
1780652085.7940493,ACK_RECEIVED,3934,ACK
1780652085.7945504,SEND,3935,"DATA, attempt=1"
1780652085.7958233,ACK_RECEIVED,3935,ACK
1780652085.7960937,SEND,3936,"DATA, attempt=1"
1780652085.7970123,ACK_RECEIVED,3936,ACK
1780652085.7971714,SEND,3937,"DATA, attempt=1"
1780652085.7979,ACK_RECEIVED,3937,ACK
1780652085.7981071,SEND,3938,"DATA, attempt=1"
1780652085.798784,ACK_RECEIVED,3938,ACK
1780652085.7989497,SEND,3939,"DATA, attempt=1"
1780652085.7997565,ACK_RECEIVED,3939,ACK
1780652085.799828,SEND,3940,"DATA, attempt=1"
1780652085.8042476,ACK_RECEIVED,3940,ACK
1780652085.8050027,SEND,3941,"DATA, attempt=1"
1780652085.806299,ACK_RECEIVED,3941,ACK
1780652085.806492,SEND,3942,"DATA, attempt=1"
1780652085.8073795,ACK_RECEIVED,3942,ACK
1780652085.8074918,SEND,3943,"DATA, attempt=1"
1780652085.8083305,ACK_RECEIVED,3943,ACK
1780652085.8084297,SEND,3944,"DATA, attempt=1"
1780652085.8092566,ACK_RECEIVED,3944,ACK
1780652085.8093636,SEND,3945,"DATA, attempt=1"
1780652085.8110363,ACK_RECEIVED,3945,ACK
1780652085.8112576,SEND,3946,"DATA, attempt=1"
1780652085.8120155,ACK_RECEIVED,3946,ACK
1780652085.8122182,SEND,3947,"DATA, attempt=1"
1780652085.8129408,ACK_RECEIVED,3947,ACK
1780652085.813038,SEND,3948,"DATA, attempt=1"
1780652085.813623,ACK_RECEIVED,3948,ACK
1780652085.8137193,SEND,3949,"DATA, attempt=1"
1780652085.814291,ACK_RECEIVED,3949,ACK
1780652085.8143797,SEND,3950,"DATA, attempt=1"
1780652085.815,ACK_RECEIVED,3950,ACK
1780652085.815176,SEND,3951,"DATA, attempt=1"
1780652085.8156986,ACK_RECEIVED,3951,ACK
1780652085.8158724,SEND,3952,"DATA, attempt=1"
1780652085.8174386,ACK_RECEIVED,3952,ACK
1780652085.8176143,SEND,3953,"DATA, attempt=1"
1780652085.8206356,ACK_RECEIVED,3953,ACK
1780652085.8546333,SEND,3954,"DATA, attempt=1"
1780652085.8558977,ACK_RECEIVED,3954,ACK
1780652085.8560414,SEND,3955,"DATA, attempt=1"
1780652085.8569198,ACK_RECEIVED,3955,ACK
1780652085.857156,SEND,3956,"DATA, attempt=1"
1780652085.8582742,ACK_RECEIVED,3956,ACK
1780652085.8584993,SEND,3957,"DATA, attempt=1"
1780652085.8593616,ACK_RECEIVED,3957,ACK
1780652085.859513,SEND,3958,"DATA, attempt=1"
1780652085.8605132,ACK_RECEIVED,3958,ACK
1780652085.8606374,SEND,3959,"DATA, attempt=1"
1780652085.8614576,ACK_RECEIVED,3959,ACK
1780652085.8615777,SEND,3960,"DATA, attempt=1"
1780652085.8623912,ACK_RECEIVED,3960,ACK
1780652085.862611,SEND,3961,"DATA, attempt=1"
1780652085.8637595,ACK_RECEIVED,3961,ACK
1780652085.864096,SEND,3962,"DATA, attempt=1"
1780652085.8648937,ACK_RECEIVED,3962,ACK
1780652085.8650198,SEND,3963,"DATA, attempt=1"
1780652085.8673365,ACK_RECEIVED,3963,ACK
1780652085.8715465,SEND,3964,"DATA, attempt=1"
1780652085.8749044,ACK_RECEIVED,3964,ACK
1780652085.8750982,SEND,3965,"DATA, attempt=1"
1780652085.876712,ACK_RECEIVED,3965,ACK
1780652085.8769567,SEND,3966,"DATA, attempt=1"
1780652085.8780317,ACK_RECEIVED,3966,ACK
1780652085.8782938,SEND,3967,"DATA, attempt=1"
1780652085.8790774,ACK_RECEIVED,3967,ACK
1780652085.879187,SEND,3968,"DATA, attempt=1"
1780652085.879855,ACK_RECEIVED,3968,ACK
1780652085.880062,SEND,3969,"DATA, attempt=1"
1780652085.880886,ACK_RECEIVED,3969,ACK
1780652085.8809729,SEND,3970,"DATA, attempt=1"
1780652085.881622,ACK_RECEIVED,3970,ACK
1780652085.8817968,SEND,3971,"DATA, attempt=1"
1780652085.882951,ACK_RECEIVED,3971,ACK
1780652085.8832018,SEND,3972,"DATA, attempt=1"
1780652085.8843338,ACK_RECEIVED,3972,ACK
1780652085.8845427,SEND,3973,"DATA, attempt=1"
1780652085.8860621,ACK_RECEIVED,3973,ACK
1780652085.8862283,SEND,3974,"DATA, attempt=1"
1780652085.8878505,ACK_RECEIVED,3974,ACK
1780652085.8880734,SEND,3975,"DATA, attempt=1"
1780652085.889345,ACK_RECEIVED,3975,ACK
1780652085.8895447,SEND,3976,"DATA, attempt=1"
1780652085.8903172,ACK_RECEIVED,3976,ACK
1780652085.890528,SEND,3977,"DATA, attempt=1"
1780652085.89131,ACK_RECEIVED,3977,ACK
1780652085.8913884,SEND,3978,"DATA, attempt=1"
1780652085.892005,ACK_RECEIVED,3978,ACK
1780652085.892086,SEND,3979,"DATA, attempt=1"
1780652085.893089,ACK_RECEIVED,3979,ACK
1780652085.8932362,SEND,3980,"DATA, attempt=1"
1780652085.894135,ACK_RECEIVED,3980,ACK
1780652085.8943336,SEND,3981,"DATA, attempt=1"
1780652085.8950694,ACK_RECEIVED,3981,ACK
1780652085.8952532,SEND,3982,"DATA, attempt=1"
1780652085.8958213,ACK_RECEIVED,3982,ACK
1780652085.8959167,SEND,3983,"DATA, attempt=1"
1780652085.8964164,ACK_RECEIVED,3983,ACK
1780652085.8964992,SEND,3984,"DATA, attempt=1"
1780652085.89697,ACK_RECEIVED,3984,ACK
1780652085.897115,SEND,3985,"DATA, attempt=1"
1780652085.898057,ACK_RECEIVED,3985,ACK
1780652085.8982825,SEND,3986,"DATA, attempt=1"
1780652085.8994088,ACK_RECEIVED,3986,ACK
1780652085.8996782,SEND,3987,"DATA, attempt=1"
1780652085.9004958,ACK_RECEIVED,3987,ACK
1780652085.9006264,SEND,3988,"DATA, attempt=1"
1780652085.9015825,ACK_RECEIVED,3988,ACK
1780652085.9017572,SEND,3989,"DATA, attempt=1"
1780652085.9034767,ACK_RECEIVED,3989,ACK
1780652085.9036438,SEND,3990,"DATA, attempt=1"
1780652085.9052246,ACK_RECEIVED,3990,ACK
1780652085.9055598,SEND,3991,"DATA, attempt=1"
1780652085.906537,ACK_RECEIVED,3991,ACK
1780652085.9067736,SEND,3992,"DATA, attempt=1"
1780652085.9075162,ACK_RECEIVED,3992,ACK
1780652085.9076025,SEND,3993,"DATA, attempt=1"
1780652085.9082537,ACK_RECEIVED,3993,ACK
1780652085.9083407,SEND,3994,"DATA, attempt=1"
1780652085.9089296,ACK_RECEIVED,3994,ACK
1780652085.9091005,SEND,3995,"DATA, attempt=1"
1780652085.9099996,ACK_RECEIVED,3995,ACK
1780652085.9102,SEND,3996,"DATA, attempt=1"
1780652085.9110873,ACK_RECEIVED,3996,ACK
1780652085.9113245,SEND,3997,"DATA, attempt=1"
1780652085.9121232,ACK_RECEIVED,3997,ACK
1780652085.9122403,SEND,3998,"DATA, attempt=1"
1780652085.9128866,ACK_RECEIVED,3998,ACK
1780652085.912987,SEND,3999,"DATA, attempt=1"
1780652085.9135337,ACK_RECEIVED,3999,ACK
1780652085.9136198,SEND,4000,"DATA, attempt=1"
1780652085.9147344,ACK_RECEIVED,4000,ACK
1780652085.914927,SEND,4001,"DATA, attempt=1"
1780652085.915847,ACK_RECEIVED,4001,ACK
1780652085.916063,SEND,4002,"DATA, attempt=1"
1780652085.916899,ACK_RECEIVED,4002,ACK
1780652085.9171157,SEND,4003,"DATA, attempt=1"
1780652085.9181294,ACK_RECEIVED,4003,ACK
1780652085.9182749,SEND,4004,"DATA, attempt=1"
1780652085.9195824,ACK_RECEIVED,4004,ACK
1780652085.9197478,SEND,4005,"DATA, attempt=1"
1780652085.9213188,ACK_RECEIVED,4005,ACK
1780652085.9215157,SEND,4006,"DATA, attempt=1"
1780652085.9225543,ACK_RECEIVED,4006,ACK
1780652085.9229002,SEND,4007,"DATA, attempt=1"
1780652085.9239278,ACK_RECEIVED,4007,ACK
1780652085.9240916,SEND,4008,"DATA, attempt=1"
1780652085.9249973,ACK_RECEIVED,4008,ACK
1780652085.9252312,SEND,4009,"DATA, attempt=1"
1780652085.9259238,ACK_RECEIVED,4009,ACK
1780652085.9260168,SEND,4010,"DATA, attempt=1"
1780652085.9268894,ACK_RECEIVED,4010,ACK
1780652085.9271026,SEND,4011,"DATA, attempt=1"
1780652085.9279222,ACK_RECEIVED,4011,ACK
1780652085.928207,SEND,4012,"DATA, attempt=1"
1780652085.929197,ACK_RECEIVED,4012,ACK
1780652085.9292974,SEND,4013,"DATA, attempt=1"
1780652085.930287,ACK_RECEIVED,4013,ACK
1780652085.9304147,SEND,4014,"DATA, attempt=1"
1780652085.9311464,ACK_RECEIVED,4014,ACK
1780652085.931254,SEND,4015,"DATA, attempt=1"
1780652085.9321861,ACK_RECEIVED,4015,ACK
1780652085.9323823,SEND,4016,"DATA, attempt=1"
1780652085.9330497,ACK_RECEIVED,4016,ACK
1780652085.9332325,SEND,4017,"DATA, attempt=1"
1780652085.9339354,ACK_RECEIVED,4017,ACK
1780652085.93414,SEND,4018,"DATA, attempt=1"
1780652085.935143,ACK_RECEIVED,4018,ACK
1780652085.9355114,SEND,4019,"DATA, attempt=1"
1780652085.9375155,ACK_RECEIVED,4019,ACK
1780652085.9377506,SEND,4020,"DATA, attempt=1"
1780652085.9390633,ACK_RECEIVED,4020,ACK
1780652085.9393504,SEND,4021,"DATA, attempt=1"
1780652085.9403648,ACK_RECEIVED,4021,ACK
1780652085.9406464,SEND,4022,"DATA, attempt=1"
1780652085.9413772,ACK_RECEIVED,4022,ACK
1780652085.9414928,SEND,4023,"DATA, attempt=1"
1780652085.942192,ACK_RECEIVED,4023,ACK
1780652085.9423196,SEND,4024,"DATA, attempt=1"
1780652085.9432006,ACK_RECEIVED,4024,ACK
1780652085.943313,SEND,4025,"DATA, attempt=1"
1780652085.9445317,ACK_RECEIVED,4025,ACK
1780652085.9447787,SEND,4026,"DATA, attempt=1"
1780652085.9458401,ACK_RECEIVED,4026,ACK
1780652085.9461322,SEND,4027,"DATA, attempt=1"
1780652085.9468927,ACK_RECEIVED,4027,ACK
1780652085.947117,SEND,4028,"DATA, attempt=1"
1780652085.9477403,ACK_RECEIVED,4028,ACK
1780652085.9478705,SEND,4029,"DATA, attempt=1"
1780652085.9490924,ACK_RECEIVED,4029,ACK
1780652085.9492598,SEND,4030,"DATA, attempt=1"
1780652085.950119,ACK_RECEIVED,4030,ACK
1780652085.950406,SEND,4031,"DATA, attempt=1"
1780652085.951395,ACK_RECEIVED,4031,ACK
1780652085.9516475,SEND,4032,"DATA, attempt=1"
1780652085.9529536,ACK_RECEIVED,4032,ACK
1780652085.9532318,SEND,4033,"DATA, attempt=1"
1780652085.9548206,ACK_RECEIVED,4033,ACK
1780652085.9550586,SEND,4034,"DATA, attempt=1"
1780652085.9562664,ACK_RECEIVED,4034,ACK
1780652085.956463,SEND,4035,"DATA, attempt=1"
1780652085.957287,ACK_RECEIVED,4035,ACK
1780652085.9575396,SEND,4036,"DATA, attempt=1"
1780652085.9584913,ACK_RECEIVED,4036,ACK
1780652085.9586744,SEND,4037,"DATA, attempt=1"
1780652085.9596808,ACK_RECEIVED,4037,ACK
1780652085.959798,SEND,4038,"DATA, attempt=1"
1780652085.960621,ACK_RECEIVED,4038,ACK
1780652085.96081,SEND,4039,"DATA, attempt=1"
1780652085.961507,ACK_RECEIVED,4039,ACK
1780652085.9616616,SEND,4040,"DATA, attempt=1"
1780652085.9627774,ACK_RECEIVED,4040,ACK
1780652085.9630218,SEND,4041,"DATA, attempt=1"
1780652085.964059,ACK_RECEIVED,4041,ACK
1780652085.964295,SEND,4042,"DATA, attempt=1"
1780652085.9651787,ACK_RECEIVED,4042,ACK
1780652085.9653742,SEND,4043,"DATA, attempt=1"
1780652085.9660401,ACK_RECEIVED,4043,ACK
1780652085.966122,SEND,4044,"DATA, attempt=1"
1780652085.9669528,ACK_RECEIVED,4044,ACK
1780652085.9671075,SEND,4045,"DATA, attempt=1"
1780652085.9681497,ACK_RECEIVED,4045,ACK
1780652085.96854,SEND,4046,"DATA, attempt=1"
1780652085.9700186,ACK_RECEIVED,4046,ACK
1780652085.9702985,SEND,4047,"DATA, attempt=1"
1780652085.9716854,ACK_RECEIVED,4047,ACK
1780652085.9718206,SEND,4048,"DATA, attempt=1"
1780652085.9727387,ACK_RECEIVED,4048,ACK
1780652085.9728615,SEND,4049,"DATA, attempt=1"
1780652085.9739878,ACK_RECEIVED,4049,ACK
1780652085.9742007,SEND,4050,"DATA, attempt=1"
1780652085.9749672,ACK_RECEIVED,4050,ACK
1780652085.9752345,SEND,4051,"DATA, attempt=1"
1780652085.976025,ACK_RECEIVED,4051,ACK
1780652085.976213,SEND,4052,"DATA, attempt=1"
1780652085.9771457,ACK_RECEIVED,4052,ACK
1780652085.9773364,SEND,4053,"DATA, attempt=1"
1780652085.9782708,ACK_RECEIVED,4053,ACK
1780652085.978372,SEND,4054,"DATA, attempt=1"
1780652085.9791408,ACK_RECEIVED,4054,ACK
1780652085.9792569,SEND,4055,"DATA, attempt=1"
1780652085.9801667,ACK_RECEIVED,4055,ACK
1780652085.9804497,SEND,4056,"DATA, attempt=1"
1780652085.98125,ACK_RECEIVED,4056,ACK
1780652085.9815133,SEND,4057,"DATA, attempt=1"
1780652085.9821556,ACK_RECEIVED,4057,ACK
1780652085.9822457,SEND,4058,"DATA, attempt=1"
1780652085.9828818,ACK_RECEIVED,4058,ACK
1780652085.983072,SEND,4059,"DATA, attempt=1"
1780652085.9839282,ACK_RECEIVED,4059,ACK
1780652085.9840274,SEND,4060,"DATA, attempt=1"
1780652085.9857597,ACK_RECEIVED,4060,ACK
1780652085.9860659,SEND,4061,"DATA, attempt=1"
1780652085.9876866,ACK_RECEIVED,4061,ACK
1780652085.9880893,SEND,4062,"DATA, attempt=1"
1780652085.9890954,ACK_RECEIVED,4062,ACK
1780652085.9892411,SEND,4063,"DATA, attempt=1"
1780652085.990282,ACK_RECEIVED,4063,ACK
1780652085.9903884,SEND,4064,"DATA, attempt=1"
1780652085.9912684,ACK_RECEIVED,4064,ACK
1780652085.9914982,SEND,4065,"DATA, attempt=1"
1780652085.992225,ACK_RECEIVED,4065,ACK
1780652085.9924288,SEND,4066,"DATA, attempt=1"
1780652085.9932146,ACK_RECEIVED,4066,ACK
1780652085.9935706,SEND,4067,"DATA, attempt=1"
1780652085.9944372,ACK_RECEIVED,4067,ACK
1780652085.994549,SEND,4068,"DATA, attempt=1"
1780652085.9954557,ACK_RECEIVED,4068,ACK
1780652085.995567,SEND,4069,"DATA, attempt=1"
1780652085.9965878,ACK_RECEIVED,4069,ACK
1780652085.9968164,SEND,4070,"DATA, attempt=1"
1780652085.9978046,ACK_RECEIVED,4070,ACK
1780652085.9980023,SEND,4071,"DATA, attempt=1"
1780652085.9987557,ACK_RECEIVED,4071,ACK
1780652085.9989135,SEND,4072,"DATA, attempt=1"
1780652085.9995885,ACK_RECEIVED,4072,ACK
1780652085.9996989,SEND,4073,"DATA, attempt=1"
1780652086.0004828,ACK_RECEIVED,4073,ACK
1780652086.000658,SEND,4074,"DATA, attempt=1"
1780652086.0015025,ACK_RECEIVED,4074,ACK
1780652086.0018053,SEND,4075,"DATA, attempt=1"
1780652086.0034523,ACK_RECEIVED,4075,ACK
1780652086.0037286,SEND,4076,"DATA, attempt=1"
1780652086.0052288,ACK_RECEIVED,4076,ACK
1780652086.0055358,SEND,4077,"DATA, attempt=1"
1780652086.0065305,ACK_RECEIVED,4077,ACK
1780652086.0066304,SEND,4078,"DATA, attempt=1"
1780652086.00727,ACK_RECEIVED,4078,ACK
1780652086.0074522,SEND,4079,"DATA, attempt=1"
1780652086.008129,ACK_RECEIVED,4079,ACK
1780652086.008341,SEND,4080,"DATA, attempt=1"
1780652086.0092747,ACK_RECEIVED,4080,ACK
1780652086.0096686,SEND,4081,"DATA, attempt=1"
1780652086.010561,ACK_RECEIVED,4081,ACK
1780652086.0107675,SEND,4082,"DATA, attempt=1"
1780652086.011734,ACK_RECEIVED,4082,ACK
1780652086.011907,SEND,4083,"DATA, attempt=1"
1780652086.012723,ACK_RECEIVED,4083,ACK
1780652086.012809,SEND,4084,"DATA, attempt=1"
1780652086.0134666,ACK_RECEIVED,4084,ACK
1780652086.0135698,SEND,4085,"DATA, attempt=1"
1780652086.014313,ACK_RECEIVED,4085,ACK
1780652086.0144975,SEND,4086,"DATA, attempt=1"
1780652086.0154426,ACK_RECEIVED,4086,ACK
1780652086.0157225,SEND,4087,"DATA, attempt=1"
1780652086.0165813,ACK_RECEIVED,4087,ACK
1780652086.0167167,SEND,4088,"DATA, attempt=1"
1780652086.0177462,ACK_RECEIVED,4088,ACK
1780652086.0179465,SEND,4089,"DATA, attempt=1"
1780652086.019408,ACK_RECEIVED,4089,ACK
1780652086.019577,SEND,4090,"DATA, attempt=1"
1780652086.021081,ACK_RECEIVED,4090,ACK
1780652086.021349,SEND,4091,"DATA, attempt=1"
1780652086.0223227,ACK_RECEIVED,4091,ACK
1780652086.0225327,SEND,4092,"DATA, attempt=1"
1780652086.023427,ACK_RECEIVED,4092,ACK
1780652086.0235438,SEND,4093,"DATA, attempt=1"
1780652086.0242631,ACK_RECEIVED,4093,ACK
1780652086.0243902,SEND,4094,"DATA, attempt=1"
1780652086.0250435,ACK_RECEIVED,4094,ACK
1780652086.0252428,SEND,4095,"DATA, attempt=1"
1780652086.0260491,ACK_RECEIVED,4095,ACK
1780652086.0262487,SEND,4096,"DATA, attempt=1"
1780652086.0270057,ACK_RECEIVED,4096,ACK
1780652086.0274978,SEND,4097,"DATA, attempt=1"
1780652086.0287352,ACK_RECEIVED,4097,ACK
1780652086.0288565,SEND,4098,"DATA, attempt=1"
1780652086.0296001,ACK_RECEIVED,4098,ACK
1780652086.0297434,SEND,4099,"DATA, attempt=1"
1780652086.0303812,ACK_RECEIVED,4099,ACK
1780652086.030522,SEND,4100,"DATA, attempt=1"
1780652086.03112,ACK_RECEIVED,4100,ACK
1780652086.03126,SEND,4101,"DATA, attempt=1"
1780652086.0318341,ACK_RECEIVED,4101,ACK
1780652086.0320015,SEND,4102,"DATA, attempt=1"
1780652086.0328913,ACK_RECEIVED,4102,ACK
1780652086.0330014,SEND,4103,"DATA, attempt=1"
1780652086.0337398,ACK_RECEIVED,4103,ACK
1780652086.0338259,SEND,4104,"DATA, attempt=1"
1780652086.0349658,ACK_RECEIVED,4104,ACK
1780652086.0351014,SEND,4105,"DATA, attempt=1"
1780652086.0366275,ACK_RECEIVED,4105,ACK
1780652086.0369432,SEND,4106,"DATA, attempt=1"
1780652086.0388157,ACK_RECEIVED,4106,ACK
1780652086.0390651,SEND,4107,"DATA, attempt=1"
1780652086.040076,ACK_RECEIVED,4107,ACK
1780652086.0401635,SEND,4108,"DATA, attempt=1"
1780652086.0410423,ACK_RECEIVED,4108,ACK
1780652086.0412426,SEND,4109,"DATA, attempt=1"
1780652086.0423331,ACK_RECEIVED,4109,ACK
1780652086.0425322,SEND,4110,"DATA, attempt=1"
1780652086.0434694,ACK_RECEIVED,4110,ACK
1780652086.043646,SEND,4111,"DATA, attempt=1"
1780652086.0443943,ACK_RECEIVED,4111,ACK
1780652086.0445619,SEND,4112,"DATA, attempt=1"
1780652086.0452075,ACK_RECEIVED,4112,ACK
1780652086.0453033,SEND,4113,"DATA, attempt=1"
1780652086.046258,ACK_RECEIVED,4113,ACK
1780652086.046437,SEND,4114,"DATA, attempt=1"
1780652086.0474458,ACK_RECEIVED,4114,ACK
1780652086.047672,SEND,4115,"DATA, attempt=1"
1780652086.0486867,ACK_RECEIVED,4115,ACK
1780652086.0489628,SEND,4116,"DATA, attempt=1"
1780652086.0499623,ACK_RECEIVED,4116,ACK
1780652086.0502582,SEND,4117,"DATA, attempt=1"
1780652086.0512757,ACK_RECEIVED,4117,ACK
1780652086.0514066,SEND,4118,"DATA, attempt=1"
1780652086.052791,ACK_RECEIVED,4118,ACK
1780652086.0529532,SEND,4119,"DATA, attempt=1"
1780652086.0544665,ACK_RECEIVED,4119,ACK
1780652086.054658,SEND,4120,"DATA, attempt=1"
1780652086.055623,ACK_RECEIVED,4120,ACK
1780652086.0558178,SEND,4121,"DATA, attempt=1"
1780652086.056743,ACK_RECEIVED,4121,ACK
1780652086.0569308,SEND,4122,"DATA, attempt=1"
1780652086.0579338,ACK_RECEIVED,4122,ACK
1780652086.0581558,SEND,4123,"DATA, attempt=1"
1780652086.0589888,ACK_RECEIVED,4123,ACK
1780652086.0591033,SEND,4124,"DATA, attempt=1"
1780652086.0598776,ACK_RECEIVED,4124,ACK
1780652086.0599902,SEND,4125,"DATA, attempt=1"
1780652086.0607975,ACK_RECEIVED,4125,ACK
1780652086.0610235,SEND,4126,"DATA, attempt=1"
1780652086.061794,ACK_RECEIVED,4126,ACK
1780652086.0620034,SEND,4127,"DATA, attempt=1"
1780652086.0627463,ACK_RECEIVED,4127,ACK
1780652086.0628636,SEND,4128,"DATA, attempt=1"
1780652086.06368,ACK_RECEIVED,4128,ACK
1780652086.063894,SEND,4129,"DATA, attempt=1"
1780652086.064959,ACK_RECEIVED,4129,ACK
1780652086.0651314,SEND,4130,"DATA, attempt=1"
1780652086.065968,ACK_RECEIVED,4130,ACK
1780652086.0661922,SEND,4131,"DATA, attempt=1"
1780652086.067058,ACK_RECEIVED,4131,ACK
1780652086.0673416,SEND,4132,"DATA, attempt=1"
1780652086.0683649,ACK_RECEIVED,4132,ACK
1780652086.0685856,SEND,4133,"DATA, attempt=1"
1780652086.0705056,ACK_RECEIVED,4133,ACK
1780652086.0707798,SEND,4134,"DATA, attempt=1"
1780652086.0720613,ACK_RECEIVED,4134,ACK
1780652086.0722735,SEND,4135,"DATA, attempt=1"
1780652086.073047,ACK_RECEIVED,4135,ACK
1780652086.0732322,SEND,4136,"DATA, attempt=1"
1780652086.0741196,ACK_RECEIVED,4136,ACK
1780652086.0742955,SEND,4137,"DATA, attempt=1"
1780652086.0751517,ACK_RECEIVED,4137,ACK
1780652086.0753334,SEND,4138,"DATA, attempt=1"
1780652086.0761018,ACK_RECEIVED,4138,ACK
1780652086.076219,SEND,4139,"DATA, attempt=1"
1780652086.0773168,ACK_RECEIVED,4139,ACK
1780652086.0775843,SEND,4140,"DATA, attempt=1"
1780652086.0784795,ACK_RECEIVED,4140,ACK
1780652086.0786457,SEND,4141,"DATA, attempt=1"
1780652086.0793853,ACK_RECEIVED,4141,ACK
1780652086.0795763,SEND,4142,"DATA, attempt=1"
1780652086.0804014,ACK_RECEIVED,4142,ACK
1780652086.0805237,SEND,4143,"DATA, attempt=1"
1780652086.0815604,ACK_RECEIVED,4143,ACK
1780652086.081673,SEND,4144,"DATA, attempt=1"
1780652086.0823207,ACK_RECEIVED,4144,ACK
1780652086.082434,SEND,4145,"DATA, attempt=1"
1780652086.0832403,ACK_RECEIVED,4145,ACK
1780652086.0834324,SEND,4146,"DATA, attempt=1"
1780652086.0848424,ACK_RECEIVED,4146,ACK
1780652086.0852864,SEND,4147,"DATA, attempt=1"
1780652086.0870898,ACK_RECEIVED,4147,ACK
1780652086.0872855,SEND,4148,"DATA, attempt=1"
1780652086.088956,ACK_RECEIVED,4148,ACK
1780652086.0892136,SEND,4149,"DATA, attempt=1"
1780652086.090369,ACK_RECEIVED,4149,ACK
1780652086.090496,SEND,4150,"DATA, attempt=1"
1780652086.0916777,ACK_RECEIVED,4150,ACK
1780652086.0919483,SEND,4151,"DATA, attempt=1"
1780652086.0929499,ACK_RECEIVED,4151,ACK
1780652086.0932422,SEND,4152,"DATA, attempt=1"
1780652086.094166,ACK_RECEIVED,4152,ACK
1780652086.0942569,SEND,4153,"DATA, attempt=1"
1780652086.0950422,ACK_RECEIVED,4153,ACK
1780652086.095151,SEND,4154,"DATA, attempt=1"
1780652086.0962532,ACK_RECEIVED,4154,ACK
1780652086.0963712,SEND,4155,"DATA, attempt=1"
1780652086.0969822,ACK_RECEIVED,4155,ACK
1780652086.09745,SEND,4156,"DATA, attempt=1"
1780652086.0992844,ACK_RECEIVED,4156,ACK
1780652086.0995326,SEND,4157,"DATA, attempt=1"
1780652086.1003854,ACK_RECEIVED,4157,ACK
1780652086.1005177,SEND,4158,"DATA, attempt=1"
1780652086.1014495,ACK_RECEIVED,4158,ACK
1780652086.1016104,SEND,4159,"DATA, attempt=1"
1780652086.1031935,ACK_RECEIVED,4159,ACK
1780652086.1036556,SEND,4160,"DATA, attempt=1"
1780652086.1053157,ACK_RECEIVED,4160,ACK
1780652086.105703,SEND,4161,"DATA, attempt=1"
1780652086.1065814,ACK_RECEIVED,4161,ACK
1780652086.1068945,SEND,4162,"DATA, attempt=1"
1780652086.1078825,ACK_RECEIVED,4162,ACK
1780652086.1080034,SEND,4163,"DATA, attempt=1"
1780652086.1088738,ACK_RECEIVED,4163,ACK
1780652086.1089833,SEND,4164,"DATA, attempt=1"
1780652086.1097646,ACK_RECEIVED,4164,ACK
1780652086.10986,SEND,4165,"DATA, attempt=1"
1780652086.1107106,ACK_RECEIVED,4165,ACK
1780652086.110902,SEND,4166,"DATA, attempt=1"
1780652086.1118112,ACK_RECEIVED,4166,ACK
1780652086.1120024,SEND,4167,"DATA, attempt=1"
1780652086.1127188,ACK_RECEIVED,4167,ACK
1780652086.1128623,SEND,4168,"DATA, attempt=1"
1780652086.1137938,ACK_RECEIVED,4168,ACK
1780652086.113961,SEND,4169,"DATA, attempt=1"
1780652086.1149583,ACK_RECEIVED,4169,ACK
1780652086.1150858,SEND,4170,"DATA, attempt=1"
1780652086.1158452,ACK_RECEIVED,4170,ACK
1780652086.1160436,SEND,4171,"DATA, attempt=1"
1780652086.1168022,ACK_RECEIVED,4171,ACK
1780652086.1169932,SEND,4172,"DATA, attempt=1"
1780652086.1177914,ACK_RECEIVED,4172,ACK
1780652086.1179917,SEND,4173,"DATA, attempt=1"
1780652086.1193295,ACK_RECEIVED,4173,ACK
1780652086.1195533,SEND,4174,"DATA, attempt=1"
1780652086.1217728,ACK_RECEIVED,4174,ACK
1780652086.1220007,SEND,4175,"DATA, attempt=1"
1780652086.1228917,ACK_RECEIVED,4175,ACK
1780652086.1231065,SEND,4176,"DATA, attempt=1"
1780652086.1238236,ACK_RECEIVED,4176,ACK
1780652086.1240523,SEND,4177,"DATA, attempt=1"
1780652086.1247325,ACK_RECEIVED,4177,ACK
1780652086.1248987,SEND,4178,"DATA, attempt=1"
1780652086.125578,ACK_RECEIVED,4178,ACK
1780652086.1256957,SEND,4179,"DATA, attempt=1"
1780652086.1264625,ACK_RECEIVED,4179,ACK
1780652086.1265724,SEND,4180,"DATA, attempt=1"
1780652086.1274405,ACK_RECEIVED,4180,ACK
1780652086.1276498,SEND,4181,"DATA, attempt=1"
1780652086.1285434,ACK_RECEIVED,4181,ACK
1780652086.12876,SEND,4182,"DATA, attempt=1"
1780652086.1294243,ACK_RECEIVED,4182,ACK
1780652086.1296058,SEND,4183,"DATA, attempt=1"
1780652086.1303267,ACK_RECEIVED,4183,ACK
1780652086.130455,SEND,4184,"DATA, attempt=1"
1780652086.1310542,ACK_RECEIVED,4184,ACK
1780652086.1312752,SEND,4185,"DATA, attempt=1"
1780652086.1320653,ACK_RECEIVED,4185,ACK
1780652086.1322734,SEND,4186,"DATA, attempt=1"
1780652086.1331904,ACK_RECEIVED,4186,ACK
1780652086.1335995,SEND,4187,"DATA, attempt=1"
1780652086.1343753,ACK_RECEIVED,4187,ACK
1780652086.1344843,SEND,4188,"DATA, attempt=1"
1780652086.136258,ACK_RECEIVED,4188,ACK
1780652086.136434,SEND,4189,"DATA, attempt=1"
1780652086.1379163,ACK_RECEIVED,4189,ACK
1780652086.1381125,SEND,4190,"DATA, attempt=1"
1780652086.1394243,ACK_RECEIVED,4190,ACK
1780652086.139746,SEND,4191,"DATA, attempt=1"
1780652086.1406796,ACK_RECEIVED,4191,ACK
1780652086.140916,SEND,4192,"DATA, attempt=1"
1780652086.1418772,ACK_RECEIVED,4192,ACK
1780652086.1421797,SEND,4193,"DATA, attempt=1"
1780652086.1439862,ACK_RECEIVED,4193,ACK
1780652086.1444323,SEND,4194,"DATA, attempt=1"
1780652086.1459725,ACK_RECEIVED,4194,ACK
1780652086.1461298,SEND,4195,"DATA, attempt=1"
1780652086.1472018,ACK_RECEIVED,4195,ACK
1780652086.1474173,SEND,4196,"DATA, attempt=1"
1780652086.148412,ACK_RECEIVED,4196,ACK
1780652086.1486287,SEND,4197,"DATA, attempt=1"
1780652086.1495974,ACK_RECEIVED,4197,ACK
1780652086.1497471,SEND,4198,"DATA, attempt=1"
1780652086.1511486,ACK_RECEIVED,4198,ACK
1780652086.1513314,SEND,4199,"DATA, attempt=1"
1780652086.1531594,ACK_RECEIVED,4199,ACK
1780652086.1533504,SEND,4200,"DATA, attempt=1"
1780652086.1548684,ACK_RECEIVED,4200,ACK
1780652086.1551237,SEND,4201,"DATA, attempt=1"
1780652086.1564183,ACK_RECEIVED,4201,ACK
1780652086.15666,SEND,4202,"DATA, attempt=1"
1780652086.1576715,ACK_RECEIVED,4202,ACK
1780652086.157959,SEND,4203,"DATA, attempt=1"
1780652086.1587403,ACK_RECEIVED,4203,ACK
1780652086.1589553,SEND,4204,"DATA, attempt=1"
1780652086.1597588,ACK_RECEIVED,4204,ACK
1780652086.1598632,SEND,4205,"DATA, attempt=1"
1780652086.1609058,ACK_RECEIVED,4205,ACK
1780652086.1611314,SEND,4206,"DATA, attempt=1"
1780652086.1618805,ACK_RECEIVED,4206,ACK
1780652086.1621003,SEND,4207,"DATA, attempt=1"
1780652086.1629179,ACK_RECEIVED,4207,ACK
1780652086.1630492,SEND,4208,"DATA, attempt=1"
1780652086.1638186,ACK_RECEIVED,4208,ACK
1780652086.163955,SEND,4209,"DATA, attempt=1"
1780652086.1649907,ACK_RECEIVED,4209,ACK
1780652086.1650975,SEND,4210,"DATA, attempt=1"
1780652086.1668308,ACK_RECEIVED,4210,ACK
1780652086.1670773,SEND,4211,"DATA, attempt=1"
1780652086.1683192,ACK_RECEIVED,4211,ACK
1780652086.1687849,SEND,4212,"DATA, attempt=1"
1780652086.1705127,ACK_RECEIVED,4212,ACK
1780652086.1707416,SEND,4213,"DATA, attempt=1"
1780652086.172359,ACK_RECEIVED,4213,ACK
1780652086.172508,SEND,4214,"DATA, attempt=1"
1780652086.1732087,ACK_RECEIVED,4214,ACK
1780652086.1733387,SEND,4215,"DATA, attempt=1"
1780652086.1742487,ACK_RECEIVED,4215,ACK
1780652086.1744604,SEND,4216,"DATA, attempt=1"
1780652086.175074,ACK_RECEIVED,4216,ACK
1780652086.1753945,SEND,4217,"DATA, attempt=1"
1780652086.1767278,ACK_RECEIVED,4217,ACK
1780652086.177007,SEND,4218,"DATA, attempt=1"
1780652086.1780078,ACK_RECEIVED,4218,ACK
1780652086.1782205,SEND,4219,"DATA, attempt=1"
1780652086.1789186,ACK_RECEIVED,4219,ACK
1780652086.1792257,SEND,4220,"DATA, attempt=1"
1780652086.1797464,ACK_RECEIVED,4220,ACK
1780652086.1799436,SEND,4221,"DATA, attempt=1"
1780652086.1808052,ACK_RECEIVED,4221,ACK
1780652086.181043,SEND,4222,"DATA, attempt=1"
1780652086.1818938,ACK_RECEIVED,4222,ACK
1780652086.1820507,SEND,4223,"DATA, attempt=1"
1780652086.1830847,ACK_RECEIVED,4223,ACK
1780652086.1832595,SEND,4224,"DATA, attempt=1"
1780652086.1841047,ACK_RECEIVED,4224,ACK
1780652086.1844084,SEND,4225,"DATA, attempt=1"
1780652086.1858041,ACK_RECEIVED,4225,ACK
1780652086.1861603,SEND,4226,"DATA, attempt=1"
1780652086.1876595,ACK_RECEIVED,4226,ACK
1780652086.1882672,SEND,4227,"DATA, attempt=1"
1780652086.1897595,ACK_RECEIVED,4227,ACK
1780652086.189989,SEND,4228,"DATA, attempt=1"
1780652086.1909006,ACK_RECEIVED,4228,ACK
1780652086.1909919,SEND,4229,"DATA, attempt=1"
1780652086.1917174,ACK_RECEIVED,4229,ACK
1780652086.1918724,SEND,4230,"DATA, attempt=1"
1780652086.1925302,ACK_RECEIVED,4230,ACK
1780652086.1927593,SEND,4231,"DATA, attempt=1"
1780652086.1933382,ACK_RECEIVED,4231,ACK
1780652086.1935277,SEND,4232,"DATA, attempt=1"
1780652086.1943245,ACK_RECEIVED,4232,ACK
1780652086.1944551,SEND,4233,"DATA, attempt=1"
1780652086.195496,ACK_RECEIVED,4233,ACK
1780652086.195661,SEND,4234,"DATA, attempt=1"
1780652086.1964388,ACK_RECEIVED,4234,ACK
1780652086.1965873,SEND,4235,"DATA, attempt=1"
1780652086.1972108,ACK_RECEIVED,4235,ACK
1780652086.1974049,SEND,4236,"DATA, attempt=1"
1780652086.1981423,ACK_RECEIVED,4236,ACK
1780652086.1983385,SEND,4237,"DATA, attempt=1"
1780652086.1992724,ACK_RECEIVED,4237,ACK
1780652086.199414,SEND,4238,"DATA, attempt=1"
1780652086.200002,ACK_RECEIVED,4238,ACK
1780652086.2001297,SEND,4239,"DATA, attempt=1"
1780652086.200879,ACK_RECEIVED,4239,ACK
1780652086.2012804,SEND,4240,"DATA, attempt=1"
1780652086.2027736,ACK_RECEIVED,4240,ACK
1780652086.2030785,SEND,4241,"DATA, attempt=1"
1780652086.204391,ACK_RECEIVED,4241,ACK
1780652086.2047286,SEND,4242,"DATA, attempt=1"
1780652086.2056844,ACK_RECEIVED,4242,ACK
1780652086.20584,SEND,4243,"DATA, attempt=1"
1780652086.206767,ACK_RECEIVED,4243,ACK
1780652086.2069006,SEND,4244,"DATA, attempt=1"
1780652086.2077317,ACK_RECEIVED,4244,ACK
1780652086.2078853,SEND,4245,"DATA, attempt=1"
1780652086.2087307,ACK_RECEIVED,4245,ACK
1780652086.2089703,SEND,4246,"DATA, attempt=1"
1780652086.2097898,ACK_RECEIVED,4246,ACK
1780652086.2100604,SEND,4247,"DATA, attempt=1"
1780652086.2108514,ACK_RECEIVED,4247,ACK
1780652086.210979,SEND,4248,"DATA, attempt=1"
1780652086.2117517,ACK_RECEIVED,4248,ACK
1780652086.2118876,SEND,4249,"DATA, attempt=1"
1780652086.212767,ACK_RECEIVED,4249,ACK
1780652086.2128775,SEND,4250,"DATA, attempt=1"
1780652086.2136188,ACK_RECEIVED,4250,ACK
1780652086.213828,SEND,4251,"DATA, attempt=1"
1780652086.2144148,ACK_RECEIVED,4251,ACK
1780652086.214618,SEND,4252,"DATA, attempt=1"
1780652086.215425,ACK_RECEIVED,4252,ACK
1780652086.2155538,SEND,4253,"DATA, attempt=1"
1780652086.2161868,ACK_RECEIVED,4253,ACK
1780652086.2163124,SEND,4254,"DATA, attempt=1"
1780652086.2170424,ACK_RECEIVED,4254,ACK
1780652086.2171993,SEND,4255,"DATA, attempt=1"
1780652086.218098,ACK_RECEIVED,4255,ACK
1780652086.2183402,SEND,4256,"DATA, attempt=1"
1780652086.220031,ACK_RECEIVED,4256,ACK
1780652086.2204635,SEND,4257,"DATA, attempt=1"
1780652086.2217104,ACK_RECEIVED,4257,ACK
1780652086.2219262,SEND,4258,"DATA, attempt=1"
1780652086.2230113,ACK_RECEIVED,4258,ACK
1780652086.223156,SEND,4259,"DATA, attempt=1"
1780652086.2239892,ACK_RECEIVED,4259,ACK
1780652086.2241066,SEND,4260,"DATA, attempt=1"
1780652086.224774,ACK_RECEIVED,4260,ACK
1780652086.2250044,SEND,4261,"DATA, attempt=1"
1780652086.2258124,ACK_RECEIVED,4261,ACK
1780652086.2260163,SEND,4262,"DATA, attempt=1"
1780652086.2267387,ACK_RECEIVED,4262,ACK
1780652086.2268507,SEND,4263,"DATA, attempt=1"
1780652086.2275693,ACK_RECEIVED,4263,ACK
1780652086.2277088,SEND,4264,"DATA, attempt=1"
1780652086.2285852,ACK_RECEIVED,4264,ACK
1780652086.2287588,SEND,4265,"DATA, attempt=1"
1780652086.2296789,ACK_RECEIVED,4265,ACK
1780652086.2298698,SEND,4266,"DATA, attempt=1"
1780652086.2304769,ACK_RECEIVED,4266,ACK
1780652086.2306871,SEND,4267,"DATA, attempt=1"
1780652086.2312546,ACK_RECEIVED,4267,ACK
1780652086.231365,SEND,4268,"DATA, attempt=1"
1780652086.2319458,ACK_RECEIVED,4268,ACK
1780652086.2320914,SEND,4269,"DATA, attempt=1"
1780652086.2329109,ACK_RECEIVED,4269,ACK
1780652086.2330458,SEND,4270,"DATA, attempt=1"
1780652086.2341108,ACK_RECEIVED,4270,ACK
1780652086.234384,SEND,4271,"DATA, attempt=1"
1780652086.2359173,ACK_RECEIVED,4271,ACK
1780652086.2362843,SEND,4272,"DATA, attempt=1"
1780652086.2378085,ACK_RECEIVED,4272,ACK
1780652086.237968,SEND,4273,"DATA, attempt=1"
1780652086.2392275,ACK_RECEIVED,4273,ACK
1780652086.239371,SEND,4274,"DATA, attempt=1"
1780652086.2402782,ACK_RECEIVED,4274,ACK
1780652086.240417,SEND,4275,"DATA, attempt=1"
1780652086.2410483,ACK_RECEIVED,4275,ACK
1780652086.2412305,SEND,4276,"DATA, attempt=1"
1780652086.2417893,ACK_RECEIVED,4276,ACK
1780652086.241995,SEND,4277,"DATA, attempt=1"
1780652086.2427332,ACK_RECEIVED,4277,ACK
1780652086.2428758,SEND,4278,"DATA, attempt=1"
1780652086.2437766,ACK_RECEIVED,4278,ACK
1780652086.2439058,SEND,4279,"DATA, attempt=1"
1780652086.2447593,ACK_RECEIVED,4279,ACK
1780652086.2448926,SEND,4280,"DATA, attempt=1"
1780652086.2457805,ACK_RECEIVED,4280,ACK
1780652086.2461555,SEND,4281,"DATA, attempt=1"
1780652086.2470567,ACK_RECEIVED,4281,ACK
1780652086.247285,SEND,4282,"DATA, attempt=1"
1780652086.248096,ACK_RECEIVED,4282,ACK
1780652086.2482102,SEND,4283,"DATA, attempt=1"
1780652086.2488458,ACK_RECEIVED,4283,ACK
1780652086.2489386,SEND,4284,"DATA, attempt=1"
1780652086.2497342,ACK_RECEIVED,4284,ACK
1780652086.2500079,SEND,4285,"DATA, attempt=1"
1780652086.2511861,ACK_RECEIVED,4285,ACK
1780652086.2515123,SEND,4286,"DATA, attempt=1"
1780652086.2529247,ACK_RECEIVED,4286,ACK
1780652086.2532198,SEND,4287,"DATA, attempt=1"
1780652086.2545502,ACK_RECEIVED,4287,ACK
1780652086.2548404,SEND,4288,"DATA, attempt=1"
1780652086.2560966,ACK_RECEIVED,4288,ACK
1780652086.2563207,SEND,4289,"DATA, attempt=1"
1780652086.2575347,ACK_RECEIVED,4289,ACK
1780652086.2576828,SEND,4290,"DATA, attempt=1"
1780652086.258567,ACK_RECEIVED,4290,ACK
1780652086.258764,SEND,4291,"DATA, attempt=1"
1780652086.2594447,ACK_RECEIVED,4291,ACK
1780652086.2596726,SEND,4292,"DATA, attempt=1"
1780652086.2603817,ACK_RECEIVED,4292,ACK
1780652086.2605183,SEND,4293,"DATA, attempt=1"
1780652086.2615163,ACK_RECEIVED,4293,ACK
1780652086.2616568,SEND,4294,"DATA, attempt=1"
1780652086.2623873,ACK_RECEIVED,4294,ACK
1780652086.262514,SEND,4295,"DATA, attempt=1"
1780652086.2633824,ACK_RECEIVED,4295,ACK
1780652086.263626,SEND,4296,"DATA, attempt=1"
1780652086.2643554,ACK_RECEIVED,4296,ACK
1780652086.2646098,SEND,4297,"DATA, attempt=1"
1780652086.26552,ACK_RECEIVED,4297,ACK
1780652086.2657175,SEND,4298,"DATA, attempt=1"
1780652086.2664497,ACK_RECEIVED,4298,ACK
1780652086.2665582,SEND,4299,"DATA, attempt=1"
1780652086.2671483,ACK_RECEIVED,4299,ACK
1780652086.2672346,SEND,4300,"DATA, attempt=1"
1780652086.2679915,ACK_RECEIVED,4300,ACK
1780652086.2688384,SEND,4301,"DATA, attempt=1"
1780652086.2706308,ACK_RECEIVED,4301,ACK
1780652086.2709622,SEND,4302,"DATA, attempt=1"
1780652086.272304,ACK_RECEIVED,4302,ACK
1780652086.2724555,SEND,4303,"DATA, attempt=1"
1780652086.2731571,ACK_RECEIVED,4303,ACK
1780652086.2733252,SEND,4304,"DATA, attempt=1"
1780652086.2739923,ACK_RECEIVED,4304,ACK
1780652086.274088,SEND,4305,"DATA, attempt=1"
1780652086.27497,ACK_RECEIVED,4305,ACK
1780652086.2751524,SEND,4306,"DATA, attempt=1"
1780652086.2760851,ACK_RECEIVED,4306,ACK
1780652086.276357,SEND,4307,"DATA, attempt=1"
1780652086.2770164,ACK_RECEIVED,4307,ACK
1780652086.2771413,SEND,4308,"DATA, attempt=1"
1780652086.278112,ACK_RECEIVED,4308,ACK
1780652086.278258,SEND,4309,"DATA, attempt=1"
1780652086.2790222,ACK_RECEIVED,4309,ACK
1780652086.2791245,SEND,4310,"DATA, attempt=1"
1780652086.280027,ACK_RECEIVED,4310,ACK
1780652086.2802167,SEND,4311,"DATA, attempt=1"
1780652086.2809725,ACK_RECEIVED,4311,ACK
1780652086.281201,SEND,4312,"DATA, attempt=1"
1780652086.282148,ACK_RECEIVED,4312,ACK
1780652086.2823348,SEND,4313,"DATA, attempt=1"
1780652086.2832608,ACK_RECEIVED,4313,ACK
1780652086.2835205,SEND,4314,"DATA, attempt=1"
1780652086.2847183,ACK_RECEIVED,4314,ACK
1780652086.284867,SEND,4315,"DATA, attempt=1"
1780652086.2862728,ACK_RECEIVED,4315,ACK
1780652086.286586,SEND,4316,"DATA, attempt=1"
1780652086.2878468,ACK_RECEIVED,4316,ACK
1780652086.2882223,SEND,4317,"DATA, attempt=1"
1780652086.2899146,ACK_RECEIVED,4317,ACK
1780652086.2901883,SEND,4318,"DATA, attempt=1"
1780652086.2910037,ACK_RECEIVED,4318,ACK
1780652086.2912886,SEND,4319,"DATA, attempt=1"
1780652086.2919981,ACK_RECEIVED,4319,ACK
1780652086.2921305,SEND,4320,"DATA, attempt=1"
1780652086.2928212,ACK_RECEIVED,4320,ACK
1780652086.293038,SEND,4321,"DATA, attempt=1"
1780652086.2939088,ACK_RECEIVED,4321,ACK
1780652086.2941449,SEND,4322,"DATA, attempt=1"
1780652086.2950358,ACK_RECEIVED,4322,ACK
1780652086.2951536,SEND,4323,"DATA, attempt=1"
1780652086.2959943,ACK_RECEIVED,4323,ACK
1780652086.2961202,SEND,4324,"DATA, attempt=1"
1780652086.297343,ACK_RECEIVED,4324,ACK
1780652086.2975905,SEND,4325,"DATA, attempt=1"
1780652086.2986565,ACK_RECEIVED,4325,ACK
1780652086.2988467,SEND,4326,"DATA, attempt=1"
1780652086.2995472,ACK_RECEIVED,4326,ACK
1780652086.2997806,SEND,4327,"DATA, attempt=1"
1780652086.3004687,ACK_RECEIVED,4327,ACK
1780652086.3005598,SEND,4328,"DATA, attempt=1"
1780652086.301523,ACK_RECEIVED,4328,ACK
1780652086.3017702,SEND,4329,"DATA, attempt=1"
1780652086.3037438,ACK_RECEIVED,4329,ACK
1780652086.303929,SEND,4330,"DATA, attempt=1"
1780652086.3055048,ACK_RECEIVED,4330,ACK
1780652086.3057578,SEND,4331,"DATA, attempt=1"
1780652086.3064065,ACK_RECEIVED,4331,ACK
1780652086.3067281,SEND,4332,"DATA, attempt=1"
1780652086.3075573,ACK_RECEIVED,4332,ACK
1780652086.3076913,SEND,4333,"DATA, attempt=1"
1780652086.308528,ACK_RECEIVED,4333,ACK
1780652086.3086767,SEND,4334,"DATA, attempt=1"
1780652086.3096094,ACK_RECEIVED,4334,ACK
1780652086.3097572,SEND,4335,"DATA, attempt=1"
1780652086.3106155,ACK_RECEIVED,4335,ACK
1780652086.3108041,SEND,4336,"DATA, attempt=1"
1780652086.3116815,ACK_RECEIVED,4336,ACK
1780652086.3121037,SEND,4337,"DATA, attempt=1"
1780652086.3130572,ACK_RECEIVED,4337,ACK
1780652086.3131506,SEND,4338,"DATA, attempt=1"
1780652086.3139617,ACK_RECEIVED,4338,ACK
1780652086.3140721,SEND,4339,"DATA, attempt=1"
1780652086.3147194,ACK_RECEIVED,4339,ACK
1780652086.3148353,SEND,4340,"DATA, attempt=1"
1780652086.3156455,ACK_RECEIVED,4340,ACK
1780652086.3159788,SEND,4341,"DATA, attempt=1"
1780652086.3168547,ACK_RECEIVED,4341,ACK
1780652086.3172185,SEND,4342,"DATA, attempt=1"
1780652086.3183823,ACK_RECEIVED,4342,ACK
1780652086.3185189,SEND,4343,"DATA, attempt=1"
1780652086.3198564,ACK_RECEIVED,4343,ACK
1780652086.3200276,SEND,4344,"DATA, attempt=1"
1780652086.3218505,ACK_RECEIVED,4344,ACK
1780652086.3220778,SEND,4345,"DATA, attempt=1"
1780652086.3230507,ACK_RECEIVED,4345,ACK
1780652086.323239,SEND,4346,"DATA, attempt=1"
1780652086.3241887,ACK_RECEIVED,4346,ACK
1780652086.324471,SEND,4347,"DATA, attempt=1"
1780652086.325157,ACK_RECEIVED,4347,ACK
1780652086.3252692,SEND,4348,"DATA, attempt=1"
1780652086.3258348,ACK_RECEIVED,4348,ACK
1780652086.3259552,SEND,4349,"DATA, attempt=1"
1780652086.3269956,ACK_RECEIVED,4349,ACK
1780652086.3271236,SEND,4350,"DATA, attempt=1"
1780652086.3621833,ACK_RECEIVED,4350,ACK
1780652086.3624396,SEND,4351,"DATA, attempt=1"
1780652086.363581,ACK_RECEIVED,4351,ACK
1780652086.363848,SEND,4352,"DATA, attempt=1"
1780652086.364837,ACK_RECEIVED,4352,ACK
1780652086.3650658,SEND,4353,"DATA, attempt=1"
1780652086.3663018,ACK_RECEIVED,4353,ACK
1780652086.366614,SEND,4354,"DATA, attempt=1"
1780652086.368047,ACK_RECEIVED,4354,ACK
1780652086.3682573,SEND,4355,"DATA, attempt=1"
1780652086.3695393,ACK_RECEIVED,4355,ACK
1780652086.3697615,SEND,4356,"DATA, attempt=1"
1780652086.370663,ACK_RECEIVED,4356,ACK
1780652086.3708885,SEND,4357,"DATA, attempt=1"
1780652086.3717601,ACK_RECEIVED,4357,ACK
1780652086.3719063,SEND,4358,"DATA, attempt=1"
1780652086.3729599,ACK_RECEIVED,4358,ACK
1780652086.3731604,SEND,4359,"DATA, attempt=1"
1780652086.3740838,ACK_RECEIVED,4359,ACK
1780652086.374225,SEND,4360,"DATA, attempt=1"
1780652086.374995,ACK_RECEIVED,4360,ACK
1780652086.375676,SEND,4361,"DATA, attempt=1"
1780652086.377729,ACK_RECEIVED,4361,ACK
1780652086.3780375,SEND,4362,"DATA, attempt=1"
1780652086.3814192,ACK_RECEIVED,4362,ACK
1780652086.3816457,SEND,4363,"DATA, attempt=1"
1780652086.382879,ACK_RECEIVED,4363,ACK
1780652086.3830984,SEND,4364,"DATA, attempt=1"
1780652086.3840244,ACK_RECEIVED,4364,ACK
1780652086.384252,SEND,4365,"DATA, attempt=1"
1780652086.3873532,ACK_RECEIVED,4365,ACK
1780652086.3876472,SEND,4366,"DATA, attempt=1"
1780652086.3892887,ACK_RECEIVED,4366,ACK
1780652086.3895419,SEND,4367,"DATA, attempt=1"
1780652086.3904765,ACK_RECEIVED,4367,ACK
1780652086.3905857,SEND,4368,"DATA, attempt=1"
1780652086.391285,ACK_RECEIVED,4368,ACK
1780652086.3914638,SEND,4369,"DATA, attempt=1"
1780652086.392214,ACK_RECEIVED,4369,ACK
1780652086.3923035,SEND,4370,"DATA, attempt=1"
1780652086.392837,ACK_RECEIVED,4370,ACK
1780652086.3930361,SEND,4371,"DATA, attempt=1"
1780652086.394166,ACK_RECEIVED,4371,ACK
1780652086.3944132,SEND,4372,"DATA, attempt=1"
1780652086.395445,ACK_RECEIVED,4372,ACK
1780652086.395594,SEND,4373,"DATA, attempt=1"
1780652086.3963726,ACK_RECEIVED,4373,ACK
1780652086.3964784,SEND,4374,"DATA, attempt=1"
1780652086.3971338,ACK_RECEIVED,4374,ACK
1780652086.3972206,SEND,4375,"DATA, attempt=1"
1780652086.3979213,ACK_RECEIVED,4375,ACK
1780652086.3981657,SEND,4376,"DATA, attempt=1"
1780652086.3990989,ACK_RECEIVED,4376,ACK
1780652086.3993607,SEND,4377,"DATA, attempt=1"
1780652086.4002805,ACK_RECEIVED,4377,ACK
1780652086.4004767,SEND,4378,"DATA, attempt=1"
1780652086.4018643,ACK_RECEIVED,4378,ACK
1780652086.4021406,SEND,4379,"DATA, attempt=1"
1780652086.4036064,ACK_RECEIVED,4379,ACK
1780652086.4037912,SEND,4380,"DATA, attempt=1"
1780652086.4055374,ACK_RECEIVED,4380,ACK
1780652086.4058256,SEND,4381,"DATA, attempt=1"
1780652086.4067173,ACK_RECEIVED,4381,ACK
1780652086.406943,SEND,4382,"DATA, attempt=1"
1780652086.4080403,ACK_RECEIVED,4382,ACK
1780652086.4082959,SEND,4383,"DATA, attempt=1"
1780652086.4091632,ACK_RECEIVED,4383,ACK
1780652086.4093478,SEND,4384,"DATA, attempt=1"
1780652086.4104257,ACK_RECEIVED,4384,ACK
1780652086.4106085,SEND,4385,"DATA, attempt=1"
1780652086.4115648,ACK_RECEIVED,4385,ACK
1780652086.4117272,SEND,4386,"DATA, attempt=1"
1780652086.4125473,ACK_RECEIVED,4386,ACK
1780652086.412793,SEND,4387,"DATA, attempt=1"
1780652086.413507,ACK_RECEIVED,4387,ACK
1780652086.4136162,SEND,4388,"DATA, attempt=1"
1780652086.4144554,ACK_RECEIVED,4388,ACK
1780652086.4145653,SEND,4389,"DATA, attempt=1"
1780652086.4154942,ACK_RECEIVED,4389,ACK
1780652086.415655,SEND,4390,"DATA, attempt=1"
1780652086.4164183,ACK_RECEIVED,4390,ACK
1780652086.4165883,SEND,4391,"DATA, attempt=1"
1780652086.417149,ACK_RECEIVED,4391,ACK
1780652086.4173372,SEND,4392,"DATA, attempt=1"
1780652086.4181707,ACK_RECEIVED,4392,ACK
1780652086.418324,SEND,4393,"DATA, attempt=1"
1780652086.419858,ACK_RECEIVED,4393,ACK
1780652086.4200418,SEND,4394,"DATA, attempt=1"
1780652086.4218194,ACK_RECEIVED,4394,ACK
1780652086.4219873,SEND,4395,"DATA, attempt=1"
1780652086.42294,ACK_RECEIVED,4395,ACK
1780652086.4231114,SEND,4396,"DATA, attempt=1"
1780652086.4238808,ACK_RECEIVED,4396,ACK
1780652086.4240751,SEND,4397,"DATA, attempt=1"
1780652086.424886,ACK_RECEIVED,4397,ACK
1780652086.425074,SEND,4398,"DATA, attempt=1"
1780652086.4258776,ACK_RECEIVED,4398,ACK
1780652086.425991,SEND,4399,"DATA, attempt=1"
1780652086.427035,ACK_RECEIVED,4399,ACK
1780652086.4272256,SEND,4400,"DATA, attempt=1"
1780652086.4278994,ACK_RECEIVED,4400,ACK
1780652086.428046,SEND,4401,"DATA, attempt=1"
1780652086.4286568,ACK_RECEIVED,4401,ACK
1780652086.4288545,SEND,4402,"DATA, attempt=1"
1780652086.4294062,ACK_RECEIVED,4402,ACK
1780652086.4294918,SEND,4403,"DATA, attempt=1"
1780652086.4300976,ACK_RECEIVED,4403,ACK
1780652086.430202,SEND,4404,"DATA, attempt=1"
1780652086.430933,ACK_RECEIVED,4404,ACK
1780652086.4310536,SEND,4405,"DATA, attempt=1"
1780652086.431824,ACK_RECEIVED,4405,ACK
1780652086.432101,SEND,4406,"DATA, attempt=1"
1780652086.4330502,ACK_RECEIVED,4406,ACK
1780652086.4333403,SEND,4407,"DATA, attempt=1"
1780652086.4340997,ACK_RECEIVED,4407,ACK
1780652086.4343174,SEND,4408,"DATA, attempt=1"
1780652086.4354632,ACK_RECEIVED,4408,ACK
1780652086.4356847,SEND,4409,"DATA, attempt=1"
1780652086.43719,ACK_RECEIVED,4409,ACK
1780652086.437404,SEND,4410,"DATA, attempt=1"
1780652086.4387133,ACK_RECEIVED,4410,ACK
1780652086.4389582,SEND,4411,"DATA, attempt=1"
1780652086.439988,ACK_RECEIVED,4411,ACK
1780652086.4402084,SEND,4412,"DATA, attempt=1"
1780652086.4410217,ACK_RECEIVED,4412,ACK
1780652086.4411466,SEND,4413,"DATA, attempt=1"
1780652086.4421875,ACK_RECEIVED,4413,ACK
1780652086.442302,SEND,4414,"DATA, attempt=1"
1780652086.4430656,ACK_RECEIVED,4414,ACK
1780652086.443208,SEND,4415,"DATA, attempt=1"
1780652086.4438672,ACK_RECEIVED,4415,ACK
1780652086.4441152,SEND,4416,"DATA, attempt=1"
1780652086.4447374,ACK_RECEIVED,4416,ACK
1780652086.4450407,SEND,4417,"DATA, attempt=1"
1780652086.4460065,ACK_RECEIVED,4417,ACK
1780652086.4462264,SEND,4418,"DATA, attempt=1"
1780652086.447024,ACK_RECEIVED,4418,ACK
1780652086.4471738,SEND,4419,"DATA, attempt=1"
1780652086.447754,ACK_RECEIVED,4419,ACK
1780652086.4478412,SEND,4420,"DATA, attempt=1"
1780652086.4484344,ACK_RECEIVED,4420,ACK
1780652086.4485865,SEND,4421,"DATA, attempt=1"
1780652086.4492164,ACK_RECEIVED,4421,ACK
1780652086.4495156,SEND,4422,"DATA, attempt=1"
1780652086.4503317,ACK_RECEIVED,4422,ACK
1780652086.45043,SEND,4423,"DATA, attempt=1"
1780652086.451521,ACK_RECEIVED,4423,ACK
1780652086.4517033,SEND,4424,"DATA, attempt=1"
1780652086.453433,ACK_RECEIVED,4424,ACK
1780652086.453637,SEND,4425,"DATA, attempt=1"
1780652086.4554124,ACK_RECEIVED,4425,ACK
1780652086.4557037,SEND,4426,"DATA, attempt=1"
1780652086.4565902,ACK_RECEIVED,4426,ACK
1780652086.45682,SEND,4427,"DATA, attempt=1"
1780652086.4575045,ACK_RECEIVED,4427,ACK
1780652086.4576716,SEND,4428,"DATA, attempt=1"
1780652086.4586468,ACK_RECEIVED,4428,ACK
1780652086.458791,SEND,4429,"DATA, attempt=1"
1780652086.4599206,ACK_RECEIVED,4429,ACK
1780652086.460091,SEND,4430,"DATA, attempt=1"
1780652086.4608247,ACK_RECEIVED,4430,ACK
1780652086.4609728,SEND,4431,"DATA, attempt=1"
1780652086.4617288,ACK_RECEIVED,4431,ACK
1780652086.461998,SEND,4432,"DATA, attempt=1"
1780652086.4626644,ACK_RECEIVED,4432,ACK
1780652086.4627843,SEND,4433,"DATA, attempt=1"
1780652086.4636612,ACK_RECEIVED,4433,ACK
1780652086.4637928,SEND,4434,"DATA, attempt=1"
1780652086.4644918,ACK_RECEIVED,4434,ACK
1780652086.4646294,SEND,4435,"DATA, attempt=1"
1780652086.4652898,ACK_RECEIVED,4435,ACK
1780652086.4654324,SEND,4436,"DATA, attempt=1"
1780652086.4659142,ACK_RECEIVED,4436,ACK
1780652086.4660857,SEND,4437,"DATA, attempt=1"
1780652086.4666247,ACK_RECEIVED,4437,ACK
1780652086.4667032,SEND,4438,"DATA, attempt=1"
1780652086.4672987,ACK_RECEIVED,4438,ACK
1780652086.4674778,SEND,4439,"DATA, attempt=1"
1780652086.468503,ACK_RECEIVED,4439,ACK
1780652086.4688778,SEND,4440,"DATA, attempt=1"
1780652086.4705868,ACK_RECEIVED,4440,ACK
1780652086.470978,SEND,4441,"DATA, attempt=1"
1780652086.47247,ACK_RECEIVED,4441,ACK
1780652086.4727478,SEND,4442,"DATA, attempt=1"
1780652086.473389,ACK_RECEIVED,4442,ACK
1780652086.4735599,SEND,4443,"DATA, attempt=1"
1780652086.474228,ACK_RECEIVED,4443,ACK
1780652086.474335,SEND,4444,"DATA, attempt=1"
1780652086.475022,ACK_RECEIVED,4444,ACK
1780652086.4751546,SEND,4445,"DATA, attempt=1"
1780652086.4761636,ACK_RECEIVED,4445,ACK
1780652086.4763854,SEND,4446,"DATA, attempt=1"
1780652086.4773161,ACK_RECEIVED,4446,ACK
1780652086.4776013,SEND,4447,"DATA, attempt=1"
1780652086.4781978,ACK_RECEIVED,4447,ACK
1780652086.4783506,SEND,4448,"DATA, attempt=1"
1780652086.4789543,ACK_RECEIVED,4448,ACK
1780652086.4790432,SEND,4449,"DATA, attempt=1"
1780652086.4797087,ACK_RECEIVED,4449,ACK
1780652086.479803,SEND,4450,"DATA, attempt=1"
1780652086.4803758,ACK_RECEIVED,4450,ACK
1780652086.4805152,SEND,4451,"DATA, attempt=1"
1780652086.4810898,ACK_RECEIVED,4451,ACK
1780652086.481271,SEND,4452,"DATA, attempt=1"
1780652086.4822488,ACK_RECEIVED,4452,ACK
1780652086.4823947,SEND,4453,"DATA, attempt=1"
1780652086.48331,ACK_RECEIVED,4453,ACK
1780652086.4834323,SEND,4454,"DATA, attempt=1"
1780652086.4841657,ACK_RECEIVED,4454,ACK
1780652086.4843423,SEND,4455,"DATA, attempt=1"
1780652086.4856622,ACK_RECEIVED,4455,ACK
1780652086.485958,SEND,4456,"DATA, attempt=1"
1780652086.4872704,ACK_RECEIVED,4456,ACK
1780652086.4878104,SEND,4457,"DATA, attempt=1"
1780652086.4892044,ACK_RECEIVED,4457,ACK
1780652086.4893286,SEND,4458,"DATA, attempt=1"
1780652086.4900322,ACK_RECEIVED,4458,ACK
1780652086.490193,SEND,4459,"DATA, attempt=1"
1780652086.4909148,ACK_RECEIVED,4459,ACK
1780652086.4911027,SEND,4460,"DATA, attempt=1"
1780652086.4918966,ACK_RECEIVED,4460,ACK
1780652086.4921427,SEND,4461,"DATA, attempt=1"
1780652086.4929068,ACK_RECEIVED,4461,ACK
1780652086.493094,SEND,4462,"DATA, attempt=1"
1780652086.493608,ACK_RECEIVED,4462,ACK
1780652086.493692,SEND,4463,"DATA, attempt=1"
1780652086.4943094,ACK_RECEIVED,4463,ACK
1780652086.4944162,SEND,4464,"DATA, attempt=1"
1780652086.4953346,ACK_RECEIVED,4464,ACK
1780652086.495502,SEND,4465,"DATA, attempt=1"
1780652086.4962223,ACK_RECEIVED,4465,ACK
1780652086.4964545,SEND,4466,"DATA, attempt=1"
1780652086.497292,ACK_RECEIVED,4466,ACK
1780652086.4974623,SEND,4467,"DATA, attempt=1"
1780652086.4980881,ACK_RECEIVED,4467,ACK
1780652086.4981732,SEND,4468,"DATA, attempt=1"
1780652086.4987411,ACK_RECEIVED,4468,ACK
1780652086.4988217,SEND,4469,"DATA, attempt=1"
1780652086.4994106,ACK_RECEIVED,4469,ACK
1780652086.4994888,SEND,4470,"DATA, attempt=1"
1780652086.500055,ACK_RECEIVED,4470,ACK
1780652086.5002143,SEND,4471,"DATA, attempt=1"
1780652086.5017312,ACK_RECEIVED,4471,ACK
1780652086.5022807,SEND,4472,"DATA, attempt=1"
1780652086.5038133,ACK_RECEIVED,4472,ACK
1780652086.5039878,SEND,4473,"DATA, attempt=1"
1780652086.5054061,ACK_RECEIVED,4473,ACK
1780652086.5055804,SEND,4474,"DATA, attempt=1"
1780652086.5064328,ACK_RECEIVED,4474,ACK
1780652086.5066338,SEND,4475,"DATA, attempt=1"
1780652086.5078497,ACK_RECEIVED,4475,ACK
1780652086.5080495,SEND,4476,"DATA, attempt=1"
1780652086.5087612,ACK_RECEIVED,4476,ACK
1780652086.5090473,SEND,4477,"DATA, attempt=1"
1780652086.5097373,ACK_RECEIVED,4477,ACK
1780652086.509883,SEND,4478,"DATA, attempt=1"
1780652086.5105696,ACK_RECEIVED,4478,ACK
1780652086.5107157,SEND,4479,"DATA, attempt=1"
1780652086.5112188,ACK_RECEIVED,4479,ACK
1780652086.5112998,SEND,4480,"DATA, attempt=1"
1780652086.5118685,ACK_RECEIVED,4480,ACK
1780652086.5121212,SEND,4481,"DATA, attempt=1"
1780652086.5129914,ACK_RECEIVED,4481,ACK
1780652086.5132787,SEND,4482,"DATA, attempt=1"
1780652086.5140676,ACK_RECEIVED,4482,ACK
1780652086.5141802,SEND,4483,"DATA, attempt=1"
1780652086.51502,ACK_RECEIVED,4483,ACK
1780652086.5152264,SEND,4484,"DATA, attempt=1"
1780652086.516087,ACK_RECEIVED,4484,ACK
1780652086.5162387,SEND,4485,"DATA, attempt=1"
1780652086.516949,ACK_RECEIVED,4485,ACK
1780652086.5171187,SEND,4486,"DATA, attempt=1"
1780652086.5180235,ACK_RECEIVED,4486,ACK
1780652086.5183494,SEND,4487,"DATA, attempt=1"
1780652086.520269,ACK_RECEIVED,4487,ACK
1780652086.5204654,SEND,4488,"DATA, attempt=1"
1780652086.5217748,ACK_RECEIVED,4488,ACK
1780652086.522045,SEND,4489,"DATA, attempt=1"
1780652086.522918,ACK_RECEIVED,4489,ACK
1780652086.5230691,SEND,4490,"DATA, attempt=1"
1780652086.5240889,ACK_RECEIVED,4490,ACK
1780652086.5243099,SEND,4491,"DATA, attempt=1"
1780652086.5249622,ACK_RECEIVED,4491,ACK
1780652086.5252342,SEND,4492,"DATA, attempt=1"
1780652086.5263686,ACK_RECEIVED,4492,ACK
1780652086.5264838,SEND,4493,"DATA, attempt=1"
1780652086.527595,ACK_RECEIVED,4493,ACK
1780652086.527702,SEND,4494,"DATA, attempt=1"
1780652086.5285597,ACK_RECEIVED,4494,ACK
1780652086.5286589,SEND,4495,"DATA, attempt=1"
1780652086.5292978,ACK_RECEIVED,4495,ACK
1780652086.5294445,SEND,4496,"DATA, attempt=1"
1780652086.5300262,ACK_RECEIVED,4496,ACK
1780652086.5302155,SEND,4497,"DATA, attempt=1"
1780652086.5308392,ACK_RECEIVED,4497,ACK
1780652086.5309947,SEND,4498,"DATA, attempt=1"
1780652086.5319667,ACK_RECEIVED,4498,ACK
1780652086.5321252,SEND,4499,"DATA, attempt=1"
1780652086.5328977,ACK_RECEIVED,4499,ACK
1780652086.533021,SEND,4500,"DATA, attempt=1"
1780652086.5337892,ACK_RECEIVED,4500,ACK
1780652086.5340662,SEND,4501,"DATA, attempt=1"
1780652086.5355809,ACK_RECEIVED,4501,ACK
1780652086.5361419,SEND,4502,"DATA, attempt=1"
1780652086.5375373,ACK_RECEIVED,4502,ACK
1780652086.537819,SEND,4503,"DATA, attempt=1"
1780652086.5392747,ACK_RECEIVED,4503,ACK
1780652086.539385,SEND,4504,"DATA, attempt=1"
1780652086.540187,ACK_RECEIVED,4504,ACK
1780652086.5403152,SEND,4505,"DATA, attempt=1"
1780652086.544515,ACK_RECEIVED,4505,ACK
1780652086.5448437,SEND,4506,"DATA, attempt=1"
1780652086.5458276,ACK_RECEIVED,4506,ACK
1780652086.546104,SEND,4507,"DATA, attempt=1"
1780652086.546827,ACK_RECEIVED,4507,ACK
1780652086.5469456,SEND,4508,"DATA, attempt=1"
1780652086.5476072,ACK_RECEIVED,4508,ACK
1780652086.5477064,SEND,4509,"DATA, attempt=1"
1780652086.5484357,ACK_RECEIVED,4509,ACK
1780652086.5485067,SEND,4510,"DATA, attempt=1"
1780652086.5492468,ACK_RECEIVED,4510,ACK
1780652086.5494885,SEND,4511,"DATA, attempt=1"
1780652086.5501509,ACK_RECEIVED,4511,ACK
1780652086.5503511,SEND,4512,"DATA, attempt=1"
1780652086.5514941,ACK_RECEIVED,4512,ACK
1780652086.551658,SEND,4513,"DATA, attempt=1"
1780652086.553164,ACK_RECEIVED,4513,ACK
1780652086.5533538,SEND,4514,"DATA, attempt=1"
1780652086.5545163,ACK_RECEIVED,4514,ACK
1780652086.5546932,SEND,4515,"DATA, attempt=1"
1780652086.555813,ACK_RECEIVED,4515,ACK
1780652086.5559962,SEND,4516,"DATA, attempt=1"
1780652086.556832,ACK_RECEIVED,4516,ACK
1780652086.5571053,SEND,4517,"DATA, attempt=1"
1780652086.557913,ACK_RECEIVED,4517,ACK
1780652086.5580435,SEND,4518,"DATA, attempt=1"
1780652086.5587776,ACK_RECEIVED,4518,ACK
1780652086.5588953,SEND,4519,"DATA, attempt=1"
1780652086.559764,ACK_RECEIVED,4519,ACK
1780652086.5598588,SEND,4520,"DATA, attempt=1"
1780652086.560563,ACK_RECEIVED,4520,ACK
1780652086.560759,SEND,4521,"DATA, attempt=1"
1780652086.561787,ACK_RECEIVED,4521,ACK
1780652086.5620322,SEND,4522,"DATA, attempt=1"
1780652086.562943,ACK_RECEIVED,4522,ACK
1780652086.563049,SEND,4523,"DATA, attempt=1"
1780652086.5639887,ACK_RECEIVED,4523,ACK
1780652086.5641453,SEND,4524,"DATA, attempt=1"
1780652086.5647666,ACK_RECEIVED,4524,ACK
1780652086.5648704,SEND,4525,"DATA, attempt=1"
1780652086.5655596,ACK_RECEIVED,4525,ACK
1780652086.5657728,SEND,4526,"DATA, attempt=1"
1780652086.5665095,ACK_RECEIVED,4526,ACK
1780652086.566718,SEND,4527,"DATA, attempt=1"
1780652086.5672796,ACK_RECEIVED,4527,ACK
1780652086.5673976,SEND,4528,"DATA, attempt=1"
1780652086.5685594,ACK_RECEIVED,4528,ACK
1780652086.568731,SEND,4529,"DATA, attempt=1"
1780652086.5702035,ACK_RECEIVED,4529,ACK
1780652086.5703964,SEND,4530,"DATA, attempt=1"
1780652086.5715117,ACK_RECEIVED,4530,ACK
1780652086.57193,SEND,4531,"DATA, attempt=1"
1780652086.5730746,ACK_RECEIVED,4531,ACK
1780652086.5733507,SEND,4532,"DATA, attempt=1"
1780652086.574177,ACK_RECEIVED,4532,ACK
1780652086.5742629,SEND,4533,"DATA, attempt=1"
1780652086.574845,ACK_RECEIVED,4533,ACK
1780652086.5750382,SEND,4534,"DATA, attempt=1"
1780652086.5758297,ACK_RECEIVED,4534,ACK
1780652086.5759923,SEND,4535,"DATA, attempt=1"
1780652086.576734,ACK_RECEIVED,4535,ACK
1780652086.576895,SEND,4536,"DATA, attempt=1"
1780652086.5775433,ACK_RECEIVED,4536,ACK
1780652086.5777617,SEND,4537,"DATA, attempt=1"
1780652086.5786242,ACK_RECEIVED,4537,ACK
1780652086.578765,SEND,4538,"DATA, attempt=1"
1780652086.5794725,ACK_RECEIVED,4538,ACK
1780652086.5795813,SEND,4539,"DATA, attempt=1"
1780652086.5801332,ACK_RECEIVED,4539,ACK
1780652086.5802395,SEND,4540,"DATA, attempt=1"
1780652086.580786,ACK_RECEIVED,4540,ACK
1780652086.5809505,SEND,4541,"DATA, attempt=1"
1780652086.5817769,ACK_RECEIVED,4541,ACK
1780652086.5820653,SEND,4542,"DATA, attempt=1"
1780652086.5828419,ACK_RECEIVED,4542,ACK
1780652086.5829926,SEND,4543,"DATA, attempt=1"
1780652086.5837684,ACK_RECEIVED,4543,ACK
1780652086.583863,SEND,4544,"DATA, attempt=1"
1780652086.5846527,ACK_RECEIVED,4544,ACK
1780652086.5847898,SEND,4545,"DATA, attempt=1"
1780652086.586199,ACK_RECEIVED,4545,ACK
1780652086.5865707,SEND,4546,"DATA, attempt=1"
1780652086.5883448,ACK_RECEIVED,4546,ACK
1780652086.5887284,SEND,4547,"DATA, attempt=1"
1780652086.589677,ACK_RECEIVED,4547,ACK
1780652086.5897741,SEND,4548,"DATA, attempt=1"
1780652086.5905395,ACK_RECEIVED,4548,ACK
1780652086.5906734,SEND,4549,"DATA, attempt=1"
1780652086.5913508,ACK_RECEIVED,4549,ACK
1780652086.5914385,SEND,4550,"DATA, attempt=1"
1780652086.5920727,ACK_RECEIVED,4550,ACK
1780652086.5923033,SEND,4551,"DATA, attempt=1"
1780652086.5932853,ACK_RECEIVED,4551,ACK
1780652086.5936625,SEND,4552,"DATA, attempt=1"
1780652086.5947146,ACK_RECEIVED,4552,ACK
1780652086.5948946,SEND,4553,"DATA, attempt=1"
1780652086.5960522,ACK_RECEIVED,4553,ACK
1780652086.5961795,SEND,4554,"DATA, attempt=1"
1780652086.597024,ACK_RECEIVED,4554,ACK
1780652086.5971253,SEND,4555,"DATA, attempt=1"
1780652086.5978148,ACK_RECEIVED,4555,ACK
1780652086.5980914,SEND,4556,"DATA, attempt=1"
1780652086.5991917,ACK_RECEIVED,4556,ACK
1780652086.5994592,SEND,4557,"DATA, attempt=1"
1780652086.6006112,ACK_RECEIVED,4557,ACK
1780652086.6007924,SEND,4558,"DATA, attempt=1"
1780652086.6022897,ACK_RECEIVED,4558,ACK
1780652086.6024976,SEND,4559,"DATA, attempt=1"
1780652086.6039567,ACK_RECEIVED,4559,ACK
1780652086.604189,SEND,4560,"DATA, attempt=1"
1780652086.605793,ACK_RECEIVED,4560,ACK
1780652086.6060796,SEND,4561,"DATA, attempt=1"
1780652086.6072993,ACK_RECEIVED,4561,ACK
1780652086.607586,SEND,4562,"DATA, attempt=1"
1780652086.6084127,ACK_RECEIVED,4562,ACK
1780652086.6086628,SEND,4563,"DATA, attempt=1"
1780652086.6094697,ACK_RECEIVED,4563,ACK
1780652086.609597,SEND,4564,"DATA, attempt=1"
1780652086.6103606,ACK_RECEIVED,4564,ACK
1780652086.6105025,SEND,4565,"DATA, attempt=1"
1780652086.611278,ACK_RECEIVED,4565,ACK
1780652086.6114998,SEND,4566,"DATA, attempt=1"
1780652086.6124794,ACK_RECEIVED,4566,ACK
1780652086.6127138,SEND,4567,"DATA, attempt=1"
1780652086.6134818,ACK_RECEIVED,4567,ACK
1780652086.6136029,SEND,4568,"DATA, attempt=1"
1780652086.6141732,ACK_RECEIVED,4568,ACK
1780652086.6142552,SEND,4569,"DATA, attempt=1"
1780652086.6149518,ACK_RECEIVED,4569,ACK
1780652086.6150444,SEND,4570,"DATA, attempt=1"
1780652086.6157131,ACK_RECEIVED,4570,ACK
1780652086.6158667,SEND,4571,"DATA, attempt=1"
1780652086.6165695,ACK_RECEIVED,4571,ACK
1780652086.6167896,SEND,4572,"DATA, attempt=1"
1780652086.6174355,ACK_RECEIVED,4572,ACK
1780652086.617601,SEND,4573,"DATA, attempt=1"
1780652086.6188533,ACK_RECEIVED,4573,ACK
1780652086.6191244,SEND,4574,"DATA, attempt=1"
1780652086.620737,ACK_RECEIVED,4574,ACK
1780652086.6210566,SEND,4575,"DATA, attempt=1"
1780652086.622369,ACK_RECEIVED,4575,ACK
1780652086.6226428,SEND,4576,"DATA, attempt=1"
1780652086.6235206,ACK_RECEIVED,4576,ACK
1780652086.6237833,SEND,4577,"DATA, attempt=1"
1780652086.6248815,ACK_RECEIVED,4577,ACK
1780652086.6250188,SEND,4578,"DATA, attempt=1"
1780652086.6259146,ACK_RECEIVED,4578,ACK
1780652086.6260426,SEND,4579,"DATA, attempt=1"
1780652086.6268618,ACK_RECEIVED,4579,ACK
1780652086.6269624,SEND,4580,"DATA, attempt=1"
1780652086.6276498,ACK_RECEIVED,4580,ACK
1780652086.6279097,SEND,4581,"DATA, attempt=1"
1780652086.6286764,ACK_RECEIVED,4581,ACK
1780652086.6289763,SEND,4582,"DATA, attempt=1"
1780652086.6297822,ACK_RECEIVED,4582,ACK
1780652086.6299167,SEND,4583,"DATA, attempt=1"
1780652086.630883,ACK_RECEIVED,4583,ACK
1780652086.6310282,SEND,4584,"DATA, attempt=1"
1780652086.632577,ACK_RECEIVED,4584,ACK
1780652086.6327617,SEND,4585,"DATA, attempt=1"
1780652086.6337385,ACK_RECEIVED,4585,ACK
1780652086.6339986,SEND,4586,"DATA, attempt=1"
1780652086.6353962,ACK_RECEIVED,4586,ACK
1780652086.6358702,SEND,4587,"DATA, attempt=1"
1780652086.637503,ACK_RECEIVED,4587,ACK
1780652086.6377199,SEND,4588,"DATA, attempt=1"
1780652086.639598,ACK_RECEIVED,4588,ACK
1780652086.63987,SEND,4589,"DATA, attempt=1"
1780652086.64086,ACK_RECEIVED,4589,ACK
1780652086.6410167,SEND,4590,"DATA, attempt=1"
1780652086.64189,ACK_RECEIVED,4590,ACK
1780652086.6420927,SEND,4591,"DATA, attempt=1"
1780652086.6428216,ACK_RECEIVED,4591,ACK
1780652086.6430542,SEND,4592,"DATA, attempt=1"
1780652086.6438403,ACK_RECEIVED,4592,ACK
1780652086.643918,SEND,4593,"DATA, attempt=1"
1780652086.6449983,ACK_RECEIVED,4593,ACK
1780652086.645114,SEND,4594,"DATA, attempt=1"
1780652086.6459594,ACK_RECEIVED,4594,ACK
1780652086.6460583,SEND,4595,"DATA, attempt=1"
1780652086.6467757,ACK_RECEIVED,4595,ACK
1780652086.6470892,SEND,4596,"DATA, attempt=1"
1780652086.6478772,ACK_RECEIVED,4596,ACK
1780652086.6480849,SEND,4597,"DATA, attempt=1"
1780652086.6489053,ACK_RECEIVED,4597,ACK
1780652086.6491296,SEND,4598,"DATA, attempt=1"
1780652086.6499577,ACK_RECEIVED,4598,ACK
1780652086.6501608,SEND,4599,"DATA, attempt=1"
1780652086.65124,ACK_RECEIVED,4599,ACK
1780652086.6514502,SEND,4600,"DATA, attempt=1"
1780652086.6664612,ACK_RECEIVED,4600,ACK
1780652086.6667502,SEND,4601,"DATA, attempt=1"
1780652086.6682112,ACK_RECEIVED,4601,ACK
1780652086.6686068,SEND,4602,"DATA, attempt=1"
1780652086.670307,ACK_RECEIVED,4602,ACK
1780652086.6705434,SEND,4603,"DATA, attempt=1"
1780652086.6722953,ACK_RECEIVED,4603,ACK
1780652086.6724887,SEND,4604,"DATA, attempt=1"
1780652086.6734977,ACK_RECEIVED,4604,ACK
1780652086.67377,SEND,4605,"DATA, attempt=1"
1780652086.6751297,ACK_RECEIVED,4605,ACK
1780652086.6754415,SEND,4606,"DATA, attempt=1"
1780652086.6766362,ACK_RECEIVED,4606,ACK
1780652086.6769545,SEND,4607,"DATA, attempt=1"
1780652086.6782868,ACK_RECEIVED,4607,ACK
1780652086.678528,SEND,4608,"DATA, attempt=1"
1780652086.6796045,ACK_RECEIVED,4608,ACK
1780652086.6799076,SEND,4609,"DATA, attempt=1"
1780652086.6812136,ACK_RECEIVED,4609,ACK
1780652086.681461,SEND,4610,"DATA, attempt=1"
1780652086.6826382,ACK_RECEIVED,4610,ACK
1780652086.6829376,SEND,4611,"DATA, attempt=1"
1780652086.6856315,ACK_RECEIVED,4611,ACK
1780652086.686,SEND,4612,"DATA, attempt=1"
1780652086.6884136,ACK_RECEIVED,4612,ACK
1780652086.6885784,SEND,4613,"DATA, attempt=1"
1780652086.6899102,ACK_RECEIVED,4613,ACK
1780652086.6900659,SEND,4614,"DATA, attempt=1"
1780652086.691457,ACK_RECEIVED,4614,ACK
1780652086.6916041,SEND,4615,"DATA, attempt=1"
1780652086.6927848,ACK_RECEIVED,4615,ACK
1780652086.6930363,SEND,4616,"DATA, attempt=1"
1780652086.6943781,ACK_RECEIVED,4616,ACK
1780652086.6948328,SEND,4617,"DATA, attempt=1"
1780652086.6960053,ACK_RECEIVED,4617,ACK
1780652086.6962144,SEND,4618,"DATA, attempt=1"
1780652086.6974638,ACK_RECEIVED,4618,ACK
1780652086.6976123,SEND,4619,"DATA, attempt=1"
1780652086.6989102,ACK_RECEIVED,4619,ACK
1780652086.6990573,SEND,4620,"DATA, attempt=1"
1780652086.6998582,ACK_RECEIVED,4620,ACK
1780652086.700281,SEND,4621,"DATA, attempt=1"
1780652086.7033746,ACK_RECEIVED,4621,ACK
1780652086.704583,SEND,4622,"DATA, attempt=1"
1780652086.706083,ACK_RECEIVED,4622,ACK
1780652086.7062707,SEND,4623,"DATA, attempt=1"
1780652086.7073805,ACK_RECEIVED,4623,ACK
1780652086.7074776,SEND,4624,"DATA, attempt=1"
1780652086.7084823,ACK_RECEIVED,4624,ACK
1780652086.7085943,SEND,4625,"DATA, attempt=1"
1780652086.7094364,ACK_RECEIVED,4625,ACK
1780652086.7097006,SEND,4626,"DATA, attempt=1"
1780652086.7110245,ACK_RECEIVED,4626,ACK
1780652086.7116644,SEND,4627,"DATA, attempt=1"
1780652086.7128928,ACK_RECEIVED,4627,ACK
1780652086.713039,SEND,4628,"DATA, attempt=1"
1780652086.7137809,ACK_RECEIVED,4628,ACK
1780652086.7139308,SEND,4629,"DATA, attempt=1"
1780652086.7145922,ACK_RECEIVED,4629,ACK
1780652086.7147467,SEND,4630,"DATA, attempt=1"
1780652086.7152054,ACK_RECEIVED,4630,ACK
1780652086.715391,SEND,4631,"DATA, attempt=1"
1780652086.7166283,ACK_RECEIVED,4631,ACK
1780652086.7169082,SEND,4632,"DATA, attempt=1"
1780652086.718892,ACK_RECEIVED,4632,ACK
1780652086.7191525,SEND,4633,"DATA, attempt=1"
1780652086.7215664,ACK_RECEIVED,4633,ACK
1780652086.7217746,SEND,4634,"DATA, attempt=1"
1780652086.722579,ACK_RECEIVED,4634,ACK
1780652086.7227488,SEND,4635,"DATA, attempt=1"
1780652086.723311,ACK_RECEIVED,4635,ACK
1780652086.7235255,SEND,4636,"DATA, attempt=1"
1780652086.7240407,ACK_RECEIVED,4636,ACK
1780652086.724263,SEND,4637,"DATA, attempt=1"
1780652086.7250473,ACK_RECEIVED,4637,ACK
1780652086.7253072,SEND,4638,"DATA, attempt=1"
1780652086.7261307,ACK_RECEIVED,4638,ACK
1780652086.7265706,SEND,4639,"DATA, attempt=1"
1780652086.7277253,ACK_RECEIVED,4639,ACK
1780652086.7279088,SEND,4640,"DATA, attempt=1"
1780652086.7286332,ACK_RECEIVED,4640,ACK
1780652086.7288015,SEND,4641,"DATA, attempt=1"
1780652086.7293575,ACK_RECEIVED,4641,ACK
1780652086.7295563,SEND,4642,"DATA, attempt=1"
1780652086.7301378,ACK_RECEIVED,4642,ACK
1780652086.730227,SEND,4643,"DATA, attempt=1"
1780652086.7307854,ACK_RECEIVED,4643,ACK
1780652086.7309096,SEND,4644,"DATA, attempt=1"
1780652086.7319608,ACK_RECEIVED,4644,ACK
1780652086.73216,SEND,4645,"DATA, attempt=1"
1780652086.7337759,ACK_RECEIVED,4645,ACK
1780652086.7343578,SEND,4646,"DATA, attempt=1"
1780652086.7358713,ACK_RECEIVED,4646,ACK
1780652086.7362828,SEND,4647,"DATA, attempt=1"
1780652086.7378104,ACK_RECEIVED,4647,ACK
1780652086.737973,SEND,4648,"DATA, attempt=1"
1780652086.7391522,ACK_RECEIVED,4648,ACK
1780652086.7394795,SEND,4649,"DATA, attempt=1"
1780652086.7402675,ACK_RECEIVED,4649,ACK
1780652086.7404294,SEND,4650,"DATA, attempt=1"
1780652086.74116,ACK_RECEIVED,4650,ACK
1780652086.74183,SEND,4651,"DATA, attempt=1"
1780652086.743004,ACK_RECEIVED,4651,ACK
1780652086.7432084,SEND,4652,"DATA, attempt=1"
1780652086.7438834,ACK_RECEIVED,4652,ACK
1780652086.744001,SEND,4653,"DATA, attempt=1"
1780652086.7452607,ACK_RECEIVED,4653,ACK
1780652086.7453928,SEND,4654,"DATA, attempt=1"
1780652086.7460868,ACK_RECEIVED,4654,ACK
1780652086.7462294,SEND,4655,"DATA, attempt=1"
1780652086.7471259,ACK_RECEIVED,4655,ACK
1780652086.7473652,SEND,4656,"DATA, attempt=1"
1780652086.7478795,ACK_RECEIVED,4656,ACK
1780652086.7481043,SEND,4657,"DATA, attempt=1"
1780652086.7486818,ACK_RECEIVED,4657,ACK
1780652086.7487764,SEND,4658,"DATA, attempt=1"
1780652086.7493734,ACK_RECEIVED,4658,ACK
1780652086.7494667,SEND,4659,"DATA, attempt=1"
1780652086.7501073,ACK_RECEIVED,4659,ACK
1780652086.7505364,SEND,4660,"DATA, attempt=1"
1780652086.7525086,ACK_RECEIVED,4660,ACK
1780652086.7528036,SEND,4661,"DATA, attempt=1"
1780652086.7544537,ACK_RECEIVED,4661,ACK
1780652086.7548475,SEND,4662,"DATA, attempt=1"
1780652086.7557034,ACK_RECEIVED,4662,ACK
1780652086.755805,SEND,4663,"DATA, attempt=1"
1780652086.7565527,ACK_RECEIVED,4663,ACK
1780652086.7567122,SEND,4664,"DATA, attempt=1"
1780652086.7573457,ACK_RECEIVED,4664,ACK
1780652086.7575188,SEND,4665,"DATA, attempt=1"
1780652086.7592347,ACK_RECEIVED,4665,ACK
1780652086.759655,SEND,4666,"DATA, attempt=1"
1780652086.760341,ACK_RECEIVED,4666,ACK
1780652086.76053,SEND,4667,"DATA, attempt=1"
1780652086.7611556,ACK_RECEIVED,4667,ACK
1780652086.761237,SEND,4668,"DATA, attempt=1"
1780652086.7617993,ACK_RECEIVED,4668,ACK
1780652086.761923,SEND,4669,"DATA, attempt=1"
1780652086.7624974,ACK_RECEIVED,4669,ACK
1780652086.762602,SEND,4670,"DATA, attempt=1"
1780652086.763163,ACK_RECEIVED,4670,ACK
1780652086.7634437,SEND,4671,"DATA, attempt=1"
1780652086.7644336,ACK_RECEIVED,4671,ACK
1780652086.7650073,SEND,4672,"DATA, attempt=1"
1780652086.7660477,ACK_RECEIVED,4672,ACK
1780652086.7661834,SEND,4673,"DATA, attempt=1"
1780652086.7668772,ACK_RECEIVED,4673,ACK
1780652086.7670321,SEND,4674,"DATA, attempt=1"
1780652086.7678363,ACK_RECEIVED,4674,ACK
1780652086.7685604,SEND,4675,"DATA, attempt=1"
1780652086.7706964,ACK_RECEIVED,4675,ACK
1780652086.771016,SEND,4676,"DATA, attempt=1"
1780652086.7723417,ACK_RECEIVED,4676,ACK
1780652086.7727306,SEND,4677,"DATA, attempt=1"
1780652086.7734826,ACK_RECEIVED,4677,ACK
1780652086.7735736,SEND,4678,"DATA, attempt=1"
1780652086.7744694,ACK_RECEIVED,4678,ACK
1780652086.7746263,SEND,4679,"DATA, attempt=1"
1780652086.775362,ACK_RECEIVED,4679,ACK
1780652086.7754433,SEND,4680,"DATA, attempt=1"
1780652086.776713,ACK_RECEIVED,4680,ACK
1780652086.77698,SEND,4681,"DATA, attempt=1"
1780652086.778193,ACK_RECEIVED,4681,ACK
1780652086.778404,SEND,4682,"DATA, attempt=1"
1780652086.7790554,ACK_RECEIVED,4682,ACK
1780652086.7791471,SEND,4683,"DATA, attempt=1"
1780652086.7800093,ACK_RECEIVED,4683,ACK
1780652086.780159,SEND,4684,"DATA, attempt=1"
1780652086.7806704,ACK_RECEIVED,4684,ACK
1780652086.780754,SEND,4685,"DATA, attempt=1"
1780652086.78135,ACK_RECEIVED,4685,ACK
1780652086.7815104,SEND,4686,"DATA, attempt=1"
1780652086.7820206,ACK_RECEIVED,4686,ACK
1780652086.7822258,SEND,4687,"DATA, attempt=1"
1780652086.7827363,ACK_RECEIVED,4687,ACK
1780652086.7828522,SEND,4688,"DATA, attempt=1"
1780652086.7838051,ACK_RECEIVED,4688,ACK
1780652086.783991,SEND,4689,"DATA, attempt=1"
1780652086.7859857,ACK_RECEIVED,4689,ACK
1780652086.7861595,SEND,4690,"DATA, attempt=1"
1780652086.7878141,ACK_RECEIVED,4690,ACK
1780652086.7882092,SEND,4691,"DATA, attempt=1"
1780652086.7893412,ACK_RECEIVED,4691,ACK
1780652086.7895808,SEND,4692,"DATA, attempt=1"
1780652086.7904844,ACK_RECEIVED,4692,ACK
1780652086.7906199,SEND,4693,"DATA, attempt=1"
1780652086.7916899,ACK_RECEIVED,4693,ACK
1780652086.7918644,SEND,4694,"DATA, attempt=1"
1780652086.7924685,ACK_RECEIVED,4694,ACK
1780652086.7925913,SEND,4695,"DATA, attempt=1"
1780652086.793335,ACK_RECEIVED,4695,ACK
1780652086.793552,SEND,4696,"DATA, attempt=1"
1780652086.7941816,ACK_RECEIVED,4696,ACK
1780652086.794389,SEND,4697,"DATA, attempt=1"
1780652086.7956488,ACK_RECEIVED,4697,ACK
1780652086.796046,SEND,4698,"DATA, attempt=1"
1780652086.796942,ACK_RECEIVED,4698,ACK
1780652086.7970583,SEND,4699,"DATA, attempt=1"
1780652086.7976773,ACK_RECEIVED,4699,ACK
1780652086.79776,SEND,4700,"DATA, attempt=1"
1780652086.7982788,ACK_RECEIVED,4700,ACK
1780652086.7984567,SEND,4701,"DATA, attempt=1"
1780652086.7990067,ACK_RECEIVED,4701,ACK
1780652086.7992067,SEND,4702,"DATA, attempt=1"
1780652086.7999814,ACK_RECEIVED,4702,ACK
1780652086.8001275,SEND,4703,"DATA, attempt=1"
1780652086.8006332,ACK_RECEIVED,4703,ACK
1780652086.8011127,SEND,4704,"DATA, attempt=1"
1780652086.8037627,ACK_RECEIVED,4704,ACK
1780652086.8039231,SEND,4705,"DATA, attempt=1"
1780652086.8053794,ACK_RECEIVED,4705,ACK
1780652086.8056078,SEND,4706,"DATA, attempt=1"
1780652086.8065212,ACK_RECEIVED,4706,ACK
1780652086.8067575,SEND,4707,"DATA, attempt=1"
1780652086.8076265,ACK_RECEIVED,4707,ACK
1780652086.8077087,SEND,4708,"DATA, attempt=1"
1780652086.8083074,ACK_RECEIVED,4708,ACK
1780652086.8083816,SEND,4709,"DATA, attempt=1"
1780652086.8089144,ACK_RECEIVED,4709,ACK
1780652086.8090143,SEND,4710,"DATA, attempt=1"
1780652086.8095095,ACK_RECEIVED,4710,ACK
1780652086.8096786,SEND,4711,"DATA, attempt=1"
1780652086.8103766,ACK_RECEIVED,4711,ACK
1780652086.8105607,SEND,4712,"DATA, attempt=1"
1780652086.8119202,ACK_RECEIVED,4712,ACK
1780652086.8122182,SEND,4713,"DATA, attempt=1"
1780652086.8130076,ACK_RECEIVED,4713,ACK
1780652086.8131242,SEND,4714,"DATA, attempt=1"
1780652086.8136039,ACK_RECEIVED,4714,ACK
1780652086.813715,SEND,4715,"DATA, attempt=1"
1780652086.8142364,ACK_RECEIVED,4715,ACK
1780652086.814397,SEND,4716,"DATA, attempt=1"
1780652086.8148806,ACK_RECEIVED,4716,ACK
1780652086.8150666,SEND,4717,"DATA, attempt=1"
1780652086.8156211,ACK_RECEIVED,4717,ACK
1780652086.8157096,SEND,4718,"DATA, attempt=1"
1780652086.816341,ACK_RECEIVED,4718,ACK
1780652086.816452,SEND,4719,"DATA, attempt=1"
1780652086.817491,ACK_RECEIVED,4719,ACK
1780652086.8186302,SEND,4720,"DATA, attempt=1"
1780652086.8209562,ACK_RECEIVED,4720,ACK
1780652086.8213525,SEND,4721,"DATA, attempt=1"
1780652086.8224723,ACK_RECEIVED,4721,ACK
1780652086.822691,SEND,4722,"DATA, attempt=1"
1780652086.8234205,ACK_RECEIVED,4722,ACK
1780652086.823516,SEND,4723,"DATA, attempt=1"
1780652086.8240535,ACK_RECEIVED,4723,ACK
1780652086.8241553,SEND,4724,"DATA, attempt=1"
1780652086.8248248,ACK_RECEIVED,4724,ACK
1780652086.825049,SEND,4725,"DATA, attempt=1"
1780652086.826322,ACK_RECEIVED,4725,ACK
1780652086.8265507,SEND,4726,"DATA, attempt=1"
1780652086.827352,ACK_RECEIVED,4726,ACK
1780652086.8275325,SEND,4727,"DATA, attempt=1"
1780652086.828246,ACK_RECEIVED,4727,ACK
1780652086.8284082,SEND,4728,"DATA, attempt=1"
1780652086.828937,ACK_RECEIVED,4728,ACK
1780652086.829077,SEND,4729,"DATA, attempt=1"
1780652086.829661,ACK_RECEIVED,4729,ACK
1780652086.8297424,SEND,4730,"DATA, attempt=1"
1780652086.830244,ACK_RECEIVED,4730,ACK
1780652086.8304377,SEND,4731,"DATA, attempt=1"
1780652086.8309915,ACK_RECEIVED,4731,ACK
1780652086.831413,SEND,4732,"DATA, attempt=1"
1780652086.8329735,ACK_RECEIVED,4732,ACK
1780652086.8331635,SEND,4733,"DATA, attempt=1"
1780652086.833957,ACK_RECEIVED,4733,ACK
1780652086.8340511,SEND,4734,"DATA, attempt=1"
1780652086.8365886,ACK_RECEIVED,4734,ACK
1780652086.8367264,SEND,4735,"DATA, attempt=1"
1780652086.8379133,ACK_RECEIVED,4735,ACK
1780652086.838128,SEND,4736,"DATA, attempt=1"
1780652086.8391173,ACK_RECEIVED,4736,ACK
1780652086.8395116,SEND,4737,"DATA, attempt=1"
1780652086.8402412,ACK_RECEIVED,4737,ACK
1780652086.840348,SEND,4738,"DATA, attempt=1"
1780652086.8409927,ACK_RECEIVED,4738,ACK
1780652086.8410707,SEND,4739,"DATA, attempt=1"
1780652086.8417103,ACK_RECEIVED,4739,ACK
1780652086.841816,SEND,4740,"DATA, attempt=1"
1780652086.842333,ACK_RECEIVED,4740,ACK
1780652086.8425024,SEND,4741,"DATA, attempt=1"
1780652086.8432057,ACK_RECEIVED,4741,ACK
1780652086.8433719,SEND,4742,"DATA, attempt=1"
1780652086.8444433,ACK_RECEIVED,4742,ACK
1780652086.8447108,SEND,4743,"DATA, attempt=1"
1780652086.8455005,ACK_RECEIVED,4743,ACK
1780652086.8456023,SEND,4744,"DATA, attempt=1"
1780652086.8461282,ACK_RECEIVED,4744,ACK
1780652086.846216,SEND,4745,"DATA, attempt=1"
1780652086.8467786,ACK_RECEIVED,4745,ACK
1780652086.8469565,SEND,4746,"DATA, attempt=1"
1780652086.847617,ACK_RECEIVED,4746,ACK
1780652086.84778,SEND,4747,"DATA, attempt=1"
1780652086.848451,ACK_RECEIVED,4747,ACK
1780652086.8485303,SEND,4748,"DATA, attempt=1"
1780652086.8495452,ACK_RECEIVED,4748,ACK
1780652086.8496747,SEND,4749,"DATA, attempt=1"
1780652086.8504367,ACK_RECEIVED,4749,ACK
1780652086.8505347,SEND,4750,"DATA, attempt=1"
1780652086.8524196,ACK_RECEIVED,4750,ACK
1780652086.852697,SEND,4751,"DATA, attempt=1"
1780652086.8547144,ACK_RECEIVED,4751,ACK
1780652086.8549583,SEND,4752,"DATA, attempt=1"
1780652086.856279,ACK_RECEIVED,4752,ACK
1780652086.8564527,SEND,4753,"DATA, attempt=1"
1780652086.8570757,ACK_RECEIVED,4753,ACK
1780652086.857288,SEND,4754,"DATA, attempt=1"
1780652086.8587127,ACK_RECEIVED,4754,ACK
1780652086.8589456,SEND,4755,"DATA, attempt=1"
1780652086.8595548,ACK_RECEIVED,4755,ACK
1780652086.859712,SEND,4756,"DATA, attempt=1"
1780652086.860188,ACK_RECEIVED,4756,ACK
1780652086.8604,SEND,4757,"DATA, attempt=1"
1780652086.861642,ACK_RECEIVED,4757,ACK
1780652086.8617482,SEND,4758,"DATA, attempt=1"
1780652086.8623183,ACK_RECEIVED,4758,ACK
1780652086.862447,SEND,4759,"DATA, attempt=1"
1780652086.8629549,ACK_RECEIVED,4759,ACK
1780652086.8630605,SEND,4760,"DATA, attempt=1"
1780652086.8639104,ACK_RECEIVED,4760,ACK
1780652086.864107,SEND,4761,"DATA, attempt=1"
1780652086.8647485,ACK_RECEIVED,4761,ACK
1780652086.8649719,SEND,4762,"DATA, attempt=1"
1780652086.865854,ACK_RECEIVED,4762,ACK
1780652086.8659878,SEND,4763,"DATA, attempt=1"
1780652086.866527,ACK_RECEIVED,4763,ACK
1780652086.866643,SEND,4764,"DATA, attempt=1"
1780652086.8671315,ACK_RECEIVED,4764,ACK
1780652086.867222,SEND,4765,"DATA, attempt=1"
1780652086.8688717,ACK_RECEIVED,4765,ACK
1780652086.870125,SEND,4766,"DATA, attempt=1"
1780652086.8712745,ACK_RECEIVED,4766,ACK
1780652086.871484,SEND,4767,"DATA, attempt=1"
1780652086.8723218,ACK_RECEIVED,4767,ACK
1780652086.8724928,SEND,4768,"DATA, attempt=1"
1780652086.8732884,ACK_RECEIVED,4768,ACK
1780652086.8733845,SEND,4769,"DATA, attempt=1"
1780652086.8740988,ACK_RECEIVED,4769,ACK
1780652086.8742192,SEND,4770,"DATA, attempt=1"
1780652086.8747044,ACK_RECEIVED,4770,ACK
1780652086.8748944,SEND,4771,"DATA, attempt=1"
1780652086.8754473,ACK_RECEIVED,4771,ACK
1780652086.8756545,SEND,4772,"DATA, attempt=1"
1780652086.8763282,ACK_RECEIVED,4772,ACK
1780652086.8764215,SEND,4773,"DATA, attempt=1"
1780652086.8780015,ACK_RECEIVED,4773,ACK
1780652086.8782961,SEND,4774,"DATA, attempt=1"
1780652086.8789225,ACK_RECEIVED,4774,ACK
1780652086.879063,SEND,4775,"DATA, attempt=1"
1780652086.879805,ACK_RECEIVED,4775,ACK
1780652086.8800123,SEND,4776,"DATA, attempt=1"
1780652086.8809884,ACK_RECEIVED,4776,ACK
1780652086.881251,SEND,4777,"DATA, attempt=1"
1780652086.8821409,ACK_RECEIVED,4777,ACK
1780652086.88245,SEND,4778,"DATA, attempt=1"
1780652086.884182,ACK_RECEIVED,4778,ACK
1780652086.8852189,SEND,4779,"DATA, attempt=1"
1780652086.8876398,ACK_RECEIVED,4779,ACK
1780652086.887828,SEND,4780,"DATA, attempt=1"
1780652086.8893573,ACK_RECEIVED,4780,ACK
1780652086.8895597,SEND,4781,"DATA, attempt=1"
1780652086.8908224,ACK_RECEIVED,4781,ACK
1780652086.8910947,SEND,4782,"DATA, attempt=1"
1780652086.891777,ACK_RECEIVED,4782,ACK
1780652086.8918917,SEND,4783,"DATA, attempt=1"
1780652086.8927195,ACK_RECEIVED,4783,ACK
1780652086.8928368,SEND,4784,"DATA, attempt=1"
1780652086.8934648,ACK_RECEIVED,4784,ACK
1780652086.893662,SEND,4785,"DATA, attempt=1"
1780652086.8943284,ACK_RECEIVED,4785,ACK
1780652086.8945224,SEND,4786,"DATA, attempt=1"
1780652086.8951814,ACK_RECEIVED,4786,ACK
1780652086.8954635,SEND,4787,"DATA, attempt=1"
1780652086.8966875,ACK_RECEIVED,4787,ACK
1780652086.896879,SEND,4788,"DATA, attempt=1"
1780652086.8976047,ACK_RECEIVED,4788,ACK
1780652086.8976963,SEND,4789,"DATA, attempt=1"
1780652086.8983068,ACK_RECEIVED,4789,ACK
1780652086.8984578,SEND,4790,"DATA, attempt=1"
1780652086.8990817,ACK_RECEIVED,4790,ACK
1780652086.899258,SEND,4791,"DATA, attempt=1"
1780652086.8998706,ACK_RECEIVED,4791,ACK
1780652086.9001715,SEND,4792,"DATA, attempt=1"
1780652086.9010997,ACK_RECEIVED,4792,ACK
1780652086.9012916,SEND,4793,"DATA, attempt=1"
1780652086.903054,ACK_RECEIVED,4793,ACK
1780652086.9036465,SEND,4794,"DATA, attempt=1"
1780652086.905056,ACK_RECEIVED,4794,ACK
1780652086.9051886,SEND,4795,"DATA, attempt=1"
1780652086.9060414,ACK_RECEIVED,4795,ACK
1780652086.9062574,SEND,4796,"DATA, attempt=1"
1780652086.9072855,ACK_RECEIVED,4796,ACK
1780652086.9077454,SEND,4797,"DATA, attempt=1"
1780652086.9086397,ACK_RECEIVED,4797,ACK
1780652086.9087622,SEND,4798,"DATA, attempt=1"
1780652086.909246,ACK_RECEIVED,4798,ACK
1780652086.9093611,SEND,4799,"DATA, attempt=1"
1780652086.9099102,ACK_RECEIVED,4799,ACK
1780652086.9100907,SEND,4800,"DATA, attempt=1"
1780652086.9113429,ACK_RECEIVED,4800,ACK
1780652086.9115334,SEND,4801,"DATA, attempt=1"
1780652086.9123561,ACK_RECEIVED,4801,ACK
1780652086.9125726,SEND,4802,"DATA, attempt=1"
1780652086.913181,ACK_RECEIVED,4802,ACK
1780652086.9132676,SEND,4803,"DATA, attempt=1"
1780652086.9138362,ACK_RECEIVED,4803,ACK
1780652086.913941,SEND,4804,"DATA, attempt=1"
1780652086.9144151,ACK_RECEIVED,4804,ACK
1780652086.9144914,SEND,4805,"DATA, attempt=1"
1780652086.9151924,ACK_RECEIVED,4805,ACK
1780652086.9153254,SEND,4806,"DATA, attempt=1"
1780652086.9159455,ACK_RECEIVED,4806,ACK
1780652086.9161103,SEND,4807,"DATA, attempt=1"
1780652086.917161,ACK_RECEIVED,4807,ACK
1780652086.9175656,SEND,4808,"DATA, attempt=1"
1780652086.9197557,ACK_RECEIVED,4808,ACK
1780652086.9198596,SEND,4809,"DATA, attempt=1"
1780652086.9209948,ACK_RECEIVED,4809,ACK
1780652086.9211826,SEND,4810,"DATA, attempt=1"
1780652086.9227011,ACK_RECEIVED,4810,ACK
1780652086.9229455,SEND,4811,"DATA, attempt=1"
1780652086.9237144,ACK_RECEIVED,4811,ACK
1780652086.923954,SEND,4812,"DATA, attempt=1"
1780652086.9245021,ACK_RECEIVED,4812,ACK
1780652086.9245834,SEND,4813,"DATA, attempt=1"
1780652086.9251437,ACK_RECEIVED,4813,ACK
1780652086.925247,SEND,4814,"DATA, attempt=1"
1780652086.9257824,ACK_RECEIVED,4814,ACK
1780652086.92588,SEND,4815,"DATA, attempt=1"
1780652086.9266136,ACK_RECEIVED,4815,ACK
1780652086.9267929,SEND,4816,"DATA, attempt=1"
1780652086.9273572,ACK_RECEIVED,4816,ACK
1780652086.9275649,SEND,4817,"DATA, attempt=1"
1780652086.9280698,ACK_RECEIVED,4817,ACK
1780652086.928157,SEND,4818,"DATA, attempt=1"
1780652086.929099,ACK_RECEIVED,4818,ACK
1780652086.9292612,SEND,4819,"DATA, attempt=1"
1780652086.92987,ACK_RECEIVED,4819,ACK
1780652086.929979,SEND,4820,"DATA, attempt=1"
1780652086.9305418,ACK_RECEIVED,4820,ACK
1780652086.930727,SEND,4821,"DATA, attempt=1"
1780652086.9316692,ACK_RECEIVED,4821,ACK
1780652086.93196,SEND,4822,"DATA, attempt=1"
1780652086.9325142,ACK_RECEIVED,4822,ACK
1780652086.9326098,SEND,4823,"DATA, attempt=1"
1780652086.933158,ACK_RECEIVED,4823,ACK
1780652086.9332938,SEND,4824,"DATA, attempt=1"
1780652086.933722,ACK_RECEIVED,4824,ACK
1780652086.9338686,SEND,4825,"DATA, attempt=1"
1780652086.9356937,ACK_RECEIVED,4825,ACK
1780652086.9359965,SEND,4826,"DATA, attempt=1"
1780652086.938066,ACK_RECEIVED,4826,ACK
1780652086.938465,SEND,4827,"DATA, attempt=1"
1780652086.9394252,ACK_RECEIVED,4827,ACK
1780652086.939524,SEND,4828,"DATA, attempt=1"
1780652086.940141,ACK_RECEIVED,4828,ACK
1780652086.940245,SEND,4829,"DATA, attempt=1"
1780652086.941109,ACK_RECEIVED,4829,ACK
1780652086.941265,SEND,4830,"DATA, attempt=1"
1780652086.9418144,ACK_RECEIVED,4830,ACK
1780652086.9420018,SEND,4831,"DATA, attempt=1"
1780652086.9425476,ACK_RECEIVED,4831,ACK
1780652086.942741,SEND,4832,"DATA, attempt=1"
1780652086.9432766,ACK_RECEIVED,4832,ACK
1780652086.9433558,SEND,4833,"DATA, attempt=1"
1780652086.944518,ACK_RECEIVED,4833,ACK
1780652086.9446218,SEND,4834,"DATA, attempt=1"
1780652086.945149,ACK_RECEIVED,4834,ACK
1780652086.945229,SEND,4835,"DATA, attempt=1"
1780652086.9457161,ACK_RECEIVED,4835,ACK
1780652086.945905,SEND,4836,"DATA, attempt=1"
1780652086.9465947,ACK_RECEIVED,4836,ACK
1780652086.9468563,SEND,4837,"DATA, attempt=1"
1780652086.9474845,ACK_RECEIVED,4837,ACK
1780652086.9475975,SEND,4838,"DATA, attempt=1"
1780652086.9480884,ACK_RECEIVED,4838,ACK
1780652086.948192,SEND,4839,"DATA, attempt=1"
1780652086.9489474,ACK_RECEIVED,4839,ACK
1780652086.9490314,SEND,4840,"DATA, attempt=1"
1780652086.949553,ACK_RECEIVED,4840,ACK
1780652086.949737,SEND,4841,"DATA, attempt=1"
1780652086.9502573,ACK_RECEIVED,4841,ACK
1780652086.950441,SEND,4842,"DATA, attempt=1"
1780652086.9525056,ACK_RECEIVED,4842,ACK
1780652086.9533274,SEND,4843,"DATA, attempt=1"
1780652086.9547534,ACK_RECEIVED,4843,ACK
1780652086.9549422,SEND,4844,"DATA, attempt=1"
1780652086.9554932,ACK_RECEIVED,4844,ACK
1780652086.9555845,SEND,4845,"DATA, attempt=1"
1780652086.9562562,ACK_RECEIVED,4845,ACK
1780652086.9564867,SEND,4846,"DATA, attempt=1"
1780652086.9570658,ACK_RECEIVED,4846,ACK
1780652086.957266,SEND,4847,"DATA, attempt=1"
1780652086.957854,ACK_RECEIVED,4847,ACK
1780652086.9579287,SEND,4848,"DATA, attempt=1"
1780652086.958817,ACK_RECEIVED,4848,ACK
1780652086.9589987,SEND,4849,"DATA, attempt=1"
1780652086.9598055,ACK_RECEIVED,4849,ACK
1780652086.9598975,SEND,4850,"DATA, attempt=1"
1780652086.960467,ACK_RECEIVED,4850,ACK
1780652086.9606571,SEND,4851,"DATA, attempt=1"
1780652086.9611323,ACK_RECEIVED,4851,ACK
1780652086.961327,SEND,4852,"DATA, attempt=1"
1780652086.9618118,ACK_RECEIVED,4852,ACK
1780652086.9618843,SEND,4853,"DATA, attempt=1"
1780652086.9624271,ACK_RECEIVED,4853,ACK
1780652086.9626756,SEND,4854,"DATA, attempt=1"
1780652086.9636834,ACK_RECEIVED,4854,ACK
1780652086.9638128,SEND,4855,"DATA, attempt=1"
1780652086.9649723,ACK_RECEIVED,4855,ACK
1780652086.9652674,SEND,4856,"DATA, attempt=1"
1780652086.9662015,ACK_RECEIVED,4856,ACK
1780652086.9664626,SEND,4857,"DATA, attempt=1"
1780652086.96742,ACK_RECEIVED,4857,ACK
1780652086.9678788,SEND,4858,"DATA, attempt=1"
1780652086.969496,ACK_RECEIVED,4858,ACK
1780652086.9701805,SEND,4859,"DATA, attempt=1"
1780652086.9718068,ACK_RECEIVED,4859,ACK
1780652086.971931,SEND,4860,"DATA, attempt=1"
1780652086.9727194,ACK_RECEIVED,4860,ACK
1780652086.9729228,SEND,4861,"DATA, attempt=1"
1780652086.973472,ACK_RECEIVED,4861,ACK
1780652086.9736814,SEND,4862,"DATA, attempt=1"
1780652086.9741874,ACK_RECEIVED,4862,ACK
1780652086.9742858,SEND,4863,"DATA, attempt=1"
1780652086.9748302,ACK_RECEIVED,4863,ACK
1780652086.9749556,SEND,4864,"DATA, attempt=1"
1780652086.9757233,ACK_RECEIVED,4864,ACK
1780652086.976268,SEND,4865,"DATA, attempt=1"
1780652086.9900756,ACK_RECEIVED,4865,ACK
1780652086.9905267,SEND,4866,"DATA, attempt=1"
1780652086.992345,ACK_RECEIVED,4866,ACK
1780652086.9926105,SEND,4867,"DATA, attempt=1"
1780652086.994135,ACK_RECEIVED,4867,ACK
1780652086.994302,SEND,4868,"DATA, attempt=1"
1780652086.9968004,ACK_RECEIVED,4868,ACK
1780652086.996974,SEND,4869,"DATA, attempt=1"
1780652087.0065258,ACK_RECEIVED,4869,ACK
1780652087.0103812,SEND,4870,"DATA, attempt=1"
1780652087.0123026,ACK_RECEIVED,4870,ACK
1780652087.0161488,SEND,4871,"DATA, attempt=1"
1780652087.0182476,ACK_RECEIVED,4871,ACK
1780652087.0187178,SEND,4872,"DATA, attempt=1"
1780652087.0204976,ACK_RECEIVED,4872,ACK
1780652087.020647,SEND,4873,"DATA, attempt=1"
1780652087.0216866,ACK_RECEIVED,4873,ACK
1780652087.02185,SEND,4874,"DATA, attempt=1"
1780652087.0227933,ACK_RECEIVED,4874,ACK
1780652087.022985,SEND,4875,"DATA, attempt=1"
1780652087.0239985,ACK_RECEIVED,4875,ACK
1780652087.0242388,SEND,4876,"DATA, attempt=1"
1780652087.025292,ACK_RECEIVED,4876,ACK
1780652087.0255806,SEND,4877,"DATA, attempt=1"
1780652087.0267267,ACK_RECEIVED,4877,ACK
1780652087.0268807,SEND,4878,"DATA, attempt=1"
1780652087.028225,ACK_RECEIVED,4878,ACK
1780652087.02853,SEND,4879,"DATA, attempt=1"
1780652087.038714,ACK_RECEIVED,4879,ACK
1780652087.0389178,SEND,4880,"DATA, attempt=1"
1780652087.0398479,ACK_RECEIVED,4880,ACK
1780652087.0401597,SEND,4881,"DATA, attempt=1"
1780652087.0409472,ACK_RECEIVED,4881,ACK
1780652087.0411172,SEND,4882,"DATA, attempt=1"
1780652087.0418253,ACK_RECEIVED,4882,ACK
1780652087.0419207,SEND,4883,"DATA, attempt=1"
1780652087.0426197,ACK_RECEIVED,4883,ACK
1780652087.0427363,SEND,4884,"DATA, attempt=1"
1780652087.0434492,ACK_RECEIVED,4884,ACK
1780652087.0435874,SEND,4885,"DATA, attempt=1"
1780652087.0444832,ACK_RECEIVED,4885,ACK
1780652087.0446346,SEND,4886,"DATA, attempt=1"
1780652087.0454254,ACK_RECEIVED,4886,ACK
1780652087.0455992,SEND,4887,"DATA, attempt=1"
1780652087.0462422,ACK_RECEIVED,4887,ACK
1780652087.0464036,SEND,4888,"DATA, attempt=1"
1780652087.0471451,ACK_RECEIVED,4888,ACK
1780652087.0472822,SEND,4889,"DATA, attempt=1"
1780652087.0479522,ACK_RECEIVED,4889,ACK
1780652087.0480525,SEND,4890,"DATA, attempt=1"
1780652087.0489125,ACK_RECEIVED,4890,ACK
1780652087.049155,SEND,4891,"DATA, attempt=1"
1780652087.049883,ACK_RECEIVED,4891,ACK
1780652087.0501294,SEND,4892,"DATA, attempt=1"
1780652087.051811,ACK_RECEIVED,4892,ACK
1780652087.052102,SEND,4893,"DATA, attempt=1"
1780652087.0539925,ACK_RECEIVED,4893,ACK
1780652087.054371,SEND,4894,"DATA, attempt=1"
1780652087.055823,ACK_RECEIVED,4894,ACK
1780652087.0559332,SEND,4895,"DATA, attempt=1"
1780652087.056872,ACK_RECEIVED,4895,ACK
1780652087.0570633,SEND,4896,"DATA, attempt=1"
1780652087.0577629,ACK_RECEIVED,4896,ACK
1780652087.0580008,SEND,4897,"DATA, attempt=1"
1780652087.0586414,ACK_RECEIVED,4897,ACK
1780652087.0587382,SEND,4898,"DATA, attempt=1"
1780652087.0595007,ACK_RECEIVED,4898,ACK
1780652087.0595787,SEND,4899,"DATA, attempt=1"
1780652087.0602455,ACK_RECEIVED,4899,ACK
1780652087.060399,SEND,4900,"DATA, attempt=1"
1780652087.0611994,ACK_RECEIVED,4900,ACK
1780652087.0614924,SEND,4901,"DATA, attempt=1"
1780652087.062547,ACK_RECEIVED,4901,ACK
1780652087.062741,SEND,4902,"DATA, attempt=1"
1780652087.0633228,ACK_RECEIVED,4902,ACK
1780652087.0634153,SEND,4903,"DATA, attempt=1"
1780652087.063956,ACK_RECEIVED,4903,ACK
1780652087.064031,SEND,4904,"DATA, attempt=1"
1780652087.0645561,ACK_RECEIVED,4904,ACK
1780652087.0646594,SEND,4905,"DATA, attempt=1"
1780652087.065303,ACK_RECEIVED,4905,ACK
1780652087.0654485,SEND,4906,"DATA, attempt=1"
1780652087.0659857,ACK_RECEIVED,4906,ACK
1780652087.066169,SEND,4907,"DATA, attempt=1"
1780652087.0671291,ACK_RECEIVED,4907,ACK
1780652087.0673256,SEND,4908,"DATA, attempt=1"
1780652087.068592,ACK_RECEIVED,4908,ACK
1780652087.0687554,SEND,4909,"DATA, attempt=1"
1780652087.0701637,ACK_RECEIVED,4909,ACK
1780652087.0703194,SEND,4910,"DATA, attempt=1"
1780652087.0714524,ACK_RECEIVED,4910,ACK
1780652087.0716963,SEND,4911,"DATA, attempt=1"
1780652087.0726883,ACK_RECEIVED,4911,ACK
1780652087.0730011,SEND,4912,"DATA, attempt=1"
1780652087.0740182,ACK_RECEIVED,4912,ACK
1780652087.0741389,SEND,4913,"DATA, attempt=1"
1780652087.0749106,ACK_RECEIVED,4913,ACK
1780652087.0751045,SEND,4914,"DATA, attempt=1"
1780652087.0757906,ACK_RECEIVED,4914,ACK
1780652087.0758772,SEND,4915,"DATA, attempt=1"
1780652087.076928,ACK_RECEIVED,4915,ACK
1780652087.0771098,SEND,4916,"DATA, attempt=1"
1780652087.0777557,ACK_RECEIVED,4916,ACK
1780652087.0779452,SEND,4917,"DATA, attempt=1"
1780652087.0787568,ACK_RECEIVED,4917,ACK
1780652087.078843,SEND,4918,"DATA, attempt=1"
1780652087.0794702,ACK_RECEIVED,4918,ACK
1780652087.0795722,SEND,4919,"DATA, attempt=1"
1780652087.080459,ACK_RECEIVED,4919,ACK
1780652087.080551,SEND,4920,"DATA, attempt=1"
1780652087.081347,ACK_RECEIVED,4920,ACK
1780652087.0816371,SEND,4921,"DATA, attempt=1"
1780652087.0825434,ACK_RECEIVED,4921,ACK
1780652087.0827284,SEND,4922,"DATA, attempt=1"
1780652087.0833745,ACK_RECEIVED,4922,ACK
1780652087.0834484,SEND,4923,"DATA, attempt=1"
1780652087.0839913,ACK_RECEIVED,4923,ACK
1780652087.0841572,SEND,4924,"DATA, attempt=1"
1780652087.0852897,ACK_RECEIVED,4924,ACK
1780652087.0855818,SEND,4925,"DATA, attempt=1"
1780652087.087211,ACK_RECEIVED,4925,ACK
1780652087.0875452,SEND,4926,"DATA, attempt=1"
1780652087.088779,ACK_RECEIVED,4926,ACK
1780652087.0889862,SEND,4927,"DATA, attempt=1"
1780652087.0896704,ACK_RECEIVED,4927,ACK
1780652087.0897496,SEND,4928,"DATA, attempt=1"
1780652087.0903773,ACK_RECEIVED,4928,ACK
1780652087.0905285,SEND,4929,"DATA, attempt=1"
1780652087.091462,ACK_RECEIVED,4929,ACK
1780652087.0916348,SEND,4930,"DATA, attempt=1"
1780652087.0924377,ACK_RECEIVED,4930,ACK
1780652087.0926535,SEND,4931,"DATA, attempt=1"
1780652087.09352,ACK_RECEIVED,4931,ACK
1780652087.0937824,SEND,4932,"DATA, attempt=1"
1780652087.0945826,ACK_RECEIVED,4932,ACK
1780652087.094773,SEND,4933,"DATA, attempt=1"
1780652087.0954933,ACK_RECEIVED,4933,ACK
1780652087.0956004,SEND,4934,"DATA, attempt=1"
1780652087.0965097,ACK_RECEIVED,4934,ACK
1780652087.0966463,SEND,4935,"DATA, attempt=1"
1780652087.0975184,ACK_RECEIVED,4935,ACK
1780652087.0977428,SEND,4936,"DATA, attempt=1"
1780652087.0986016,ACK_RECEIVED,4936,ACK
1780652087.09897,SEND,4937,"DATA, attempt=1"
1780652087.0996723,ACK_RECEIVED,4937,ACK
1780652087.0997725,SEND,4938,"DATA, attempt=1"
1780652087.1005352,ACK_RECEIVED,4938,ACK
1780652087.1007764,SEND,4939,"DATA, attempt=1"
1780652087.102001,ACK_RECEIVED,4939,ACK
1780652087.102439,SEND,4940,"DATA, attempt=1"
1780652087.1037097,ACK_RECEIVED,4940,ACK
1780652087.1040182,SEND,4941,"DATA, attempt=1"
1780652087.105204,ACK_RECEIVED,4941,ACK
1780652087.1055157,SEND,4942,"DATA, attempt=1"
1780652087.1063292,ACK_RECEIVED,4942,ACK
1780652087.1064856,SEND,4943,"DATA, attempt=1"
1780652087.1071134,ACK_RECEIVED,4943,ACK
1780652087.1071904,SEND,4944,"DATA, attempt=1"
1780652087.1081355,ACK_RECEIVED,4944,ACK
1780652087.108264,SEND,4945,"DATA, attempt=1"
1780652087.1093628,ACK_RECEIVED,4945,ACK
1780652087.1095676,SEND,4946,"DATA, attempt=1"
1780652087.1103933,ACK_RECEIVED,4946,ACK
1780652087.1105707,SEND,4947,"DATA, attempt=1"
1780652087.1111553,ACK_RECEIVED,4947,ACK
1780652087.1112502,SEND,4948,"DATA, attempt=1"
1780652087.111832,ACK_RECEIVED,4948,ACK
1780652087.111993,SEND,4949,"DATA, attempt=1"
1780652087.1128354,ACK_RECEIVED,4949,ACK
1780652087.1129627,SEND,4950,"DATA, attempt=1"
1780652087.1137307,ACK_RECEIVED,4950,ACK
1780652087.113919,SEND,4951,"DATA, attempt=1"
1780652087.1149328,ACK_RECEIVED,4951,ACK
1780652087.1151748,SEND,4952,"DATA, attempt=1"
1780652087.1160624,ACK_RECEIVED,4952,ACK
1780652087.1162028,SEND,4953,"DATA, attempt=1"
1780652087.1168702,ACK_RECEIVED,4953,ACK
1780652087.1170332,SEND,4954,"DATA, attempt=1"
1780652087.1180148,ACK_RECEIVED,4954,ACK
1780652087.118211,SEND,4955,"DATA, attempt=1"
1780652087.1200056,ACK_RECEIVED,4955,ACK
1780652087.1202798,SEND,4956,"DATA, attempt=1"
1780652087.121678,ACK_RECEIVED,4956,ACK
1780652087.1219068,SEND,4957,"DATA, attempt=1"
1780652087.1226478,ACK_RECEIVED,4957,ACK
1780652087.1227963,SEND,4958,"DATA, attempt=1"
1780652087.1236236,ACK_RECEIVED,4958,ACK
1780652087.123783,SEND,4959,"DATA, attempt=1"
1780652087.1245377,ACK_RECEIVED,4959,ACK
1780652087.1246328,SEND,4960,"DATA, attempt=1"
1780652087.1252956,ACK_RECEIVED,4960,ACK
1780652087.1254501,SEND,4961,"DATA, attempt=1"
1780652087.1261494,ACK_RECEIVED,4961,ACK
1780652087.1263824,SEND,4962,"DATA, attempt=1"
1780652087.127268,ACK_RECEIVED,4962,ACK
1780652087.127417,SEND,4963,"DATA, attempt=1"
1780652087.1282604,ACK_RECEIVED,4963,ACK
1780652087.1284103,SEND,4964,"DATA, attempt=1"
1780652087.1293228,ACK_RECEIVED,4964,ACK
1780652087.1295393,SEND,4965,"DATA, attempt=1"
1780652087.1307464,ACK_RECEIVED,4965,ACK
1780652087.1310468,SEND,4966,"DATA, attempt=1"
1780652087.1322975,ACK_RECEIVED,4966,ACK
1780652087.132557,SEND,4967,"DATA, attempt=1"
1780652087.133647,ACK_RECEIVED,4967,ACK
1780652087.1338444,SEND,4968,"DATA, attempt=1"
1780652087.1352398,ACK_RECEIVED,4968,ACK
1780652087.1356955,SEND,4969,"DATA, attempt=1"
1780652087.137283,ACK_RECEIVED,4969,ACK
1780652087.1374671,SEND,4970,"DATA, attempt=1"
1780652087.1388237,ACK_RECEIVED,4970,ACK
1780652087.1391149,SEND,4971,"DATA, attempt=1"
1780652087.1401713,ACK_RECEIVED,4971,ACK
1780652087.1404173,SEND,4972,"DATA, attempt=1"
1780652087.1414208,ACK_RECEIVED,4972,ACK
1780652087.1416,SEND,4973,"DATA, attempt=1"
1780652087.1424758,ACK_RECEIVED,4973,ACK
1780652087.1426628,SEND,4974,"DATA, attempt=1"
1780652087.1436791,ACK_RECEIVED,4974,ACK
1780652087.1438146,SEND,4975,"DATA, attempt=1"
1780652087.144661,ACK_RECEIVED,4975,ACK
1780652087.144833,SEND,4976,"DATA, attempt=1"
1780652087.145945,ACK_RECEIVED,4976,ACK
1780652087.146223,SEND,4977,"DATA, attempt=1"
1780652087.1472628,ACK_RECEIVED,4977,ACK
1780652087.1473672,SEND,4978,"DATA, attempt=1"
1780652087.1481776,ACK_RECEIVED,4978,ACK
1780652087.1484995,SEND,4979,"DATA, attempt=1"
1780652087.1494992,ACK_RECEIVED,4979,ACK
1780652087.149615,SEND,4980,"DATA, attempt=1"
1780652087.1504154,ACK_RECEIVED,4980,ACK
1780652087.1507285,SEND,4981,"DATA, attempt=1"
1780652087.152236,ACK_RECEIVED,4981,ACK
1780652087.1525352,SEND,4982,"DATA, attempt=1"
1780652087.1545053,ACK_RECEIVED,4982,ACK
1780652087.154675,SEND,4983,"DATA, attempt=1"
1780652087.155952,ACK_RECEIVED,4983,ACK
1780652087.1560702,SEND,4984,"DATA, attempt=1"
1780652087.1570508,ACK_RECEIVED,4984,ACK
1780652087.1572027,SEND,4985,"DATA, attempt=1"
1780652087.1583707,ACK_RECEIVED,4985,ACK
1780652087.1586215,SEND,4986,"DATA, attempt=1"
1780652087.1594632,ACK_RECEIVED,4986,ACK
1780652087.1597846,SEND,4987,"DATA, attempt=1"
1780652087.1606596,ACK_RECEIVED,4987,ACK
1780652087.1607552,SEND,4988,"DATA, attempt=1"
1780652087.1615453,ACK_RECEIVED,4988,ACK
1780652087.1616588,SEND,4989,"DATA, attempt=1"
1780652087.1626174,ACK_RECEIVED,4989,ACK
1780652087.1627507,SEND,4990,"DATA, attempt=1"
1780652087.1638844,ACK_RECEIVED,4990,ACK
1780652087.1641927,SEND,4991,"DATA, attempt=1"
1780652087.1649601,ACK_RECEIVED,4991,ACK
1780652087.1651502,SEND,4992,"DATA, attempt=1"
1780652087.165884,ACK_RECEIVED,4992,ACK
1780652087.166155,SEND,4993,"DATA, attempt=1"
1780652087.1670818,ACK_RECEIVED,4993,ACK
1780652087.1672623,SEND,4994,"DATA, attempt=1"
1780652087.1683142,ACK_RECEIVED,4994,ACK
1780652087.1685622,SEND,4995,"DATA, attempt=1"
1780652087.1700892,ACK_RECEIVED,4995,ACK
1780652087.1704934,SEND,4996,"DATA, attempt=1"
1780652087.171968,ACK_RECEIVED,4996,ACK
1780652087.1723084,SEND,4997,"DATA, attempt=1"
1780652087.1735082,ACK_RECEIVED,4997,ACK
1780652087.1737037,SEND,4998,"DATA, attempt=1"
1780652087.174681,ACK_RECEIVED,4998,ACK
1780652087.1748662,SEND,4999,"DATA, attempt=1"
1780652087.1756968,ACK_RECEIVED,4999,ACK
1780652087.1758442,SEND,5000,"DATA, attempt=1"
1780652087.1766038,ACK_RECEIVED,5000,ACK
1780652087.1768174,SEND,5001,"DATA, attempt=1"
1780652087.1778135,ACK_RECEIVED,5001,ACK
1780652087.1780727,SEND,5002,"DATA, attempt=1"
1780652087.1790893,ACK_RECEIVED,5002,ACK
1780652087.1791897,SEND,5003,"DATA, attempt=1"
1780652087.180007,ACK_RECEIVED,5003,ACK
1780652087.1801016,SEND,5004,"DATA, attempt=1"
1780652087.1807208,ACK_RECEIVED,5004,ACK
1780652087.1808884,SEND,5005,"DATA, attempt=1"
1780652087.1817722,ACK_RECEIVED,5005,ACK
1780652087.1819668,SEND,5006,"DATA, attempt=1"
1780652087.1829877,ACK_RECEIVED,5006,ACK
1780652087.1832595,SEND,5007,"DATA, attempt=1"
1780652087.1844485,ACK_RECEIVED,5007,ACK
1780652087.1846244,SEND,5008,"DATA, attempt=1"
1780652087.1860518,ACK_RECEIVED,5008,ACK
1780652087.1862383,SEND,5009,"DATA, attempt=1"
1780652087.1876519,ACK_RECEIVED,5009,ACK
1780652087.187896,SEND,5010,"DATA, attempt=1"
1780652087.1895094,ACK_RECEIVED,5010,ACK
1780652087.1897914,SEND,5011,"DATA, attempt=1"
1780652087.1906345,ACK_RECEIVED,5011,ACK
1780652087.1908321,SEND,5012,"DATA, attempt=1"
1780652087.1915774,ACK_RECEIVED,5012,ACK
1780652087.1917243,SEND,5013,"DATA, attempt=1"
1780652087.1926413,ACK_RECEIVED,5013,ACK
1780652087.192804,SEND,5014,"DATA, attempt=1"
1780652087.193648,ACK_RECEIVED,5014,ACK
1780652087.1937523,SEND,5015,"DATA, attempt=1"
1780652087.1948102,ACK_RECEIVED,5015,ACK
1780652087.1951168,SEND,5016,"DATA, attempt=1"
1780652087.1961095,ACK_RECEIVED,5016,ACK
1780652087.1963015,SEND,5017,"DATA, attempt=1"
1780652087.197109,ACK_RECEIVED,5017,ACK
1780652087.1972241,SEND,5018,"DATA, attempt=1"
1780652087.1979244,ACK_RECEIVED,5018,ACK
1780652087.1980228,SEND,5019,"DATA, attempt=1"
1780652087.1988285,ACK_RECEIVED,5019,ACK
1780652087.1989791,SEND,5020,"DATA, attempt=1"
1780652087.200064,ACK_RECEIVED,5020,ACK
1780652087.2002773,SEND,5021,"DATA, attempt=1"
1780652087.202079,ACK_RECEIVED,5021,ACK
1780652087.204368,SEND,5022,"DATA, attempt=1"
1780652087.2058396,ACK_RECEIVED,5022,ACK
1780652087.2062278,SEND,5023,"DATA, attempt=1"
1780652087.2079241,ACK_RECEIVED,5023,ACK
1780652087.2081795,SEND,5024,"DATA, attempt=1"
1780652087.2091684,ACK_RECEIVED,5024,ACK
1780652087.2093565,SEND,5025,"DATA, attempt=1"
1780652087.2106295,ACK_RECEIVED,5025,ACK
1780652087.2108154,SEND,5026,"DATA, attempt=1"
1780652087.2119265,ACK_RECEIVED,5026,ACK
1780652087.212257,SEND,5027,"DATA, attempt=1"
1780652087.2136326,ACK_RECEIVED,5027,ACK
1780652087.2137878,SEND,5028,"DATA, attempt=1"
1780652087.2145085,ACK_RECEIVED,5028,ACK
1780652087.2146063,SEND,5029,"DATA, attempt=1"
1780652087.2169929,ACK_RECEIVED,5029,ACK
1780652087.217085,SEND,5030,"DATA, attempt=1"
1780652087.2189102,ACK_RECEIVED,5030,ACK
1780652087.2191644,SEND,5031,"DATA, attempt=1"
1780652087.220609,ACK_RECEIVED,5031,ACK
1780652087.2209282,SEND,5032,"DATA, attempt=1"
1780652087.222554,ACK_RECEIVED,5032,ACK
1780652087.2227302,SEND,5033,"DATA, attempt=1"
1780652087.223863,ACK_RECEIVED,5033,ACK
1780652087.2239861,SEND,5034,"DATA, attempt=1"
1780652087.2250092,ACK_RECEIVED,5034,ACK
1780652087.2251894,SEND,5035,"DATA, attempt=1"
1780652087.2261355,ACK_RECEIVED,5035,ACK
1780652087.226345,SEND,5036,"DATA, attempt=1"
1780652087.2270372,ACK_RECEIVED,5036,ACK
1780652087.227266,SEND,5037,"DATA, attempt=1"
1780652087.2280936,ACK_RECEIVED,5037,ACK
1780652087.228234,SEND,5038,"DATA, attempt=1"
1780652087.2291903,ACK_RECEIVED,5038,ACK
1780652087.2292962,SEND,5039,"DATA, attempt=1"
1780652087.2301128,ACK_RECEIVED,5039,ACK
1780652087.2303212,SEND,5040,"DATA, attempt=1"
1780652087.23129,ACK_RECEIVED,5040,ACK
1780652087.231478,SEND,5041,"DATA, attempt=1"
1780652087.2323728,ACK_RECEIVED,5041,ACK
1780652087.2325716,SEND,5042,"DATA, attempt=1"
1780652087.233341,ACK_RECEIVED,5042,ACK
1780652087.2335076,SEND,5043,"DATA, attempt=1"
1780652087.2346332,ACK_RECEIVED,5043,ACK
1780652087.234853,SEND,5044,"DATA, attempt=1"
1780652087.236377,ACK_RECEIVED,5044,ACK
1780652087.2369244,SEND,5045,"DATA, attempt=1"
1780652087.2385259,ACK_RECEIVED,5045,ACK
1780652087.2388663,SEND,5046,"DATA, attempt=1"
1780652087.239852,ACK_RECEIVED,5046,ACK
1780652087.2401235,SEND,5047,"DATA, attempt=1"
1780652087.240834,ACK_RECEIVED,5047,ACK
1780652087.24097,SEND,5048,"DATA, attempt=1"
1780652087.241668,ACK_RECEIVED,5048,ACK
1780652087.2418628,SEND,5049,"DATA, attempt=1"
1780652087.242623,ACK_RECEIVED,5049,ACK
1780652087.2427268,SEND,5050,"DATA, attempt=1"
1780652087.2435336,ACK_RECEIVED,5050,ACK
1780652087.2437434,SEND,5051,"DATA, attempt=1"
1780652087.2446299,ACK_RECEIVED,5051,ACK
1780652087.2449143,SEND,5052,"DATA, attempt=1"
1780652087.2457983,ACK_RECEIVED,5052,ACK
1780652087.2459075,SEND,5053,"DATA, attempt=1"
1780652087.2466347,ACK_RECEIVED,5053,ACK
1780652087.2467794,SEND,5054,"DATA, attempt=1"
1780652087.2474844,ACK_RECEIVED,5054,ACK
1780652087.2476504,SEND,5055,"DATA, attempt=1"
1780652087.2483284,ACK_RECEIVED,5055,ACK
1780652087.248538,SEND,5056,"DATA, attempt=1"
1780652087.2493634,ACK_RECEIVED,5056,ACK
1780652087.249624,SEND,5057,"DATA, attempt=1"
1780652087.2504563,ACK_RECEIVED,5057,ACK
1780652087.2505748,SEND,5058,"DATA, attempt=1"
1780652087.2525563,ACK_RECEIVED,5058,ACK
1780652087.2526934,SEND,5059,"DATA, attempt=1"
1780652087.2548494,ACK_RECEIVED,5059,ACK
1780652087.2550542,SEND,5060,"DATA, attempt=1"
1780652087.2564008,ACK_RECEIVED,5060,ACK
1780652087.2567062,SEND,5061,"DATA, attempt=1"
1780652087.2578032,ACK_RECEIVED,5061,ACK
1780652087.2580292,SEND,5062,"DATA, attempt=1"
1780652087.2587714,ACK_RECEIVED,5062,ACK
1780652087.2589266,SEND,5063,"DATA, attempt=1"
1780652087.2597558,ACK_RECEIVED,5063,ACK
1780652087.2598495,SEND,5064,"DATA, attempt=1"
1780652087.260473,ACK_RECEIVED,5064,ACK
1780652087.2606735,SEND,5065,"DATA, attempt=1"
1780652087.261679,ACK_RECEIVED,5065,ACK
1780652087.2619393,SEND,5066,"DATA, attempt=1"
1780652087.2629795,ACK_RECEIVED,5066,ACK
1780652087.2632303,SEND,5067,"DATA, attempt=1"
1780652087.2642298,ACK_RECEIVED,5067,ACK
1780652087.264435,SEND,5068,"DATA, attempt=1"
1780652087.2654757,ACK_RECEIVED,5068,ACK
1780652087.2656438,SEND,5069,"DATA, attempt=1"
1780652087.2665844,ACK_RECEIVED,5069,ACK
1780652087.2667906,SEND,5070,"DATA, attempt=1"
1780652087.267864,ACK_RECEIVED,5070,ACK
1780652087.2682703,SEND,5071,"DATA, attempt=1"
1780652087.2698524,ACK_RECEIVED,5071,ACK
1780652087.2702043,SEND,5072,"DATA, attempt=1"
1780652087.2716296,ACK_RECEIVED,5072,ACK
1780652087.2718163,SEND,5073,"DATA, attempt=1"
1780652087.2730982,ACK_RECEIVED,5073,ACK
1780652087.27324,SEND,5074,"DATA, attempt=1"
1780652087.2744777,ACK_RECEIVED,5074,ACK
1780652087.2746415,SEND,5075,"DATA, attempt=1"
1780652087.275717,ACK_RECEIVED,5075,ACK
1780652087.275899,SEND,5076,"DATA, attempt=1"
1780652087.2767086,ACK_RECEIVED,5076,ACK
1780652087.2769642,SEND,5077,"DATA, attempt=1"
1780652087.2779624,ACK_RECEIVED,5077,ACK
1780652087.2780998,SEND,5078,"DATA, attempt=1"
1780652087.278993,ACK_RECEIVED,5078,ACK
1780652087.2791402,SEND,5079,"DATA, attempt=1"
1780652087.2802577,ACK_RECEIVED,5079,ACK
1780652087.2803988,SEND,5080,"DATA, attempt=1"
1780652087.2812092,ACK_RECEIVED,5080,ACK
1780652087.281925,SEND,5081,"DATA, attempt=1"
1780652087.2828176,ACK_RECEIVED,5081,ACK
1780652087.2830722,SEND,5082,"DATA, attempt=1"
1780652087.283948,ACK_RECEIVED,5082,ACK
1780652087.2841718,SEND,5083,"DATA, attempt=1"
1780652087.2854872,ACK_RECEIVED,5083,ACK
1780652087.2857554,SEND,5084,"DATA, attempt=1"
1780652087.2869596,ACK_RECEIVED,5084,ACK
1780652087.2871132,SEND,5085,"DATA, attempt=1"
1780652087.2886586,ACK_RECEIVED,5085,ACK
1780652087.2889376,SEND,5086,"DATA, attempt=1"
1780652087.2899182,ACK_RECEIVED,5086,ACK
1780652087.2902365,SEND,5087,"DATA, attempt=1"
1780652087.2911282,ACK_RECEIVED,5087,ACK
1780652087.291303,SEND,5088,"DATA, attempt=1"
1780652087.2920463,ACK_RECEIVED,5088,ACK
1780652087.2921875,SEND,5089,"DATA, attempt=1"
1780652087.2930427,ACK_RECEIVED,5089,ACK
1780652087.2931607,SEND,5090,"DATA, attempt=1"
1780652087.293867,ACK_RECEIVED,5090,ACK
1780652087.2940764,SEND,5091,"DATA, attempt=1"
1780652087.2949924,ACK_RECEIVED,5091,ACK
1780652087.2953255,SEND,5092,"DATA, attempt=1"
1780652087.2963548,ACK_RECEIVED,5092,ACK
1780652087.2965393,SEND,5093,"DATA, attempt=1"
1780652087.2975993,ACK_RECEIVED,5093,ACK
1780652087.297743,SEND,5094,"DATA, attempt=1"
1780652087.2985628,ACK_RECEIVED,5094,ACK
1780652087.2986574,SEND,5095,"DATA, attempt=1"
1780652087.2994125,ACK_RECEIVED,5095,ACK
1780652087.2996547,SEND,5096,"DATA, attempt=1"
1780652087.3006856,ACK_RECEIVED,5096,ACK
1780652087.3009405,SEND,5097,"DATA, attempt=1"
1780652087.3026252,ACK_RECEIVED,5097,ACK
1780652087.3028479,SEND,5098,"DATA, attempt=1"
1780652087.3042257,ACK_RECEIVED,5098,ACK
1780652087.3044322,SEND,5099,"DATA, attempt=1"
1780652087.305819,ACK_RECEIVED,5099,ACK
1780652087.3059962,SEND,5100,"DATA, attempt=1"
1780652087.3068352,ACK_RECEIVED,5100,ACK
1780652087.3070843,SEND,5101,"DATA, attempt=1"
1780652087.3079312,ACK_RECEIVED,5101,ACK
1780652087.3081715,SEND,5102,"DATA, attempt=1"
1780652087.3089614,ACK_RECEIVED,5102,ACK
1780652087.309099,SEND,5103,"DATA, attempt=1"
1780652087.3099687,ACK_RECEIVED,5103,ACK
1780652087.3101432,SEND,5104,"DATA, attempt=1"
1780652087.3112807,ACK_RECEIVED,5104,ACK
1780652087.3115284,SEND,5105,"DATA, attempt=1"
1780652087.3123012,ACK_RECEIVED,5105,ACK
1780652087.312494,SEND,5106,"DATA, attempt=1"
1780652087.3130887,ACK_RECEIVED,5106,ACK
1780652087.3133435,SEND,5107,"DATA, attempt=1"
1780652087.3140717,ACK_RECEIVED,5107,ACK
1780652087.3142545,SEND,5108,"DATA, attempt=1"
1780652087.314819,ACK_RECEIVED,5108,ACK
1780652087.31502,SEND,5109,"DATA, attempt=1"
1780652087.3165052,ACK_RECEIVED,5109,ACK
1780652087.3166196,SEND,5110,"DATA, attempt=1"
1780652087.3177128,ACK_RECEIVED,5110,ACK
1780652087.3181386,SEND,5111,"DATA, attempt=1"
1780652087.3200543,ACK_RECEIVED,5111,ACK
1780652087.3205965,SEND,5112,"DATA, attempt=1"
1780652087.321914,ACK_RECEIVED,5112,ACK
1780652087.322062,SEND,5113,"DATA, attempt=1"
1780652087.3231046,ACK_RECEIVED,5113,ACK
1780652087.3232522,SEND,5114,"DATA, attempt=1"
1780652087.3239,ACK_RECEIVED,5114,ACK
1780652087.3240268,SEND,5115,"DATA, attempt=1"
1780652087.3245618,ACK_RECEIVED,5115,ACK
1780652087.324745,SEND,5116,"DATA, attempt=1"
1780652087.3253024,ACK_RECEIVED,5116,ACK
1780652087.3255246,SEND,5117,"DATA, attempt=1"
1780652087.3264067,ACK_RECEIVED,5117,ACK
1780652087.326534,SEND,5118,"DATA, attempt=1"
1780652087.3270686,ACK_RECEIVED,5118,ACK
1780652087.3271873,SEND,5119,"DATA, attempt=1"
1780652087.327708,ACK_RECEIVED,5119,ACK
1780652087.3278587,SEND,5120,"DATA, attempt=1"
1780652087.3286412,ACK_RECEIVED,5120,ACK
1780652087.3292964,SEND,5121,"DATA, attempt=1"
1780652087.3302162,ACK_RECEIVED,5121,ACK
1780652087.3306143,SEND,5122,"END, attempt=1"
1780652087.3746846,ACK_RECEIVED,5122,OK
1780652087.3747258,TRANSFER_COMPLETE,5122,elapsed=6.50s
